Discipline,Course_Name,Instructor_Name,Institute_Name,Course_URL
Aerospace Engineering,NOC:Introduction To Launch Vehicle Analysis And Design,Prof. Ashok Joshi,IIT Bombay,https://nptel.ac.in/courses/101101086
Aerospace Engineering,NOC:Lighter Than Air Systems,Prof. Rajkumar Pant,IIT Bombay,https://nptel.ac.in/courses/101101087
Aerospace Engineering,NOC:Air Transportation: An Overview,Prof. Rajkumar Sureshchandra Pant,IIT Bombay,https://nptel.ac.in/courses/101101805
Aerospace Engineering,NOC:Engineering Thermodynamics,Prof. D.P. Mishra,IIT Kanpur,https://nptel.ac.in/courses/101104063
Aerospace Engineering,NOC:Introduction To Ancient Indian Technology,Prof. D.P. Mishra,IIT Kanpur,https://nptel.ac.in/courses/101104065
Aerospace Engineering,NOC:Introduction To Experiments In Flight,Prof. A.K.Ghosh,IIT Kanpur,https://nptel.ac.in/courses/101104066
Aerospace Engineering,NOC:Engineering Thermodynamics,Prof. Jayant K. Singh,IIT Kanpur,https://nptel.ac.in/courses/101104067
Aerospace Engineering,NOC:Aircraft Design,Prof. A.K.Ghosh,IIT Kanpur,https://nptel.ac.in/courses/101104069
Aerospace Engineering,NOC:Computational Science In Engineering,Prof. Ashok De,IIT Kanpur,https://nptel.ac.in/courses/101104086
Aerospace Engineering,NOC:Introduction To Aircraft Control System,Prof. Dipak Kumar Giri,IIT Kanpur,https://nptel.ac.in/courses/101104330
Aerospace Engineering,NOC:Advanced Aircraft Control Systems With MATLAB/SIMULINK,"Prof. Dipak Kumar Giri, Prof. Prabhjeet Singh",IIT Kanpur,https://nptel.ac.in/courses/101104545
Aerospace Engineering,NOC:Wind Energy,Prof. Ashoke De,IIT Kanpur,https://nptel.ac.in/courses/101104546
Aerospace Engineering,NOC:Computational Gas Dynamics,"Prof. Niranjan Sahoo, Prof. Rajesh Ranjan",IIT Kanpur IIT Guwahati,https://nptel.ac.in/courses/101104806
Aerospace Engineering,NOC:Aeromechanics Of Unmanned Aerial Vehicles / Drones,Prof.Abhishek,IIT Kanpur,https://nptel.ac.in/courses/101104807
Aerospace Engineering,NOC:Fluid Mechanics,Prof. Sanjay Mittal,IIT Kanpur,https://nptel.ac.in/courses/101104808
Aerospace Engineering,NOC:Fundamentals Of Theoretical And Experimental Aerodynamics,Prof. Arnab Roy,IIT Kharagpur,https://nptel.ac.in/courses/101105088
Aerospace Engineering,NOC:Aeroengine Gas Turbine Cycles,Prof. Chetankumar Sureshbhai Mistry,IIT Kharagpur,https://nptel.ac.in/courses/101105091
Aerospace Engineering,NOC:Combustion Of Solid Fuels And Propellants,Prof. Srinibas Karmakar,IIT Kharagpur,https://nptel.ac.in/courses/101105331
Aerospace Engineering,NOC:Aerospace Structural Analysis,Prof. Mira Mitra,IIT Kharagpur,https://nptel.ac.in/courses/101105332
Aerospace Engineering,NOC:Fundamentals Of Supersonic And Hypersonic Flow,Prof. Arnab Roy,IIT Kharagpur,https://nptel.ac.in/courses/101105333
Aerospace Engineering,NOC:Gasdynamics: Fundamentals And Applications,Prof. Srisha Rao M V,IISc Bangalore,https://nptel.ac.in/courses/101108086
Aerospace Engineering,Introduction To Aerospace Propulsion,"Prof. A M Pradeep , Prof. Bhaskar Roy",IIT Bombay,https://nptel.ac.in/courses/101101001
Aerospace Engineering,Jet Aircraft Propulsion,"Prof. A M Pradeep , Prof. Bhaskar Roy",IIT Bombay,https://nptel.ac.in/courses/101101002
Aerospace Engineering,Turbomachinery Aerodynamics,"Prof. A M Pradeep , Prof. Bhaskar Roy",IIT Bombay,https://nptel.ac.in/courses/101101058
Aerospace Engineering,NOC:Introduction To Aerospace Engineering,Prof. Rajkumar S. Pant,IIT Bombay,https://nptel.ac.in/courses/101101079
Aerospace Engineering,NOC:Introduction To Aircraft Design,Prof. Rajkumar S. Pant,IIT Bombay,https://nptel.ac.in/courses/101101083
Aerospace Engineering,NOC:Elements Of Mechanical Vibration,Prof. Ashish K Darpe,IIT Delhi,https://nptel.ac.in/courses/101102090
Aerospace Engineering,Hypersonic Aerodynamics,"Dr. N. Sahoo, Dr. Vinayak Kulkarni",IIT Guwahati,https://nptel.ac.in/courses/101103003
Aerospace Engineering,Principles Of Fluid Dynamics,"Dr. N. Sahoo, Dr. Vinayak Kulkarni",IIT Guwahati,https://nptel.ac.in/courses/101103004
Aerospace Engineering,Aero Elasticity,Prof. C. Venkatesan,IIT Kanpur,https://nptel.ac.in/courses/101104005
Aerospace Engineering,"Aircraft Performance, Stability And Control With Experiments In Flight","Dr. A.K. Ghosh, Dr. Deepu Philip, Mr.Yogendra Singh",IIT Kanpur,https://nptel.ac.in/courses/101104007
Aerospace Engineering,Composite Materials And Structures,Dr. P.M. Mohite,IIT Kanpur,https://nptel.ac.in/courses/101104010
Aerospace Engineering,Foundation Of Scientific Computing,Prof. Tapan K. Sengupta,IIT Kanpur,https://nptel.ac.in/courses/101104013
Aerospace Engineering,Fundamentals Of Combustion,Dr. D.P. Mishra,IIT Kanpur,https://nptel.ac.in/courses/101104014
Aerospace Engineering,Instability And Transition Of Fluid Flows,Prof. Tapan K. Sengupta,IIT Kanpur,https://nptel.ac.in/courses/101104015
Aerospace Engineering,Introduction To Helicopter Aerodynamics And Dynamics,"Prof. A.R. Manjunath, Prof. C. Venkatesan",IIT Kanpur,https://nptel.ac.in/courses/101104017
Aerospace Engineering,NOC:Introduction To Propulsion,Prof. D. P. Mishra,IIT Kanpur,https://nptel.ac.in/courses/101104018
Aerospace Engineering,Jet And Rocket Propulsion,Dr. A. Kushari,IIT Kanpur,https://nptel.ac.in/courses/101104019
Aerospace Engineering,NOC:Introduction To Airplane Performance,Prof. A K Ghosh,IIT Kanpur,https://nptel.ac.in/courses/101104061
Aerospace Engineering,NOC:Aircraft Stability And Control,Prof. A K Ghosh,IIT Kanpur,https://nptel.ac.in/courses/101104062
Aerospace Engineering,NOC:Aircraft Dynamic Stability & Design Stability Augmentation System,Prof. A. K. Ghosh,IIT Kanpur,https://nptel.ac.in/courses/101104064
Aerospace Engineering,NOC:Fundamentals Of Combustion - I,Prof . D. P. Mishra,IIT Kanpur,https://nptel.ac.in/courses/101104070
Aerospace Engineering,NOC:Aircraft Maintenance,Dr. A.K. Ghosh,IIT Kanpur,https://nptel.ac.in/courses/101104071
Aerospace Engineering,NOC:Fundamentals Of Combustion (Part 2),Prof. D. P. Mishra,IIT Kanpur,https://nptel.ac.in/courses/101104072
Aerospace Engineering,NOC:Design Of Fixed Wing Unmanned Aerial Vehicles,Prof. Saderla Subrahmanyam,IIT Kanpur,https://nptel.ac.in/courses/101104073
Aerospace Engineering,NOC:Introduction To Finite Volume Methods I,Prof. Ashoke De,IIT Kanpur,https://nptel.ac.in/courses/101104074
Aerospace Engineering,NOC:Advance Aircraft Maintenance,"Dr. A.K. Ghosh, Mr. V. Mathur",IIT Kanpur,https://nptel.ac.in/courses/101104075
Aerospace Engineering,NOC:Introduction To Finite Volume Methods II,Prof. Ashoke De,IIT Kanpur,https://nptel.ac.in/courses/101104076
Aerospace Engineering,NOC:Introduction To Rocket Propulsion,Prof. D. P. Mishra,IIT Kanpur,https://nptel.ac.in/courses/101104078
Aerospace Engineering,NOC:UAV Design - Part II,Prof. Saderla Subrahmanyam,IIT Kanpur,https://nptel.ac.in/courses/101104083
Aerospace Engineering,NOC:Introduction To Airbreathing Propulsion,Prof. Ashoke De,IIT Kanpur,https://nptel.ac.in/courses/101104084
Aerospace Engineering,NOC:Applied Computational Fluid Dynamics,Prof. Rajesh Ranjan,IIT Kanpur,https://nptel.ac.in/courses/101104450
Aerospace Engineering,NOC:Space Environment And Its Effects On Orbital Spacecrafts,Prof. Soumyabrata Chakrabarty,IIT Kanpur,https://nptel.ac.in/courses/101104796
Aerospace Engineering,Aircraft Structural Dynamics,"Dr. Anup Ghosh, Dr. D.K. Maiti",IIT Kharagpur,https://nptel.ac.in/courses/101105022
Aerospace Engineering,High Speed Aero Dynamics,Dr. K.P. Sinhamahapatra,IIT Kharagpur,https://nptel.ac.in/courses/101105023
Aerospace Engineering,High Speed Aero Dynamics,Dr. K.P. Sinhamahapatra,IIT Kharagpur,https://nptel.ac.in/courses/101105024
Aerospace Engineering,Space Flight Mechanics,Dr. Manoranjan Sinha,IIT Kharagpur,https://nptel.ac.in/courses/101105029
Aerospace Engineering,Space Flight Mechanics,Dr. Manoranjan Sinha,IIT Kharagpur,https://nptel.ac.in/courses/101105030
Aerospace Engineering,Introduction To Aerodynamics,Dr. K.P. Sinhamahapatra,IIT Kharagpur,https://nptel.ac.in/courses/101105059
Aerospace Engineering,NOC:Satellite Attitude Dynamics And Control,Prof. Manoranjan Sinha,IIT Kharagpur,https://nptel.ac.in/courses/101105077
Aerospace Engineering,NOC:Vibration And Structural Dynamics,Prof. Mira Mitra,IIT Kharagpur,https://nptel.ac.in/courses/101105081
Aerospace Engineering,NOC:Space Flight Mechanics,Prof. Manoranjan Sinha,IIT Kharagpur,https://nptel.ac.in/courses/101105083
Aerospace Engineering,NOC:Aircraft Structures - I,Prof. Anup Ghosh,IIT Kharagpur,https://nptel.ac.in/courses/101105084
Aerospace Engineering,NOC:Introduction To CFD,Prof. Arnab Roy,IIT Kharagpur,https://nptel.ac.in/courses/101105085
Aerospace Engineering,NOC:Aerodynamic Design Of Axial Flow Compressors & Fans,Prof. Chetankumar Sureshbhai Mistry,IIT Kharagpur,https://nptel.ac.in/courses/101105089
Aerospace Engineering,NOC:Smart Structures,Prof. Mohammed Rabius Sunny,IIT Kharagpur,https://nptel.ac.in/courses/101105090
Aerospace Engineering,NOC:Industrial Aerodynamics,Prof. Sunil Manohar Dash,IIT Kharagpur,https://nptel.ac.in/courses/101105660
Aerospace Engineering,NOC:Mechanics Of Composite Materials And Structures,Prof. Mohammed Rabius Sunny,IIT Kharagpur,https://nptel.ac.in/courses/101105662
Aerospace Engineering,Acoustic Instabilities In Aerospace Propulsion,Prof. R.I. Sujith,IIT Madras,https://nptel.ac.in/courses/101106031
Aerospace Engineering,Aerospace Propulsion,Dr. P.A. Ramakrishna,IIT Madras,https://nptel.ac.in/courses/101106033
Aerospace Engineering,Airplane Design (Aerodynamic),Prof. E.G. Tulapurkara,IIT Madras,https://nptel.ac.in/courses/101106035
Aerospace Engineering,Combustion,Prof. S.R. Chakravarthy,IIT Madras,https://nptel.ac.in/courses/101106037
Aerospace Engineering,Composite Materials,Prof. R. Velmurugan,IIT Madras,https://nptel.ac.in/courses/101106038
Aerospace Engineering,Experimental Gas/Aerodynamics,Prof. Job Kurian,IIT Madras,https://nptel.ac.in/courses/101106040
Aerospace Engineering,Flight Dynamics I - Airplane Performance,Prof. E.G. Tulapurkara,IIT Madras,https://nptel.ac.in/courses/101106041
Aerospace Engineering,Flight Dynamics II (Stability),Dr. Nandan Kumar Sinha,IIT Madras,https://nptel.ac.in/courses/101106042
Aerospace Engineering,Flight Dynamics II - Airplane Stability And Control,Prof. E.G. Tulapurkara,IIT Madras,https://nptel.ac.in/courses/101106043
Aerospace Engineering,Gas Dynamics,Dr. T.M. Muruganandam,IIT Madras,https://nptel.ac.in/courses/101106044
Aerospace Engineering,Introduction To CFD,Prof. M. Ramakrishna,IIT Madras,https://nptel.ac.in/courses/101106045
Aerospace Engineering,Space Technology,"Dr. Amit Kumar, Dr. Nandan Kumar Sinha",IIT Madras,https://nptel.ac.in/courses/101106046
Aerospace Engineering,Introduction To Turbulent Flows And Their Prediction,Prof. E.G. Tulapurkara,IIT Madras,https://nptel.ac.in/courses/101106060
Aerospace Engineering,NOC:Rocket Propulsion,"Prof. K. Ramamurthi, Prof. P.A. Ramakrishna",IIT Madras,https://nptel.ac.in/courses/101106082
Aerospace Engineering,Advanced Control System Design For Aerospace Vehicles,Dr. Radhakant Padhi,IISc Bangalore,https://nptel.ac.in/courses/101108047
Aerospace Engineering,Guidance Of Missiles,Prof. Debasish Ghose,IISc Bangalore,https://nptel.ac.in/courses/101108054
Aerospace Engineering,"Navigation, Guidance, And Control",Prof. Debasish Ghose,IISc Bangalore,https://nptel.ac.in/courses/101108056
Aerospace Engineering,"Optimal Control, Guidance And Estimation",Dr. Radhakant Padhi,IISc Bangalore,https://nptel.ac.in/courses/101108057
Aerospace Engineering,NOC:Combustion In Air Breathing Aero Engines,Prof. Swetaprovo Chaudhuri,IISc Bangalore,https://nptel.ac.in/courses/101108068
Aerospace Engineering,NOC:Drone Systems And Control,Prof. Suresh Sundaram,IISc Bangalore,https://nptel.ac.in/courses/101108661
Biotechnology,NOC:Mass Spectrometry Based Proteomics,Prof. Prof. Sanjeeva Srivastava,IIT Bombay,https://nptel.ac.in/courses/102101050
Biotechnology,NOC:Introductory Mathematical Methods For Biologists,Prof. Ranjit Padinhateeri,IIT Bombay,https://nptel.ac.in/courses/102101067
Biotechnology,NOC:Bioengineering: An Interface With Biology And Medicine,Prof. Sanjeeva Srivastava,IIT Bombay,https://nptel.ac.in/courses/102101068
Biotechnology,NOC:Interactomics : Basics & Applications,Prof. Sanjeeva Srivastava,IIT Bombay,https://nptel.ac.in/courses/102101082
Biotechnology,NOC:Maternal Infant Young Child Nutrition,Prof. Rupal Dalal,IIT Bombay,https://nptel.ac.in/courses/102101091
Biotechnology,NOC: Maternal Infant Young Child Nutrition (Hindi) मातृ शिशु युवा बाल पोषण,Prof. Rupal Dalal,IIT Bombay,https://nptel.ac.in/courses/102101097
Biotechnology,NOC:Healthcare Entrepreneurship,Prof. Arnab Chanda,IIT Delhi,https://nptel.ac.in/courses/102102817
Biotechnology,NOC:Biointerface Engineering,Prof. Lalit M. Pandey,IIT Guwahati,https://nptel.ac.in/courses/102103086
Biotechnology,NOC:Basics Of Biology,Prof. Vishal Trivedi,IIT Guwahati,https://nptel.ac.in/courses/102103091
Biotechnology,NOC:Data Analysis For Biologists,Prof. Biplab Bose,IIT Guwahati,https://nptel.ac.in/courses/102103092
Biotechnology,NOC:Enzyme Sciences And Technology,Prof. Vishal Trivedi,IIT Guwahati,https://nptel.ac.in/courses/102103097
Biotechnology,NOC:Molecular Biology,Prof. Vishal Trivedi,IIT Guwahati,https://nptel.ac.in/courses/102103341
Biotechnology,NOC:Microbial Biotechnology,Prof. Utpal Bora,IIT Guwahati,https://nptel.ac.in/courses/102103555
Biotechnology,NOC:Bioelectrochemistry,Prof. Mainak Das,IIT Kanpur,https://nptel.ac.in/courses/102104062
Biotechnology,NOC:Nanotechnology In Agriculture,Prof. Mainak Das,IIT Kanpur,https://nptel.ac.in/courses/102104069
Biotechnology,NOC:Forests And Their Management,Prof. Ankur Awadhiya,IIT Kanpur,https://nptel.ac.in/courses/102104082
Biotechnology,NOC:Conservation Economics,Prof. Ankur Awadhiya,IIT Kanpur,https://nptel.ac.in/courses/102104086
Biotechnology,NOC:Metabolic Engineering,"Prof. Amit Ghosh, Prof. Pinaki Sar",IIT Kharagpur,https://nptel.ac.in/courses/102105086
Biotechnology,NOC:Environmental Chemistry And Microbiology,"Prof. Anjali Pal, Prof. Sudha Goel",IIT Kharagpur,https://nptel.ac.in/courses/102105087
Biotechnology,NOC:Pharmacognosy & Metabolic Engineering,Prof. Adinpunya Mitra,IIT Kharagpur,https://nptel.ac.in/courses/102105342
Biotechnology,NOC:Introduction To Complex Biological Systems,"Prof. Dibyendu Samanta, Prof. Soumya De",IIT Kharagpur,https://nptel.ac.in/courses/102105554
Biotechnology,NOC:Biological Data Analysis And Visualization With R,Prof. Riddhiman Dhar,IIT Kharagpur,https://nptel.ac.in/courses/102105556
Biotechnology,NOC:Biostatistics And Design Of Experiments,Prof. Mukesh Doble,IIT Madras,https://nptel.ac.in/courses/102106051
Biotechnology,NOC:Medical Biomaterials,Prof. Mukesh Doble,IIT Madras,https://nptel.ac.in/courses/102106057
Biotechnology,NOC:BioInformatics:Algorithms And Applications,Prof. Michael Gromiha,IIT Madras,https://nptel.ac.in/courses/102106065
Biotechnology,NOC:Demystifying The Brain,Prof. Srinivas Chakravarthy,IIT Madras,https://nptel.ac.in/courses/102106066
Biotechnology,NOC:Computational Systems Biology,Prof. Karthik Raman,IIT Madras,https://nptel.ac.in/courses/102106068
Biotechnology,NOC:Material And Energy Balances,Prof.Vignesh Muthuvijayan,IIT Madras,https://nptel.ac.in/courses/102106069
Biotechnology,NOC:Thermodynamics For Biological Systems : Classical And Statistical Aspects,"Prof. G.K. Suraishkumar, Prof. Sanjib Senapati",IIT Madras,https://nptel.ac.in/courses/102106082
Biotechnology,NOC:Bioreactor Design And Analysis,Prof. Smita Srivastava,IIT Madras,https://nptel.ac.in/courses/102106086
Biotechnology,NOC:Biochemistry _ IITM,Prof. Subramaniam K,IIT Madras,https://nptel.ac.in/courses/102106087
Biotechnology,NOC:RNA Biology,Prof. Rajesh Ramachandran,IISER Mohali,https://nptel.ac.in/courses/102106097
Biotechnology,NOC:Biomechanics,Prof. Varadhan,IIT Madras,https://nptel.ac.in/courses/102106098
Biotechnology,NOC:Computational Genomics,Prof. Vineet Kumar Sharma,IISER Bhopal,https://nptel.ac.in/courses/102106339
Biotechnology,NOC:Human Physiology,Prof. Nishikant Subhedar,IISER Pune,https://nptel.ac.in/courses/102106340
Biotechnology,NOC:Classics In Neuroscience,Prof.Varadhan SKM,IIT Madras,https://nptel.ac.in/courses/102106345
Biotechnology,NOC:Advanced Fluorescence Microscopy And Image Processing,Prof. Gunjan Mehta,IIT Hyderabad,https://nptel.ac.in/courses/102106553
Biotechnology,NOC:Mass Spectrometry And Its Application In Molecular Medicine,Prof. Amit Kumar Mandal,IISER Kolkata,https://nptel.ac.in/courses/102106818
Biotechnology,NOC:Introduction To Cardiovascular Mechanics,Prof. Anand Mohan,IIT Hyderabad,https://nptel.ac.in/courses/102106819
Biotechnology,"NOC:Polymeric Biomaterials: Structure, Properties, Function And Performance",Prof. Satyavrata Samavedi,IIT Hyderabad,https://nptel.ac.in/courses/102106820
Biotechnology,NOC:Animal Transgenesis: Principles And Methods,Prof. Himanshu Kumar,IISER Bhopal,https://nptel.ac.in/courses/102106821
Biotechnology,NOC:Plant Developmental Biology,Prof. Shri Ram Yadav,IIT Roorkee,https://nptel.ac.in/courses/102107075
Biotechnology,NOC:Structural Biology,Prof. Saugata Hazra,IIT Roorkee,https://nptel.ac.in/courses/102107086
Biotechnology,NOC:Experimental Nanobiotechnology,Prof. P.Gopinath,IIT Roorkee,https://nptel.ac.in/courses/102107557
Biotechnology,NOC:Optical Spectroscopy And Microscopy : Fundamentals Of Optical Measurements And Instrumentation,Prof. Balaji Jayaprakash,IISc Bangalore,https://nptel.ac.in/courses/102108082
Biotechnology,"NOC:Cell Biology: Cellular Organization, Division And Processes",Prof. Shikha Laloraya,IISc Bangalore,https://nptel.ac.in/courses/102108086
Biotechnology,"NOC:Microsensors, Implantable Devices And Rodent Surgeries For Biomedical Applications","Prof. Hardik J. Pandya, Prof. Shabari Girishan K V",RUAS IISc,https://nptel.ac.in/courses/102108344
Biotechnology,NOC:Host-Pathogen Interaction (Immunology),Prof. Himanshu Kumar,IISER Bhopal,https://nptel.ac.in/courses/109106198
Biotechnology,NOC:Cognition And Its Computation,"Prof. Rajlakshmi Guha, Prof. Sharba Bandyopadhyay",IIT Kharagpur,https://nptel.ac.in/courses/108105185
Biotechnology,Biomathematics,Dr. Ranjith Padinhateeri,IIT Bombay,https://nptel.ac.in/courses/102101003
Biotechnology,Proteomics: Principles And Techniques,Prof. Sanjeeva Srivastava,IIT Bombay,https://nptel.ac.in/courses/102101007
Biotechnology,Advanced Clinical Proteomics,Prof. Sanjeeva Srivastava,IIT Bombay,https://nptel.ac.in/courses/102101040
Biotechnology,NOC:Proteins And Gel-Based Proteomics,Prof. Sanjeeva Srivastava,IIT Bombay,https://nptel.ac.in/courses/102101049
Biotechnology,NOC:Interactomics,Prof. Sanjeeva Srivastava,IIT Bombay,https://nptel.ac.in/courses/102101054
Biotechnology,NOC:Introduction To Proteomics,Prof. Sanjeeva Srivastava,IIT Bombay,https://nptel.ac.in/courses/102101055
Biotechnology,NOC:Introduction To Biostatistics,Prof. Shamik Sen,IIT Bombay,https://nptel.ac.in/courses/102101056
Biotechnology,NOC:Introduction To Mechanobiology,Prof. Shamik Sen,IIT Bombay,https://nptel.ac.in/courses/102101058
Biotechnology,NOC:Applications Of Interactomics Using Genomics And Proteomics Technologies,Prof. Sanjeeva Srivastav,IIT Bombay,https://nptel.ac.in/courses/102101072
Biotechnology,NOC:Introduction To Proteogenomics,Prof. Sanjeeva Srivastava,IIT Bombay,https://nptel.ac.in/courses/102101076
Biotechnology,Enzyme Science And Engineering,Prof. Subhash Chand,IIT Delhi,https://nptel.ac.in/courses/102102033
Biotechnology,Cell Biology,Dr. Sanjukta Patra,IIT Guwahati,https://nptel.ac.in/courses/102103012
Biotechnology,Genetic Engineering & Applications,Dr. Utpal Bora,IIT Guwahati,https://nptel.ac.in/courses/102103013
Biotechnology,Microbiology,Dr. Gurvinder Kaur Saini,IIT Guwahati,https://nptel.ac.in/courses/102103015
Biotechnology,Plant Biotechnology,Dr. Rakhi Chaturvedi,IIT Guwahati,https://nptel.ac.in/courses/102103016
Biotechnology,Proteomics And Genomics,Dr. Vikash Kumar Dubey,IIT Guwahati,https://nptel.ac.in/courses/102103017
Biotechnology,Cellular And Molecular Immunology,Dr. Sachin Kumar,IIT Guwahati,https://nptel.ac.in/courses/102103038
Biotechnology,General Virology,Dr. Sachin Kumar,IIT Guwahati,https://nptel.ac.in/courses/102103039
Biotechnology,Gene Therapy,Dr. Sachin Kumar,IIT Guwahati,https://nptel.ac.in/courses/102103041
Biotechnology,Bioanalytical Techniques And Bioinformatics,"Dr. Nitin Chaudhary, Dr. Vishal Trivedi",IIT Guwahati,https://nptel.ac.in/courses/102103044
Biotechnology,Fundamentals Of Biotechnology,Dr. Vishal Trivedi,IIT Guwahati,https://nptel.ac.in/courses/102103045
Biotechnology,Experimental Biotechnology,"Dr. Nitin Chaudhary, Dr. Vishal Trivedi",IIT Guwahati,https://nptel.ac.in/courses/102103047
Biotechnology,NOC:Introduction To Dynamical Models In Biology,Prof. Biplab Bose,IIT Guwahati,https://nptel.ac.in/courses/102103056
Biotechnology,NOC:Genetic Engineering: Theory And Application,Prof. Vishal Trivedi,IIT Guwahati,https://nptel.ac.in/courses/102103074
Biotechnology,NOC:Experimental Biotechnology,Prof. Vishal Trivedi,IIT Guwahati,https://nptel.ac.in/courses/102103083
Biotechnology,NOC:Genome Editing And Engineering,Prof. Utpal Bora,IIT Guwahati,https://nptel.ac.in/courses/102103093
Biotechnology,NOC:Cell And Molecular Biology,Prof. Vishal Trivedi,IIT Guwahati,https://nptel.ac.in/courses/102103671
Biotechnology,NOC:Fundamentals Of Bioprocess Engineering,Prof. Lalit Pandey,IIT Guwahati,https://nptel.ac.in/courses/102103672
Biotechnology,NOC:Animal Physiology,Prof. Mainak Das,IIT Kanpur,https://nptel.ac.in/courses/102104042
Biotechnology,NOC:Bio Electricity,Prof. Mainak Das,IIT Kanpur,https://nptel.ac.in/courses/102104043
Biotechnology,NOC:Human Molecular Genetics,Prof. S. Ganesh,IIT Kanpur,https://nptel.ac.in/courses/102104052
Biotechnology,NOC:Functional Genomics,Prof. S.Ganesh,IIT Kanpur,https://nptel.ac.in/courses/102104056
Biotechnology,NOC:Bioenergy,Prof. Mainak Das,IIT Kanpur,https://nptel.ac.in/courses/102104057
Biotechnology,NOC:Animal Physiology,Prof. Mainak Das,IIT Kanpur,https://nptel.ac.in/courses/102104058
Biotechnology,NOC:Cell Culture Technologies,Prof. Mainak Das,IIT Kanpur,https://nptel.ac.in/courses/102104059
Biotechnology,NOC:Forest Biometry,Prof. Ankur Awadhiya,IIT Kanpur,https://nptel.ac.in/courses/102104060
Biotechnology,NOC:Introduction To Professional Scientific Communication,Prof. S. Ganesh,IIT Kanpur,https://nptel.ac.in/courses/102104061
Biotechnology,NOC:Bioenergetics Of Life Processes,Prof. Mainak Das,IIT Kanpur,https://nptel.ac.in/courses/102104063
Biotechnology,NOC:WildLife Conservation,Prof. Ankur Awadhiya,IIT Kanpur,https://nptel.ac.in/courses/102104068
Biotechnology,NOC:Neurobiology,Prof. Nitin Gupta,IIT Kanpur,https://nptel.ac.in/courses/102104099
Biotechnology,NOC:Design For Biosecurity,Prof. Mainak Das,IIT Kanpur,https://nptel.ac.in/courses/102104459
Biotechnology,NOC:Industrial Biotechnology,Prof. Debabrata Das,IIT Kharagpur,https://nptel.ac.in/courses/102105058
Biotechnology,NOC:Aspects Of Biochemical Engineering,Prof. Debabrata Das,IIT Kharagpur,https://nptel.ac.in/courses/102105064
Biotechnology,NOC:Biomicrofluidics,"Prof. Suman Chakraborty, Prof. Tapas Kumar Maiti",IIT Kharagpur,https://nptel.ac.in/courses/102105068
Biotechnology,NOC:Immunology,"Prof. Agneyo Ganguly, Prof. Sudip Kumar Ghosh",IIT Kharagpur,https://nptel.ac.in/courses/102105083
Biotechnology,NOC:Environmental Biotechnology,Prof. Pinaki Sar,IIT Kharagpur,https://nptel.ac.in/courses/102105088
Biotechnology,NOC:Introduction To Biomedical Imaging Systems,Prof. Arun K. Thittai,IIT Madras,https://nptel.ac.in/courses/102105090
Biotechnology,NOC:Next Generation Sequencing Technologies : Data Analysis And Applications,Prof. Riddhiman Dhar,IIT Kharagpur,https://nptel.ac.in/courses/102105099
Biotechnology,NOC:Computational Neuroscience,Prof. Sharba Bandyopadhyay,IIT Kharagpur,https://nptel.ac.in/courses/102105100
Biotechnology,NOC:Electrophysiology Of Heart,Prof. Arijita Banerjee,IIT Kharagpur,https://nptel.ac.in/courses/102105101
Biotechnology,NOC:Principles Of Downstream Techniques In Bioprocess,Prof. Mukesh Doble,IIT Madras,https://nptel.ac.in/courses/102106022
Biotechnology,Introduction To Computational Neuroscience,Dr. V Srinivasa Chakravarthy,IIT Madras,https://nptel.ac.in/courses/102106023
Biotechnology,Molecular Cell Biology,Prof. Devarajan Karunagaran,IIT Madras,https://nptel.ac.in/courses/102106025
Biotechnology,Thermodynamics,Prof. G.K. Suraishkumar,IIT Madras,https://nptel.ac.in/courses/102106026
Biotechnology,Systems Biology,Dr. M. Vijayalakshmi,IIT Madras,https://nptel.ac.in/courses/102106035
Biotechnology,Tissue Engineering,Dr. S. Swaminathan,IIT Madras,https://nptel.ac.in/courses/102106036
Biotechnology,NOC:Principles Of Downstream Techniques In Bioprocess,Prof. Mukesh Doble,IIT Madras,https://nptel.ac.in/courses/102106048
Biotechnology,NOC:Bioreactors,Prof. G. K. Suraishkumar,IIT Madras,https://nptel.ac.in/courses/102106053
Biotechnology,NOC:Computer Aided Drug Design,Prof. Mukesh Doble,IIT Madras,https://nptel.ac.in/courses/102106070
Biotechnology,NOC:Plant Cell Bioprocessing,Prof. Smita Srivastava,IIT Madras,https://nptel.ac.in/courses/102106080
Biotechnology,NOC:Tissue Engineering,Prof. Vignesh Muthuvijayan,IIT Madras,https://nptel.ac.in/courses/102106081
Biotechnology,NOC:Transport Phenomena In Biological Systems,Prof. G. K. Suraishkumar,IIT Madras,https://nptel.ac.in/courses/102106083
Biotechnology,NOC:Introduction To Developmental Biology,Prof. Subramaniam K,IIT Madras,https://nptel.ac.in/courses/102106084
Biotechnology,NOC:Cellular Biophysics: A Framework For Quantitative Biology,Prof. Chaitanya A.Athale,IISER Pune,https://nptel.ac.in/courses/102106093
Biotechnology,NOC:Medical Image Analysis,Prof. Ganapathy Krishnamurthi,IIT Madras,https://nptel.ac.in/courses/102106094
Biotechnology,NOC:Organ Printing,Prof. Falguni Pati,IIT Hyderabad,https://nptel.ac.in/courses/102106095
Biotechnology,NOC:Introduction To Cell Biology,"Prof. Girish Ratnaparkhi, Prof. Nagaraj Balasubramanian",IISER Pune,https://nptel.ac.in/courses/102106096
Biotechnology,Introduction To Synthetic Biology,Prof. Karthik Raman,IIT Madras,https://nptel.ac.in/courses/102106102
Biotechnology,NOC:I Think Biology,"Prof. Divya Uma, Prof. Jayanti Ray Mukherjee, Prof. Kaustubh Rau, Prof. Prachi Gupta, Prof. Sravanti Uppaluri",Azim Premji University,https://nptel.ac.in/courses/102106343
Biotechnology,NOC:Advances In Omics,Prof. Nagarjun Vijay,IISER Bhopal,https://nptel.ac.in/courses/102106456
Biotechnology,NOC:Statistics For Biomedical Engineers,Prof. Babji Srinivasan,IIT Madras,https://nptel.ac.in/courses/102106457
Biotechnology,Cancer Biology,Prof. Karunagaran,IIT Madras,https://nptel.ac.in/courses/102106652
Biotechnology,Reactive Species In Medical And Related Technologies,Prof. GK Suraishkumar,IIT Madras,https://nptel.ac.in/courses/102106657
Biotechnology,NOC:Regeneration Biology,Prof. Rajesh Ramachandran,IISER Mohali,https://nptel.ac.in/courses/102106667
Biotechnology,NOC:Biomedical Instrumentation,Prof. Varadhan SKM,IIT Madras,https://nptel.ac.in/courses/102106669
Biotechnology,NOC:Human Physiology,Prof. Sudip Mukherjee,IIT (BHU) Varanasi,https://nptel.ac.in/courses/102106670
Biotechnology,NOC:Biological Engineering,Prof. Abhishek Suresh Dhoble,IIT (BHU) Varanasi,https://nptel.ac.in/courses/102106673
Biotechnology,NOC:An Introduction To Evolutionary Biology,Prof. Sutirth Dey,IISER Pune,https://nptel.ac.in/courses/102106751
Biotechnology,NOC:Cell Signaling,Prof. Ram Kumar Mishra,IISER Bhopal,https://nptel.ac.in/courses/102106752
Biotechnology,Analytical Technologies In Biotechnology,Dr. Ashwani K. Sharma,IIT Roorkee,https://nptel.ac.in/courses/102107028
Biotechnology,NOC:Biomedical Nanotechnology,Prof. P. Gopinath,IIT Roorkee,https://nptel.ac.in/courses/102107058
Biotechnology,NOC:Learning About Learning: A Course On Neurobiology Of Learning And Memory,Prof. Balaji Jayaprakash,IISc Bangalore,https://nptel.ac.in/courses/102108071
Biotechnology,NOC:Drug Delivery: Principles And Engineering,Prof. Rachit Agarwal,IISc Bangalore,https://nptel.ac.in/courses/102108077
Biotechnology,NOC:Fundamentals Of Cryo-Electron Microscopy (Cryo-EM) And 3D Image Processing In Structural Biology,Prof. Somnath Dutta,IISc Bangalore,https://nptel.ac.in/courses/102108668
Chemical Engineering,NOC:Heat Transfer,Prof. Ganesh Viswanathan,IIT Bombay,https://nptel.ac.in/courses/103101137
Chemical Engineering,NOC:Chemical Reaction Engineering II,Prof. Ganesh Viswanathan,IIT Bombay,https://nptel.ac.in/courses/103101141
Chemical Engineering,NOC:Modeling Stochastic Phenomena For Engineering Applications: Part-1,Prof. Yelia Shankaranarayana Mayya,IIT Bombay,https://nptel.ac.in/courses/103101354
Chemical Engineering,NOC:Computational Quantum Chemistry,Prof. Achintya Kumar Dutta,IIT Bombay,https://nptel.ac.in/courses/103101568
Chemical Engineering,NOC:Herbal Product Technology And Regulatory Science,"Prof. Galvina Ritesh Pereira, Prof. Mandar Bhalchandra Mulik, Prof. Swati Sanjay Patil","Institute Of Chemical Technology, Mumbai",https://nptel.ac.in/courses/103101835
Chemical Engineering,NOC:Computational Process Design,"Prof. Hariprasad Kodamana, Prof. Manojkumar Ramteke",IIT Delhi,https://nptel.ac.in/courses/103102352
Chemical Engineering,NOC:An Introduction To Cardiovascular Fluid Mechanics,Prof. Raghvendra Gupta,IIT Guwahati,https://nptel.ac.in/courses/103103133
Chemical Engineering,NOC:Multiphase Microfluidics,Prof. Raghvendra Gupta,IIT Guwahati,https://nptel.ac.in/courses/103103134
Chemical Engineering,NOC:Multiphase Flows,Prof. Rajesh Kumar Upadhyay,IIT(BHU) Varanasi,https://nptel.ac.in/courses/103103136
Chemical Engineering,NOC:Chemical Engineering Thermodynamics,Prof. Sasidhar Gumma,IIT Tirupati,https://nptel.ac.in/courses/103103144
Chemical Engineering,NOC:Fluid Flow Operations,Prof. Subrata Kumar Majumdar,IIT Guwahati,https://nptel.ac.in/courses/103103147
Chemical Engineering,NOC:Membrane Technology,Prof. Kaustubha Mohanty,IIT Guwahati,https://nptel.ac.in/courses/103103163
Chemical Engineering,NOC:Computer Aided Applied Single Objective Optimization,Prof. Prakash Kotecha,IIT Guwahati,https://nptel.ac.in/courses/103103164
Chemical Engineering,NOC:Basic Principles And Calculations In Chemical Engineering,Prof. Subrata Kumar Majumdar,IIT Guwahati,https://nptel.ac.in/courses/103103165
Chemical Engineering,"NOC:Renewable Energy Engineering: Solar, Wind And Biomass Energy Systems","Prof. R. Anandalakshmi, Prof. Vaibhav Vasant Goud",IIT Guwahati,https://nptel.ac.in/courses/103103206
Chemical Engineering,NOC:Biomass Conversion And Biorefinery,Prof. Kaustubha Mohanty,IIT Guwahati,https://nptel.ac.in/courses/103103207
Chemical Engineering,NOC:Aspen Plus Simulation Software - A Basic Course For Beginners,Prof. Prabirkumar Saha,IIT Guwahati,https://nptel.ac.in/courses/103103209
Chemical Engineering,NOC:Physical And Electrochemical Characterizations In Chemical Engineering,Prof. Tamal Banerjee,IIT Guwahati,https://nptel.ac.in/courses/103103211
Chemical Engineering,NOC:Chemical Process Technology,Prof. Tamal Banerjee,IIT Guwahati,https://nptel.ac.in/courses/103103217
Chemical Engineering,NOC:Applied Statistical Thermodynamics,Prof. Tamal Banerjee,IIT Guwahati,https://nptel.ac.in/courses/103103355
Chemical Engineering,NOC:Aspen Plus® Simulation Software - An Advanced Course For Learners,Prof. Prabirkumar Saha,IIT Guwahati,https://nptel.ac.in/courses/103103675
Chemical Engineering,NOC:Methods Of Adhesion Measurement For Pressure Sensitive Adhesives: Theory And Practice,Prof. Animangsu Ghatak,IIT Kanpur,https://nptel.ac.in/courses/103104569
Chemical Engineering,NOC:Introduction To Process Modeling In Membrane Separation Process,Prof. Sirshendu De,IIT Kharagpur,https://nptel.ac.in/courses/103105121
Chemical Engineering,NOC:Soft Nano Technology,Prof. Rabibrata Mukherjee,IIT Kharagpur,https://nptel.ac.in/courses/103105122
Chemical Engineering,NOC:Chemical Engineering Thermodynamics,Prof. Gargi Das,IIT Kharagpur,https://nptel.ac.in/courses/103105127
Chemical Engineering,NOC:Transport Phenomena,Prof. Sunando Dasgupta,IIT Kharagpur,https://nptel.ac.in/courses/103105128
Chemical Engineering,NOC:Chemical Process Instrumentation,Prof. Debasis Sarkar,IIT Kharagpur,https://nptel.ac.in/courses/103105130
Chemical Engineering,NOC:Chemical Engineering Fluid Dynamics And Heat Transfer,"Prof. Arnab Atta, Prof. Rabibrata Mukherjee",IIT Kharagpur,https://nptel.ac.in/courses/103105218
Chemical Engineering,"NOC:Characterization Of Polymers, Elastomers And Composites",Prof. Santanu Chattopadhyay,IIT Kharagpur,https://nptel.ac.in/courses/103105219
Chemical Engineering,NOC:Momentum Transfer In Fluids,"Prof. Somenath Ganguly, Prof. Sunando DasGupta",IIT Kharagpur,https://nptel.ac.in/courses/103105353
Chemical Engineering,NOC:Transport Processes And Modelling Of Sustainable Electrochemical Energy Systems,"Prof. Guy Ramon, Prof. Raka Mondal, Prof. Sirshendu De, Prof. Sourav Mondal",IIT Kharagpur And IIPE,https://nptel.ac.in/courses/103105836
Chemical Engineering,"NOC:Fundamental Of Carbon Capture, Utilization And Storage",Prof. Archana,IIT-ISM Dhanbad,https://nptel.ac.in/courses/103105837
Chemical Engineering,NOC:MATLAB Programming For Numerical Computation,Prof. Niket Kaisare,IIT Madras,https://nptel.ac.in/courses/103106118
Chemical Engineering,NOC:Computational Fluid Dynamics,Prof. Sreenivas Jayanti,IIT Madras,https://nptel.ac.in/courses/103106119
Chemical Engineering,NOC:Applied Time-Series Analysis,Prof. Arun K Tangirala,IIT Madras,https://nptel.ac.in/courses/103106123
Chemical Engineering,NOC:Environmental Quality Monitoring & Analysis,Prof. Ravi Krishna R,IIT Madras,https://nptel.ac.in/courses/103106162
Chemical Engineering,NOC:Interfacial Engineering,Prof. Manigandan,IIT Ropar,https://nptel.ac.in/courses/103106570
Chemical Engineering,NOC:General Pharmacology,Prof. Vinod Tiwari,IIT (BHU) Varanasi,https://nptel.ac.in/courses/103106838
Chemical Engineering,NOC:Principles And Practice Of Sleep Medicine,Multifaculty,Chettinad Hospital And Research Institute,https://nptel.ac.in/courses/103106839
Chemical Engineering,NOC:Waste To Energy Conversion,Prof. P. Mondal,IIT Roorkee,https://nptel.ac.in/courses/103107125
Chemical Engineering,NOC:Unit Operations Of Particulate Matter,Prof. Shabina Khanam,IIT Roorkee,https://nptel.ac.in/courses/103107127
Chemical Engineering,NOC:Polymer Reaction Engineering,Prof. Shishir Sinha,IIT Roorkee,https://nptel.ac.in/courses/103107206
Chemical Engineering,NOC:Process Equipment Design,Prof. Shabina Khanam,IIT Roorkee,https://nptel.ac.in/courses/103107207
Chemical Engineering,NOC:Advanced Thermodynamics And Molecular Simulations,Prof. Prateek Kumar Jha,IIT Roorkee,https://nptel.ac.in/courses/103107208
Chemical Engineering,NOC:Chemical Process Utilities,Prof. Shishir Sinha,IIT Roorkee,https://nptel.ac.in/courses/103107211
Chemical Engineering,NOC:Physico-Chemical Processes For Wastewater Treatment,Prof. Vimal Chandra Srivastava,IIT Roorkee,https://nptel.ac.in/courses/103107212
Chemical Engineering,NOC:Biological Process Design For Wastewater Treatment,Prof. Vimal Chandra Srivastava,IIT Roorkee,https://nptel.ac.in/courses/103107217
Chemical Engineering,NOC:Electrochemical Technology In Pollution Control,Prof. J. R. Mudakavi,IISc Bangalore,https://nptel.ac.in/courses/103108162
Chemical Engineering,NOC:Transport Processes,Prof. V Kumaran,IISc Bangalore,https://nptel.ac.in/courses/103108220
Chemical Engineering,NOC:Advanced Transport Processes,Prof. V. Kumaran,IISc Bangalore,https://nptel.ac.in/courses/103108834
Chemical Engineering,Advanced Chemical Reaction Engineering (PG),Prof. H.S. Shankar,IIT Bombay,https://nptel.ac.in/courses/103101001
Chemical Engineering,Advanced Process Control,Prof. Sachin C. Patwardhan,IIT Bombay,https://nptel.ac.in/courses/103101003
Chemical Engineering,Chemical Engineering Thermodynamics,Dr. Sandip Roy,IIT Bombay,https://nptel.ac.in/courses/103101004
Chemical Engineering,Chemical Reaction Engineering II,"Prof. A.K. Suresh, Prof. Ganesh A. Viswanathan, Prof. Sanjay M. Mahajani",IIT Bombay,https://nptel.ac.in/courses/103101008
Chemical Engineering,Advanced Numerical Analysis,Prof. Sachin C. Patwardhan,IIT Bombay,https://nptel.ac.in/courses/103101009
Chemical Engineering,Advanced Numerical Analysis,Prof. Sachin C. Patwardhan,IIT Bombay,https://nptel.ac.in/courses/103101111
Chemical Engineering,NOC:Introduction To Evolutionary Dynamics,Prof. Supreet Saini,IIT Bombay,https://nptel.ac.in/courses/103101127
Chemical Engineering,NOC:Chemical Process Control,Prof. Sujit Jogwar,IIT Bombay,https://nptel.ac.in/courses/103101142
Chemical Engineering,NOC:Introduction To Interfacial Waves,Prof. Ratul Dasgupta,IIT Bombay,https://nptel.ac.in/courses/103101209
Chemical Engineering,"NOC:Hydrogen Energy: Production, Storage, Transportation And Safety",Prof. Pratibha Sharma,IIT Bombay,https://nptel.ac.in/courses/103101215
Chemical Engineering,NOC:Novel Drug Delivery Systems,Prof. Sathish Dyawanapelly,"Institute Of Chemical Technology, Mumbai",https://nptel.ac.in/courses/103101786
Chemical Engineering,NOC:Pharmacognosy And Phytochemistry,Prof. Galvina Pereira,"Institute Of Chemical Technology, Mumbai",https://nptel.ac.in/courses/103101787
Chemical Engineering,Heterogeneous Catalysis And Catalytic Processes,Dr. K.K. Pant,IIT Delhi,https://nptel.ac.in/courses/103102012
Chemical Engineering,Fuel Cell Technology,"Dr. Anil Verma, Prof. S. Basu",IIT Delhi,https://nptel.ac.in/courses/103102015
Chemical Engineering,Interfacial Engineering,Prof. A.N. Bhaskarwar,IIT Delhi,https://nptel.ac.in/courses/103102016
Chemical Engineering,Petroleum Refinery Engineering,"Dr. K.K. Pant , Prof. Deepak Kunzru",IIT Delhi,https://nptel.ac.in/courses/103102022
Chemical Engineering,Transport Phenomena (UG),Prof. S.K. Gupta,IIT Delhi,https://nptel.ac.in/courses/103102024
Chemical Engineering,NOC:Fluid Mechanics And Its Applications,Prof. Vijay Gupta,IIT Delhi,https://nptel.ac.in/courses/103102211
Chemical Engineering,Catalyst Science And Technology,Dr. Mahuya De,IIT Guwahati,https://nptel.ac.in/courses/103103026
Chemical Engineering,Chemical Engineering Design - II,"Dr. Animes Kr. Golder, Prof. Vaibhav V. Goud",IIT Guwahati,https://nptel.ac.in/courses/103103027
Chemical Engineering,Chemical Technology - II,Dr. U. Ramagopal,IIT Guwahati,https://nptel.ac.in/courses/103103029
Chemical Engineering,Heat Transfer,Prof. A.K. Ghoshal,IIT Guwahati,https://nptel.ac.in/courses/103103031
Chemical Engineering,Heat Transfer,Dr. Anil Verma,IIT Guwahati,https://nptel.ac.in/courses/103103032
Chemical Engineering,Interfacial Engineering,Dr. Pallab Ghosh,IIT Guwahati,https://nptel.ac.in/courses/103103033
Chemical Engineering,Mass Transfer Operations I,Dr. B. Mandal,IIT Guwahati,https://nptel.ac.in/courses/103103034
Chemical Engineering,Mass Transfer Operations I,"Dr. Chandan Das, Dr. S.K. Majumder",IIT Guwahati,https://nptel.ac.in/courses/103103035
Chemical Engineering,Molecular Simulations In Chemical Engineering,"Dr. Ashok Kumar Dasmahapatra, Dr. Tamal Banerjee",IIT Guwahati,https://nptel.ac.in/courses/103103036
Chemical Engineering,Process Control And Instrumentation,Dr. P.K. Saha,IIT Guwahati,https://nptel.ac.in/courses/103103037
Chemical Engineering,Process Design Decisions And Project Economics,Dr. Vijay S. Moholkar,IIT Guwahati,https://nptel.ac.in/courses/103103039
Chemical Engineering,NOC:Fluidization Engineering,Prof. Subrata Kumar Majumder,IIT Guwahati,https://nptel.ac.in/courses/103103132
Chemical Engineering,NOC:Measurement Technique In Multiphase Flows,Prof. Rajesh Kumar Upadhyay,IIT Guwahati,https://nptel.ac.in/courses/103103135
Chemical Engineering,NOC:Introduction To Polymer Physics,Prof. Amit Kumar,IIT Guwahati,https://nptel.ac.in/courses/103103139
Chemical Engineering,NOC:Natural Gas Engineering,Prof. Pankaj Tiwari,IIT Guwahati,https://nptel.ac.in/courses/103103140
Chemical Engineering,NOC:Mass Transfer Operations -I,Prof. Bishnupada Mandal,IIT Guwahati,https://nptel.ac.in/courses/103103145
Chemical Engineering,NOC:Transport Phenomena Of Non-Newtonian Fluids,Prof. Nanda Kishore,IIT Guwahati,https://nptel.ac.in/courses/103103146
Chemical Engineering,NOC:Chemical Process Intensification,Prof. Subrata Kumar Majumder,IIT Guwahati,https://nptel.ac.in/courses/103103152
Chemical Engineering,NOC:Chemical Reaction Engineering-I,Prof. Bishnupada Mandal,IIT Guwahati,https://nptel.ac.in/courses/103103153
Chemical Engineering,NOC:Mass Transfer Operations II,Prof. Chandan Das,IIT Guwahati,https://nptel.ac.in/courses/103103154
Chemical Engineering,NOC:Mechanical Unit Operations,Prof. Nanda Kishore,IIT Guwahati,https://nptel.ac.in/courses/103103155
Chemical Engineering,NOC:Advanced Thermodynamics,Prof. Nanda Kishore,IIT Guwahati,https://nptel.ac.in/courses/103103162
Chemical Engineering,NOC:Inorganic Chemical Technology,Prof. Nanda Kishore,IIT Guwahati,https://nptel.ac.in/courses/103103218
Chemical Engineering,NOC:Organic Chemical Technology,Prof. Nanda Kishore,IIT Guwahati,https://nptel.ac.in/courses/103103220
Chemical Engineering,NOC:Solid-Fluid Operations,Prof. Subrata Kumar Majumder,IIT Guwahati,https://nptel.ac.in/courses/103103221
Chemical Engineering,NOC:Energy Conversion Technologies (Biomass And Coal),Prof. Vaibhav V. Goud,IIT Guwahati,https://nptel.ac.in/courses/103103222
Chemical Engineering,NOC:Petroleum Reservoir Engineering,Prof. Pankaj Tiwari,IIT Guwahati,https://nptel.ac.in/courses/103103223
Chemical Engineering,Fluid Mechanics,Prof. Nishith Verma,IIT Kanpur,https://nptel.ac.in/courses/103104043
Chemical Engineering,Fluid Mechanics,Dr. V. Shankar,IIT Kanpur,https://nptel.ac.in/courses/103104044
Chemical Engineering,Introduction To Colloid And Interface Science And Engineering,Prof. A. Sharma,IIT Kanpur,https://nptel.ac.in/courses/103104045
Chemical Engineering,Mass Transfer II,Prof. Nishith Verma,IIT Kanpur,https://nptel.ac.in/courses/103104046
Chemical Engineering,Mechanics Of Soft Materials,Dr. A. Ghatak,IIT Kanpur,https://nptel.ac.in/courses/103104047
Chemical Engineering,Plantwide Control Of Chemical Processes,Dr. Nitin Kaistha,IIT Kanpur,https://nptel.ac.in/courses/103104049
Chemical Engineering,Plantwide Control Of Chemical Processes,Dr. Nitin Kaistha,IIT Kanpur,https://nptel.ac.in/courses/103104050
Chemical Engineering,NOC:Thermodynamics Of Fluid Phase Equilibria,Prof. Jayant K. Singh,IIT Kanpur,https://nptel.ac.in/courses/103104129
Chemical Engineering,NOC:Chemical Engineering Thermodynamics,Prof. Jayant K. Singh,IIT Kanpur,https://nptel.ac.in/courses/103104151
Chemical Engineering,Advanced Heat And Mass Transfer,Dr. Saikat Chakraborty,IIT Kharagpur,https://nptel.ac.in/courses/103105052
Chemical Engineering,Biochemical Engineering,"Dr. Rintu Banerjee, Dr. Saikat Chakraborty",IIT Kharagpur,https://nptel.ac.in/courses/103105054
Chemical Engineering,Microscale Transport Processes,"Dr. Somnath Ganguly, Prof. S. Dasgupta",IIT Kharagpur,https://nptel.ac.in/courses/103105057
Chemical Engineering,Multiphase Flow,"Prof. Gargi Das, Prof. P.K. Das",IIT Kharagpur,https://nptel.ac.in/courses/103105058
Chemical Engineering,Multiphase Flow,"Prof. Gargi Das, Prof. P.K. Das",IIT Kharagpur,https://nptel.ac.in/courses/103105059
Chemical Engineering,Novel Separation Processes,Prof. S. De,IIT Kharagpur,https://nptel.ac.in/courses/103105060
Chemical Engineering,Novel Separation Processes,Prof. S. De,IIT Kharagpur,https://nptel.ac.in/courses/103105061
Chemical Engineering,Process Control And Instrumentation,"Dr. A.K. Jana, Dr. D. Sarkar",IIT Kharagpur,https://nptel.ac.in/courses/103105064
Chemical Engineering,Instability & Patterning Of Thin Polymer Films,Dr. R. Mukherjee,IIT Kharagpur,https://nptel.ac.in/courses/103105065
Chemical Engineering,Instability And Patterning Of Thin Polymer Films,Dr. R. Mukherjee,IIT Kharagpur,https://nptel.ac.in/courses/103105066
Chemical Engineering,Advanced Mathematical Techniques In Chemical Engineering,Prof. S. De,IIT Kharagpur,https://nptel.ac.in/courses/103105106
Chemical Engineering,Fuel And Combustion Technology,"Prof. Jayanta Kumar Basu, Prof. Sonali Sengupta",IIT Kharagpur,https://nptel.ac.in/courses/103105110
Chemical Engineering,NOC:Adiabatic Two Phase Flow And Flow Boiling In Microchannel,Prof. Gargi Das,IIT Kharagpur,https://nptel.ac.in/courses/103105124
Chemical Engineering,NOC:Optimization In Chemical Engineering,Prof. Debasis Sarkar,IIT Kharagpur,https://nptel.ac.in/courses/103105139
Chemical Engineering,NOC:Heat Transfer,Prof. Sunando Dasgupta,IIT Kharagpur,https://nptel.ac.in/courses/103105140
Chemical Engineering,NOC:Flow Through Porous Media,Prof. SOMENATH GANGULY,IIT Kharagpur,https://nptel.ac.in/courses/103105160
Chemical Engineering,NOC:Fundamentals Of Particle And Fluid Solid Processing,Prof. Arnab Atta,IIT Kharagpur,https://nptel.ac.in/courses/103105161
Chemical Engineering,NOC:Plant Design And Economics,Prof. Debasis Sarkar,IIT Kharagpur,https://nptel.ac.in/courses/103105166
Chemical Engineering,NOC:Material & Energy Balance Computations,"Prof. Arnab Atta, Prof. Rabibrata Mukherjee",IIT Kharagpur,https://nptel.ac.in/courses/103105209
Chemical Engineering,NOC:Principles And Practices Of Process Equipment And Plant Design,"Prof S. Ray, Prof. Gargi Das",IIT Kharagpur,https://nptel.ac.in/courses/103105210
Chemical Engineering,NOC:Mathematical Modelling And Simulation Of Chemical Engineering Process,Prof. Sourav Mondal,IIT Kharagpur,https://nptel.ac.in/courses/103105215
Chemical Engineering,NOC:Advanced Process Dynamics,Prof. Parag A. Deshpande,IIT Kharagpur,https://nptel.ac.in/courses/103105216
Chemical Engineering,NOC:Matlab-Based Programming Lab In Chemical Engineering,Prof. Parag A. Deshpande,IIT Kharagpur,https://nptel.ac.in/courses/103105220
Chemical Engineering,NOC:Petroleum Technology,Prof. Sonali Sengupta,IIT Kharagpur,https://nptel.ac.in/courses/103105221
Chemical Engineering,"NOC:Rheology And Processing Of Paints, Plastic, And Elastomer Based Composites",Prof. Santanu Chattopadhyay,IIT Kharagpur,https://nptel.ac.in/courses/103105222
Chemical Engineering,NOC:Petroleum Formation Evaluation,"Prof. Neetish Kumar Maurya, Prof. Sayantan Ghosh",IIT-ISM Dhanbad,https://nptel.ac.in/courses/103105223
Chemical Engineering,NOC:Enhanced Oil Recovery Techniques,Prof. Ajay Mandal,IIT-ISM Dhanbad,https://nptel.ac.in/courses/103105460
Chemical Engineering,NOC:Adsorption Science And Technology: Fundamentals And Applications,Prof. Sourav Mondal,IIT Kharagpur,https://nptel.ac.in/courses/103105461
Chemical Engineering,NOC:Advanced Heat Conduction,Prof. Debasis Sarkar,IIT Kharagpur,https://nptel.ac.in/courses/103105677
Chemical Engineering,NOC:CFD Applications In Chemical Processes,Prof. Arnab Atta,IIT Kharagpur,https://nptel.ac.in/courses/103105679
Chemical Engineering,NOC:Engineering Aspects Of Biofuels And Biomass Conversion Technologies,Prof. Ejaz Ahmad,IIT-ISM Dhanbad,https://nptel.ac.in/courses/103105680
Chemical Engineering,NOC:Introduction To Python And Petroleum Data Analytics,Prof. Archana,IIT-ISM Dhanbad,https://nptel.ac.in/courses/103105782
Chemical Engineering,"NOC:Foundations On Rubber Science, Technology And Manufacturing",Prof. Santanu Chattopadhyay,IIT Kharagpur,https://nptel.ac.in/courses/103105795
Chemical Engineering,Advanced Transport Phenomena,Dr. R. Nagarajan,IIT Madras,https://nptel.ac.in/courses/103106068
Chemical Engineering,Chemical Engineering Thermodynamics,Prof. M.S. Ananth,IIT Madras,https://nptel.ac.in/courses/103106070
Chemical Engineering,Safety Practices In Chemical And Nuclear Industries,"Dr. Raghuram Chetty, Prof. T. Swaminathan",IIT Madras,https://nptel.ac.in/courses/103106071
Chemical Engineering,Computational Fluid Dynamics,Prof. Sreenivas Jayanti,IIT Madras,https://nptel.ac.in/courses/103106073
Chemical Engineering,NOC:Computational Techniques,Prof. Niket S Kaisare,IIT Madras,https://nptel.ac.in/courses/103106074
Chemical Engineering,Introduction To Microelectronic Fabrication Processes,Dr. S. Ramanathan,IIT Madras,https://nptel.ac.in/courses/103106075
Chemical Engineering,System (Process) Identification,Dr. Arun K.Tangirala,IIT Madras,https://nptel.ac.in/courses/103106078
Chemical Engineering,Nuclear Reactor Technology,Dr. K.S. Rajan,IIT Madras,https://nptel.ac.in/courses/103106101
Chemical Engineering,NOC:Particle Characterization (PG),Prof. Prof. R. Nagarajan,IIT Madras,https://nptel.ac.in/courses/103106103
Chemical Engineering,Heavy And Fine Chemicals (Chemical Process Technology),Dr. Nirmal K. Patel,IIT Madras,https://nptel.ac.in/courses/103106108
Chemical Engineering,Chemical Process Industries,Dr. Nirmal K. Patel,IIT Madras,https://nptel.ac.in/courses/103106109
Chemical Engineering,Statistics For Experimentalists,Dr. A. Kannan,IIT Madras,https://nptel.ac.in/courses/103106112
Chemical Engineering,Multiphase Flows:Analytical Solutions And Stability Analysis,Prof. S.Pushpavanam,IIT Madras,https://nptel.ac.in/courses/103106113
Chemical Engineering,NOC:Introduction To Time-Frequency Analysis And Wavelet Transforms,Prof. Arun Tangirala,IIT Madras,https://nptel.ac.in/courses/103106114
Chemical Engineering,Chemical Engineering Principles Of CVD Processes,Dr. R. Nagarajan,IIT Madras,https://nptel.ac.in/courses/103106115
Chemical Engineering,Chemical Reaction Engineering 1 (Homogeneous Reactors),Prof K. Krishnaiah,IIT Madras,https://nptel.ac.in/courses/103106116
Chemical Engineering,Chemical Reaction Engineering 2 (Heterogeneous Reactors),Prof K. Krishnaiah,IIT Madras,https://nptel.ac.in/courses/103106117
Chemical Engineering,NOC:Introduction To Statistical Hypothesis Testing,Prof. Arun K. Tangirala,IIT Madras,https://nptel.ac.in/courses/103106120
Chemical Engineering,NOC:Rheology Of Complex Materials,Prof. Abhijit P. Deshpande,IIT Madras,https://nptel.ac.in/courses/103106131
Chemical Engineering,"NOC:Process Control - Design, Analysis And Assessment",Prof. Ragunathan Rengasamy,IIT Madras,https://nptel.ac.in/courses/103106148
Chemical Engineering,System Identification,Dr. Arun K.Tangirala,IIT Madras,https://nptel.ac.in/courses/103106149
Chemical Engineering,NOC:Fluid And Particle Mechanics,"Prof. Basavaraju, Prof. Sumesh",IIT Madras,https://nptel.ac.in/courses/103106158
Chemical Engineering,NOC:Continuum Mechanics And Transport Phenomena,Prof. T. Renganathan,IIT Madras,https://nptel.ac.in/courses/103106159
Chemical Engineering,Synthetic And Natural Supramolecular Architectures: Avenues To Molecular Technology Via Engineering,Prof. Chebrolu Pulla Rao,IIT Madras,https://nptel.ac.in/courses/103106214
Chemical Engineering,NOC:Artificial Lift,Prof. Abdus Samad,IIT Madras,https://nptel.ac.in/courses/103106220
Chemical Engineering,Building Towards A Career In Chemical Industry,Prof. Nagarajan R & Prof. MS Srinivasan,IIT Madras,https://nptel.ac.in/courses/103106655
Chemical Engineering,NOC:Artificial Intelligence In Drug Discovery And Development,Prof. Rajnish Kumar,IIT (BHU) Varanasi,https://nptel.ac.in/courses/103106681
Chemical Engineering,NOC:Pharmaceutical Dosage Forms,Prof. Ruchi Chawla,IIT (BHU) Varanasi,https://nptel.ac.in/courses/103106783
Chemical Engineering,"NOC:Pharmaceutical Crystal Engineering For Design, Development And Scale-Up For Pharmaceutical Solids",Prof. Dinesh Kumar,IIT (BHU) Varanasi,https://nptel.ac.in/courses/103106784
Chemical Engineering,NOC:Pharmacological And Toxicological Screening Methods,Prof. Vinod Tiwari,IIT (BHU) Varanasi,https://nptel.ac.in/courses/103106785
Chemical Engineering,Chemical Technology - I,Dr. I.D.Mall,IIT Roorkee,https://nptel.ac.in/courses/103107081
Chemical Engineering,Chemical Technology - I,Dr. I.D.Mall,IIT Roorkee,https://nptel.ac.in/courses/103107082
Chemical Engineering,Environmental Engineering,Dr. V. C. Srivastava,IIT Roorkee,https://nptel.ac.in/courses/103107084
Chemical Engineering,Fertilizer Engineering,Dr. Amit Dhiman,IIT Roorkee,https://nptel.ac.in/courses/103107086
Chemical Engineering,Food Engineering,Dr. Shishir Sinha,IIT Roorkee,https://nptel.ac.in/courses/103107088
Chemical Engineering,Process Integration,Dr. B. Mohanty,IIT Roorkee,https://nptel.ac.in/courses/103107093
Chemical Engineering,Process Integration,Dr. B. Mohanty,IIT Roorkee,https://nptel.ac.in/courses/103107094
Chemical Engineering,Process Modelling And Simulation,Dr. V. K. Agrawal,IIT Roorkee,https://nptel.ac.in/courses/103107096
Chemical Engineering,NOC:Mechanical Operations,Prof. Shabina Khanam,IIT Roorkee,https://nptel.ac.in/courses/103107123
Chemical Engineering,NOC:Introduction To Polymer Physics,Prof. Prateek Kumar Jha,IIT Roorkee,https://nptel.ac.in/courses/103107139
Chemical Engineering,NOC:Equipment Design: Mechanical Aspects,Prof. Shabina Khanam,IIT Roorkee,https://nptel.ac.in/courses/103107143
Chemical Engineering,NOC:Chemical Process Safety,Prof. Shishir Sinha,IIT Roorkee,https://nptel.ac.in/courses/103107156
Chemical Engineering,NOC:Technologies For Clean And Renewable Energy Production,Prof. P. Mondal,IIT Roorkee,https://nptel.ac.in/courses/103107157
Chemical Engineering,NOC:Basic Environmental Engineering And Pollution Abatement,Prof. P. Mondal,IIT Roorkee,https://nptel.ac.in/courses/103107215
Chemical Engineering,NOC:Advanced Reaction Engineering,Prof. Taraknath Das,IIT Roorkee,https://nptel.ac.in/courses/103107220
Chemical Engineering,NOC:Polymer Process Engineering,Prof. Shishir Sinha,IIT Roorkee,https://nptel.ac.in/courses/103107221
Chemical Engineering,NOC:Nanotechnology In Chemical Engineering,Prof. Taraknath Das,IIT Roorkee,https://nptel.ac.in/courses/103107676
Chemical Engineering,Chemical Reaction Engineering,Prof. Jayant M Modak,IISc Bangalore,https://nptel.ac.in/courses/103108097
Chemical Engineering,Fundamentals Of Transport Processes,Prof. V. Kumaran,IISc Bangalore,https://nptel.ac.in/courses/103108098
Chemical Engineering,Fundamentals Of Transport Processes - II,Prof. V. Kumaran,IISc Bangalore,https://nptel.ac.in/courses/103108099
Chemical Engineering,Modern Instrumental Methods Of Analysis,Dr. J.R. Mudakavi,IISc Bangalore,https://nptel.ac.in/courses/103108100
Chemical Engineering,NOC:Transport Processes I: Heat And Mass Transfer,Prof. V. Kumaran,IISc Bangalore,https://nptel.ac.in/courses/103108123
Chemical Engineering,NOC:Atomic And Molecular Absorption Spectrometry For Pollution Monitoring,Prof. J R Mudakavi,IISc Bangalore,https://nptel.ac.in/courses/103108124
Chemical Engineering,NOC:Trace And Ultra-Trace Analysis Of Metals Using Atomic Absorption Spectrometry,Prof. J.R. Mudakavi,IISc Bangalore,https://nptel.ac.in/courses/103108127
Chemical Engineering,NOC:Inductive Couple Plasma Atomic Emmission Spectrometry ( ICP-AES) For Pollution Monitering,Prof. Mudakavi,IISc Bangalore,https://nptel.ac.in/courses/103108138
Chemical Engineering,NOC:Infrared Spectroscopy For Pollution Monitoring,Prof. J.R. Mudakavi,IISc Bangalore,https://nptel.ac.in/courses/103108139
Chemical Engineering,"NOC:Mass, Momentum And Energy Balances In Engineering Analysis",Prof. Pavitra Sandilya,IIT Kharagpur,https://nptel.ac.in/courses/105105186
Chemical Engineering,NOC:Colloids And Surfaces,Prof. Basavaraj Madivala Gurappa,IIT Madras,https://nptel.ac.in/courses/105106204
Chemical Engineering,"NOC:Polymers: Concepts, Properties, Uses And Sustainability",Prof. Abhijit P Deshpande,IIT Madras,https://nptel.ac.in/courses/105106205
Chemical Engineering,NOC:Thermal Processing Of Foods,Prof. R. Anandalakshmi,IIT Guwahati,https://nptel.ac.in/courses/126103017
Chemistry And Biochemistry,NOC:Metallocene And Metal-Carbene Based Organometallic Compounds As Industrially Important Advanced Polyolefin Catalysts,Prof. Sanjib K. Patra,IIT Kharagpur,https://nptel.ac.in/courses/103105217
Chemistry And Biochemistry,NOC:Organometallic Chemistry,Prof.Debabrata Maiti,IIT Bombay,https://nptel.ac.in/courses/104101079
Chemistry And Biochemistry,NOC:Chemistry Of Main Group Elements,Prof. M.S. Balakrishna,IIT Bombay,https://nptel.ac.in/courses/104101090
Chemistry And Biochemistry,NOC:Molecular Spectroscopy: A Physical Chemist'S Perspective,Prof. Anindya Datta,IIT Bombay,https://nptel.ac.in/courses/104101099
Chemistry And Biochemistry,NOC:Advanced Transition Metal Organometallic Chemistry,Prof. P. Ghosh,IIT Bombay,https://nptel.ac.in/courses/104101100
Chemistry And Biochemistry,NOC:Basics In Inorganic Chemistry,Prof.Debabrata Maiti,IIT Bombay,https://nptel.ac.in/courses/104101121
Chemistry And Biochemistry,NOC:Ultrafast Laser Spectroscopy,Prof. Anindya Datta,IIT Bombay,https://nptel.ac.in/courses/104101122
Chemistry And Biochemistry,NOC:Transition Metal Organometallics In Catalysis And Biology,Prof. Prasenjit Ghosh,IIT Bombay,https://nptel.ac.in/courses/104101123
Chemistry And Biochemistry,"NOC:Essentials Of Oxidation, Reduction And C_C Bond Formation. Application In Organic Synthesis",Prof. Yashwant D Vankar,IIT Bombay,https://nptel.ac.in/courses/104101127
Chemistry And Biochemistry,NOC:Nuclear And Radiochemistry,"Prof. B.S.Tomar, Prof. P.K.Mohapatra",Homi Bhabha National Institute,https://nptel.ac.in/courses/104101137
Chemistry And Biochemistry,NOC:Interpretative Molecular Spectroscopy,Prof. M. S. Balakrishna,IIT Bombay,https://nptel.ac.in/courses/104101362
Chemistry And Biochemistry,NOC:Many Body Methods In Quantum Chemistry,"Prof. Achintya Kumar Dutta, Prof. Sourav Pal",IIT Bombay,https://nptel.ac.in/courses/104101366
Chemistry And Biochemistry,NOC:Biomolecular Spectroscopy,Prof. Ashutosh Kumar,IIT Bombay,https://nptel.ac.in/courses/104101855
Chemistry And Biochemistry,NOC:Thermodynamics: Classical To Statistical,Prof. Sandip Paul,IIT Guwahati,https://nptel.ac.in/courses/104103112
Chemistry And Biochemistry,NOC:Essentials Of Biomolecules : Nucleic Acids And Peptides,Prof. Lal Mohan Kundu,IIT Guwahati,https://nptel.ac.in/courses/104103121
Chemistry And Biochemistry,NOC:Physical Chemistry For Undergraduates,Prof. Sandip Paul,IIT Guwahati,https://nptel.ac.in/courses/104103856
Chemistry And Biochemistry,NOC:Chemical Applications Of Symmetry And Group Theory,Prof. Manabendra Chandra,IIT Kanpur,https://nptel.ac.in/courses/104104080
Chemistry And Biochemistry,NOC:Basics Of Fluroscence Spectroscopy,Prof. Pratik Sen,IIT Kanpur,https://nptel.ac.in/courses/104104084
Chemistry And Biochemistry,NOC:Bioinorganic Chemistry,Prof. S. P. Rath,IIT Kanpur,https://nptel.ac.in/courses/104104109
Chemistry And Biochemistry,NOC:Supramolecular Chemistry-I,Prof. Parimal Kanti Bharadwaj,IIT Kanpur,https://nptel.ac.in/courses/104104364
Chemistry And Biochemistry,NOC:Biochemistry,Prof. S. Dasgupta,IIT Kharagpur,https://nptel.ac.in/courses/104105076
Chemistry And Biochemistry,NOC:Co-Ordination Chemistry (Chemistry Of Transition Elements),Prof. Debashis Ray,IIT Kharagpur,https://nptel.ac.in/courses/104105085
Chemistry And Biochemistry,NOC:A Study Guide In Organic Retrosynthesis: Problem Solving Approach,Prof. Samik Nanda,IIT Kharagpur,https://nptel.ac.in/courses/104105087
Chemistry And Biochemistry,NOC:Introduction To Molecular Thermodynamics,Prof. Srabani Taraphder,IIT Kharagpur,https://nptel.ac.in/courses/104105088
Chemistry And Biochemistry,NOC:Experimental Biochemistry,"Prof. Soumya De, Prof. Swagata Dasgupta",IIT Kharagpur,https://nptel.ac.in/courses/104105102
Chemistry And Biochemistry,NOC:Industrial Inorganic Chemistry,Prof. Debashis Ray,IIT Kharagpur,https://nptel.ac.in/courses/104105103
Chemistry And Biochemistry,NOC:Reactive Intermediates Carbene And Nitrene,Prof. Rajarshi Samanta,IIT Kharagpur,https://nptel.ac.in/courses/104105104
Chemistry And Biochemistry,NOC:Elementary Thermodynamics For All,Prof. Srabani Taraphder,IIT Kharagpur,https://nptel.ac.in/courses/104105365
Chemistry And Biochemistry,NOC:Pericyclic Reactions And Organic Photochemistry,Prof. Sankararaman,IIT Madras,https://nptel.ac.in/courses/104106077
Chemistry And Biochemistry,NOC:Advanced Chemical Thermodynamics And Kinetics,Prof.Arijit Kumar De,IISER Mohali,https://nptel.ac.in/courses/104106094
Chemistry And Biochemistry,NOC:Electrochemical Impedance Spectroscopy,Prof. S. Ramanathan,IIT Madras,https://nptel.ac.in/courses/104106105
Chemistry And Biochemistry,NOC:Medicinal Chemistry,Prof. Harinath Chakrapani,IISER Pune,https://nptel.ac.in/courses/104106106
Chemistry And Biochemistry,NOC:Chemical Principles II(Basic Thermodynamics : Classical And Statistical Approaches),Prof. Arnab Mukherjee,IISER Pune,https://nptel.ac.in/courses/104106107
Chemistry And Biochemistry,NOC:Introductory Organic Chemistry I,"Prof. Harinath Chakrapani, Prof. Neeraja Dashaputre",IISER Pune,https://nptel.ac.in/courses/104106119
Chemistry And Biochemistry,NOC:Fundamentals Of Spectroscopy,"Prof. Anirban Hazra, Prof. Sayan Bagchi","NCL Pune, IISER Pune",https://nptel.ac.in/courses/104106122
Chemistry And Biochemistry,"NOC:Symmetry, Stereochemistry And Applications",Prof. Angshuman Roy Choudhury,IISER Mohali,https://nptel.ac.in/courses/104106127
Chemistry And Biochemistry,NOC:Symmetry And Group Theory,Prof. Jeetender Chugh,IISER Pune,https://nptel.ac.in/courses/104106128
Chemistry And Biochemistry,NOC:Elementary Electrochemistry,Prof. Angshuman Roy Choudhury,IISER Mohali,https://nptel.ac.in/courses/104106137
Chemistry And Biochemistry,NOC:Organic Chemistry I (Tamil),Prof. Srinivasan Venkataraman,IISER Pune,https://nptel.ac.in/courses/104106138
Chemistry And Biochemistry,NOC:One And Two Dimensional NMR Spectroscopy: Concepts And Spectral Analysis,Prof. N Suryaprakash,IISc Bangalore,https://nptel.ac.in/courses/104108363
Chemistry And Biochemistry,BioChemistry I,Prof. S. Dasgupta,IIT Kharagpur,https://nptel.ac.in/courses/102105034
Chemistry And Biochemistry,NOC:Fundamentals Of Protein Chemistry,Prof. Swagata Dasgupta,IIT Kharagpur,https://nptel.ac.in/courses/102105089
Chemistry And Biochemistry,Computational Chemistry,"Dr. Sanjoy Bandyopadhyay, Prof. B.L. Tembe, Prof. Dilip Kumar Maity, Prof. Shachi Gosavi, Prof. Shankar Prasad Bhattacharyya",IIT Bombay,https://nptel.ac.in/courses/104101002
Chemistry And Biochemistry,Organic Reaction Mechanism,Dr. R.B. Sunoj,IIT Bombay,https://nptel.ac.in/courses/104101005
Chemistry And Biochemistry,Introduction To Organometallic Chemistry,"Prof. M. S. Balakrishna, Prof. Prasenjit Ghosh",IIT Bombay,https://nptel.ac.in/courses/104101006
Chemistry And Biochemistry,NOC:Chemical And Biological Thermodynamics: Principles To Applications,Prof. Nand Kishore,IIT Bombay,https://nptel.ac.in/courses/104101084
Chemistry And Biochemistry,NOC:Transition Metal Organometallic Chemistry: Principles To Applications,Prof. P. Ghosh,IIT Bombay,https://nptel.ac.in/courses/104101091
Chemistry And Biochemistry,NOC:Metal Mediated Synthesis-I,Prof. D. Maiti,IIT Bombay,https://nptel.ac.in/courses/104101092
Chemistry And Biochemistry,NOC:Inorganic Chemistry Of Life: Principles And Perspectives,Prof. C. P. Rao,IIT Bombay,https://nptel.ac.in/courses/104101093
Chemistry And Biochemistry,NOC:Symmetry And Group Theory,Prof. Anindya Datta,IIT Bombay,https://nptel.ac.in/courses/104101094
Chemistry And Biochemistry,NOC:Computational Chemistry And Classical Molecular Dynamics,Prof. B. L. Tembe,IIT Bombay,https://nptel.ac.in/courses/104101095
Chemistry And Biochemistry,NOC:Mechanisms In Organic Chemistry,Prof. Nandita Madhavan,IIT Bombay,https://nptel.ac.in/courses/104101115
Chemistry And Biochemistry,NOC:Metals In Biology,Prof. D. Maiti,IIT Bombay,https://nptel.ac.in/courses/104101116
Chemistry And Biochemistry,NOC:NMR Spectroscopy For Chemists And Biologists,"Prof. Ashutosh Kumar, Prof. R. V Hosur",IIT Bombay,https://nptel.ac.in/courses/104101117
Chemistry And Biochemistry,NOC:Quantum Chemistry Of Atoms And Molecules,Prof. Anindya Datta,IIT Bombay,https://nptel.ac.in/courses/104101124
Chemistry And Biochemistry,NOC:Basic Statistical Mechanics,Prof. Biman Bagchi,IIT Bombay,https://nptel.ac.in/courses/104101125
Chemistry And Biochemistry,NOC:Quantum Mechanics And Molecular Spectroscopy,Prof. G Naresh Patwari,IIT Bombay,https://nptel.ac.in/courses/104101126
Chemistry And Biochemistry,NOC:Chemical Kinetics And Transition State Theory,Prof. Amber Jain,IIT Bombay,https://nptel.ac.in/courses/104101128
Chemistry And Biochemistry,NOC:Concepts Of Chemistry For Engineering,"Prof. Anindya Datta, Prof. Arnab Dutta, Prof. Chidambar Kulkarni, Prof. Debabrata Maiti",IIT Bombay,https://nptel.ac.in/courses/104101130
Chemistry And Biochemistry,NOC:Classics In Total Synthesis-I,Prof. Krishna P Kaliappan,IIT Bombay,https://nptel.ac.in/courses/104101133
Chemistry And Biochemistry,NOC:Circular Dichroism (CD) And Mossbauer Spectroscopy For Chemists,Prof. Arnab Dutta,IIT Bombay,https://nptel.ac.in/courses/104101134
Chemistry And Biochemistry,NOC:NMR Spectroscopy For Structural Biology,"Prof. Ashutosh Kumar, Prof. R. V Hosur",IIT Bombay,https://nptel.ac.in/courses/104101135
Chemistry And Biochemistry,NOC:Advanced Transition Metal Chemistry,Prof. M S Balakrishna,IIT Bombay,https://nptel.ac.in/courses/104101136
Chemistry And Biochemistry,NOC:Fundamentals Of Statistical Thermodynamics,Prof. Nand Kishore,IIT Bombay,https://nptel.ac.in/courses/104101139
Chemistry And Biochemistry,NOC:Cycloaddition,Prof. Krishna P Kaliappan,IIT Bombay,https://nptel.ac.in/courses/104101682
Chemistry And Biochemistry,NOC:Biophysical Chemistry,Prof. Pramit Kumar Chowdhury,IIT Delhi,https://nptel.ac.in/courses/104102009
Chemistry And Biochemistry,Structure And Functions Of Biomolecules,Dr. S.K. Khare,IIT Delhi,https://nptel.ac.in/courses/104102016
Chemistry And Biochemistry,NOC:Spectroscopic Techniques For Pharmaceutical And Biopharmaceutical Industries,Prof. Shashank Deep,IIT Delhi,https://nptel.ac.in/courses/104102113
Chemistry And Biochemistry,NOC:Introductory Non-Linear Dynamics,Prof. Ramakrishna Ramaswamy,IIT Delhi,https://nptel.ac.in/courses/104102114
Chemistry And Biochemistry,Bio-Organic Chemistry,Dr. S.S. Bag,IIT Guwahati,https://nptel.ac.in/courses/104103018
Chemistry And Biochemistry,Chemistry Of Materials,Dr. M. Quereshi,IIT Guwahati,https://nptel.ac.in/courses/104103019
Chemistry And Biochemistry,Environmental Chemistry,Dr. Chivukula Vasudeva Sastri,IIT Guwahati,https://nptel.ac.in/courses/104103020
Chemistry And Biochemistry,Principles Of Organic Synthesis,Prof. T. Punniyamurthy,IIT Guwahati,https://nptel.ac.in/courses/104103022
Chemistry And Biochemistry,Reagents And Organic Reactions,Prof. T. Punniyamurthy,IIT Guwahati,https://nptel.ac.in/courses/104103023
Chemistry And Biochemistry,Catalytic Asymmetric Synthesis,Prof. T. Punniyamurthy,IIT Guwahati,https://nptel.ac.in/courses/104103067
Chemistry And Biochemistry,Bio-Organic Chemistry Of Natural Enediyne Anticancer Antibiotics,Dr. S.S. Bag,IIT Guwahati,https://nptel.ac.in/courses/104103068
Chemistry And Biochemistry,Introductory Inorganic Chemistry,Dr. Chandan Mukherjee,IIT Guwahati,https://nptel.ac.in/courses/104103069
Chemistry And Biochemistry,Basic Organic Chemistry,Prof. T. Punniyamurthy,IIT Guwahati,https://nptel.ac.in/courses/104103071
Chemistry And Biochemistry,NOC:Principles Of Organic Synthesis,Prof. T Punniyamurthy,IIT Guwahati,https://nptel.ac.in/courses/104103110
Chemistry And Biochemistry,NOC:Reagents In Organic Synthesis,Prof. Subhas Chandra Pan,IIT Guwahati,https://nptel.ac.in/courses/104103111
Chemistry And Biochemistry,Chemistry Of Materials,Prof. S. Sundar Manoharan,IIT Kanpur,https://nptel.ac.in/courses/104104011
Chemistry And Biochemistry,Mathematics For Chemistry,"Dr. Madhav Ranganathan , Dr. P.P. Thankachan",IIT Kanpur,https://nptel.ac.in/courses/104104026
Chemistry And Biochemistry,Advance Analytical Course,Dr. Padma S Vankar,IIT Kanpur,https://nptel.ac.in/courses/104104066
Chemistry And Biochemistry,NOC:Mathematics For Chemistry,Prof. Madhav Ranganathan,IIT Kanpur,https://nptel.ac.in/courses/104104081
Chemistry And Biochemistry,NOC:Quantum Computing,Prof. Debabrata Goswami,IIT Kanpur,https://nptel.ac.in/courses/104104082
Chemistry And Biochemistry,NOC:Laser: Fundamentals And Applications,Prof. Manabendra Chandra,IIT Kanpur,https://nptel.ac.in/courses/104104085
Chemistry And Biochemistry,NOC:Advanced Mathematical Methods For Chemistry,Prof. Madhav Ranganathan,IIT Kanpur,https://nptel.ac.in/courses/104104086
Chemistry And Biochemistry,NOC:Solid State Chemistry,Prof. Madhav Ranganathan,IIT Kanpur,https://nptel.ac.in/courses/104104101
Chemistry And Biochemistry,NOC:Chemistry And Physics Of Surfaces And Interfaces,Prof. Thiruvancheril G. Gopakumar,IIT Kanpur,https://nptel.ac.in/courses/104104130
Chemistry And Biochemistry,Bio-Inorganic Chemistry,Prof. D. Ray,IIT Kharagpur,https://nptel.ac.in/courses/104105031
Chemistry And Biochemistry,Biocatalysis In Organic Synthesis,Prof. Samik Nanda,IIT Kharagpur,https://nptel.ac.in/courses/104105032
Chemistry And Biochemistry,NOC:Co-Ordination Chemistry (Chemistry Of Transition Elements),Prof. D. Ray,IIT Kharagpur,https://nptel.ac.in/courses/104105033
Chemistry And Biochemistry,Heterocyclic Chemistry,Prof. D.R. Mal,IIT Kharagpur,https://nptel.ac.in/courses/104105034
Chemistry And Biochemistry,Organic Photochemistry And Pericyclic Reactions,Dr. N.D. Pradeep Singh,IIT Kharagpur,https://nptel.ac.in/courses/104105038
Chemistry And Biochemistry,Polymer Chemistry,Dr. D. Dhara,IIT Kharagpur,https://nptel.ac.in/courses/104105039
Chemistry And Biochemistry,Protein Chemistry,Prof. S. Dasgupta,IIT Kharagpur,https://nptel.ac.in/courses/104105040
Chemistry And Biochemistry,Rate Processes,Dr. M. Halder,IIT Kharagpur,https://nptel.ac.in/courses/104105041
Chemistry And Biochemistry,Organic Chemistry And Pericyclic Reactions,Dr. N.D. Pradeep Singh,IIT Kharagpur,https://nptel.ac.in/courses/104105071
Chemistry And Biochemistry,NOC:Analytical Chemistry,Prof. Debashis Ray,IIT Kharagpur,https://nptel.ac.in/courses/104105084
Chemistry And Biochemistry,NOC:Stereochemistry,Prof. A. Basak,IIT Kharagpur,https://nptel.ac.in/courses/104105086
Chemistry And Biochemistry,NOC:Molecules In Motion,Prof. Amita Pathak Mahanty,IIT Kharagpur,https://nptel.ac.in/courses/104105093
Chemistry And Biochemistry,NOC:Organic Chemistry In Biology And Drug Development,Prof. Amit Basak,IIT Kharagpur,https://nptel.ac.in/courses/104105120
Chemistry And Biochemistry,NOC:Introduction To Polymer Science,Prof. Dibakar Dhara,IIT Kharagpur,https://nptel.ac.in/courses/104105124
Chemistry And Biochemistry,"NOC:Structure, Stereochemistry And Reactivity Of Organic Compounds And Intermediates: A Problem_Solving Approach",Prof. A. Basak,IIT Kharagpur,https://nptel.ac.in/courses/104105127
Chemistry And Biochemistry,NOC:Approximate Methods In Quantum Chemistry,Prof. Sabyashachi Mishra,IIT Kharagpur,https://nptel.ac.in/courses/104105128
Chemistry And Biochemistry,NOC:Biological Inorganic Chemistry,Prof. Debashis Ray,IIT Kharagpur,https://nptel.ac.in/courses/104105130
Chemistry And Biochemistry,NOC:Principles And Applications Of Enolate Alkylation: A Unique Strategy For Construction Of C-C (Sp3 -Sp3) Bonds In Asymmetric Fashion,Prof. Samik Nanda,IIT Kharagpur,https://nptel.ac.in/courses/104105133
Chemistry And Biochemistry,NOC:Overview And Integration Of Cellular Metabolism,"Prof. Arindam Ghosh, Prof. Aritri Bir",IIT Kharagpur,https://nptel.ac.in/courses/104105139
Chemistry And Biochemistry,NOC:Molecular Rearrangements And Reactive Intermediates In Organic Synthesis,Prof. Santanu Panda,IIT Kharagpur,https://nptel.ac.in/courses/104105462
Chemistry And Biochemistry,Principles And Applications Of Electron Paramagnetic Resonance Spectroscopy,Prof. Ranjan Das,IIT Madras,https://nptel.ac.in/courses/104106048
Chemistry And Biochemistry,Selected Topics In Co-Ordination Chemistry,Dr. Vasishta D. Bhatt,IIT Madras,https://nptel.ac.in/courses/104106064
Chemistry And Biochemistry,NOC:Chemistry - I,Prof. Mangala Sunder Krishnan,IIT Madras,https://nptel.ac.in/courses/104106072
Chemistry And Biochemistry,NOC:Chemistry - II,Prof. K.Mangal Sundar,IIT Madras,https://nptel.ac.in/courses/104106074
Chemistry And Biochemistry,NOC:Application Of Spectroscopic Methods In Molecular Structure Determination,Prof. S. Sankararaman,IIT Madras,https://nptel.ac.in/courses/104106075
Chemistry And Biochemistry,NOC:Chemistry I:Introduction To Quantum Chemistry And Molecular Spectroscopy,Prof. Mangala Sunder Krishnan,IIT Madras,https://nptel.ac.in/courses/104106083
Chemistry And Biochemistry,NOC:Introduction To Chemical Thermodynamics And Kinetics,Prof. Arijit Kumar De,IISER Mohali,https://nptel.ac.in/courses/104106089
Chemistry And Biochemistry,NOC:Chemical Crystallography,Prof. Angshuman Roy Choudhury,IISER Mohali,https://nptel.ac.in/courses/104106093
Chemistry And Biochemistry,NOC:Chemistry: Atomic Structure And Chemical Bonding,Prof. K. Mangala Sundar,IIT Madras,https://nptel.ac.in/courses/104106096
Chemistry And Biochemistry,NOC:Organic Chemistry Lab Certification,Prof. Harinath Chakrapani,IISER Pune,https://nptel.ac.in/courses/104106108
Chemistry And Biochemistry,NOC:Quantitative Methods In Chemistry,"Prof. Aasheesh Srivastava, Prof. Bharathwaj Sathyamoorthy",IISER Bhopal,https://nptel.ac.in/courses/104106121
Chemistry And Biochemistry,Electrochemistry,Prof. M.V. Sangaranarayanan,IIT Madras,https://nptel.ac.in/courses/104106129
Chemistry And Biochemistry,NOC:Introductory Organic Chemistry II,"Prof. Harinath Chakrapani, Prof. Neeraja Dashaputre",IISER Pune,https://nptel.ac.in/courses/104106131
Chemistry And Biochemistry,NOC:Electrochemistry From Fundamentals To Applications,Prof. Amit Paul,IIT Madras,https://nptel.ac.in/courses/104106132
Chemistry And Biochemistry,NOC:Fundamentals And Applications Of Supramolecular Chemistry,Prof. Deepak Chopra,IISER Bhopal,https://nptel.ac.in/courses/104106683
Chemistry And Biochemistry,Essentials In Immunolgy,"Dr. Dipankar Nandi, Dr. R. Manjunath, Prof. Anjali Karande",IISc Bangalore,https://nptel.ac.in/courses/104108055
Chemistry And Biochemistry,Eukaryotic Gene Expression - Basics And Benefits,Prof. P.N. Rangarajan,IISc Bangalore,https://nptel.ac.in/courses/104108056
Chemistry And Biochemistry,Introductory Quantum Chemistry,Prof. K.L. Sebastian,IISc Bangalore,https://nptel.ac.in/courses/104108057
Chemistry And Biochemistry,Introduction To Organometallic Chemistry,Prof. A.G. Samuelson,IISc Bangalore,https://nptel.ac.in/courses/104108062
Chemistry And Biochemistry,NOC:Principles And Applications Of NMR Spectroscopy,Prof. H. S. Atreya,IISc Bangalore,https://nptel.ac.in/courses/104108078
Chemistry And Biochemistry,NOC:Multidimensional NMR Spectroscopy For Structural Studies Of Biomolecules,Prof. Hanudatta S. Atreya,IISc Bangalore,https://nptel.ac.in/courses/104108097
Chemistry And Biochemistry,NOC:Symmetry And Structure In The Solid State,Prof. T. N. Guru Row,IISc Bangalore,https://nptel.ac.in/courses/104108098
Chemistry And Biochemistry,NOC:Ultrafast Optics And Spectroscopy,Prof. Atanu Bhattacharya,GITAM Visakhapatnam,https://nptel.ac.in/courses/104108118
Chemistry And Biochemistry,NOC:One And Two Dimensional NMR Spectroscopy For Chemists,Prof. N. Suryaprakash,IISc Bangalore,https://nptel.ac.in/courses/104108124
Chemistry And Biochemistry,NOC:Time Dependent Quantum Chemistry,Prof. Atanu Bhattacharya,GITAM Visakhapatnam,https://nptel.ac.in/courses/104108132
Civil Engineering,NOC:Geotechnical Engineering - 1,Prof. Devendra Narain Singh,IIT Bombay,https://nptel.ac.in/courses/105101201
Civil Engineering,NOC:Microwave Remote Sensing In Hydrology,Prof. J. Indu,IIT Bombay,https://nptel.ac.in/courses/105101213
Civil Engineering,NOC:Groundwater Hydrology And Management,Prof. Pennan Chinnasamy,IIT Bombay,https://nptel.ac.in/courses/105101214
Civil Engineering,NOC:Remote Sensing And GIS For Rural Development,Prof. Pennan Chinnasamy,IIT Bombay,https://nptel.ac.in/courses/105101221
Civil Engineering,NOC:Cross-Section Balancing In Structural Geology,Prof. Soumyajit Mukherjee,IIT Bombay,https://nptel.ac.in/courses/105101823
Civil Engineering,NOC:Concrete Technology,Prof. B. Bhattacharjee,IIT Delhi,https://nptel.ac.in/courses/105102012
Civil Engineering,"NOC:Energy Efficiency, Acoustics And Daylighting In Building",Prof. B. Bhattacharjee,IIT Delhi,https://nptel.ac.in/courses/105102175
Civil Engineering,NOC:Unsaturated Soil Mechanics,Prof. Tadikonda Venkata Bharat,IIT Guwahati,https://nptel.ac.in/courses/105103177
Civil Engineering,NOC:Construction Methods And Equipment Management,Prof. Indu Siva Ranjani Gandhi,IIT Guwahati,https://nptel.ac.in/courses/105103206
Civil Engineering,NOC:Advanced Soil Mechanics,Prof. Sreedeep S,IIT Guwahati,https://nptel.ac.in/courses/105103207
Civil Engineering,NOC:Engineering Hydrology,Prof. Sreeja Pekkat,IIT Guwahati,https://nptel.ac.in/courses/105103213
Civil Engineering,NOC:Expansive Soil,Prof. Anil Kumar Mishra,IIT Guwahati,https://nptel.ac.in/courses/105103214
Civil Engineering,NOC:Applied Seismology For Engineers,Prof. Abhishek Kumar,IIT Guwahati,https://nptel.ac.in/courses/105103346
Civil Engineering,NOC:Structural Vibration,Prof. Arunasis Chakraborty,IIT Guwahati,https://nptel.ac.in/courses/105103347
Civil Engineering,NOC:Reinforced Concrete Design,Prof. Arunasis Chakraborty,IIT Guwahati,https://nptel.ac.in/courses/105103824
Civil Engineering,NOC:Geology And Soil Mechanics,Prof. Priyanka Ghosh,IIT Kanpur,https://nptel.ac.in/courses/105104147
Civil Engineering,NOC:Introduction To Accounting And Finance For Civil Engineers,"Dr. K.N. Jha, Dr. Sudhir Misra",IIT Kanpur,https://nptel.ac.in/courses/105104178
Civil Engineering,NOC:Natural Hazards - Part-1,Prof. Javed N. Malik,IIT Kanpur,https://nptel.ac.in/courses/105104183
Civil Engineering,NOC:Structural Dynamics For Civil Engineers - SDOF Systems,Prof. Riya Catherine George,IIT Kanpur,https://nptel.ac.in/courses/105104189
Civil Engineering,NOC:Geomorphic Processes: Landforms And Landscapes,Prof. Javed N. Malik,IIT Kanpur,https://nptel.ac.in/courses/105104190
Civil Engineering,NOC:Development And Applications Of Special Concretes,Prof. Sudhir Misra,IIT Kanpur,https://nptel.ac.in/courses/105104206
Civil Engineering,NOC:निर्माण प्रबंधन (Construction Management) के सिद्धांत[Nirman Prabandhan (Construction Management) Ke Siddhant],Prof. Sudhir Misra,IIT Kanpur,https://nptel.ac.in/courses/105104348
Civil Engineering,NOC:Natural Hazards (Hindi),Prof. Javed N. Malik,IIT Kanpur,https://nptel.ac.in/courses/105104562
Civil Engineering,NOC:Environmental Fluid Mechanics,Prof. Chunendra K Sahu,IIT Kanpur,https://nptel.ac.in/courses/105104565
Civil Engineering,NOC:Nonlinear Structural Analysis: Theory And Applications,Prof. Chinmoy Kolay,IIT Kanpur,https://nptel.ac.in/courses/105104825
Civil Engineering,NOC:Sustainable Engineering Concepts And Life Cycle Analysis,Prof. Brajesh Kumar Dubey,IIT Kharagpur,https://nptel.ac.in/courses/105105157
Civil Engineering,NOC:Structural Analysis I,Prof. Amit Shaw,IIT Kharagpur,https://nptel.ac.in/courses/105105166
Civil Engineering,NOC:Electronic Waste Management - Issues And Challenges,Prof. Brajesh Kumar Dubey,IIT Kharagpur,https://nptel.ac.in/courses/105105169
Civil Engineering,NOC:Introduction To Mineral Processing,Prof. Arun Kumar Majumder,IIT Kharagpur,https://nptel.ac.in/courses/105105171
Civil Engineering,NOC:Plastic Waste Management,Prof. Brajesh Kumar Dubey,IIT Kharagpur,https://nptel.ac.in/courses/105105184
Civil Engineering,NOC:Geotechnical Engineering II Foundation Engineering,Prof. Dilip Kumar Baidya,IIT Kharagpur,https://nptel.ac.in/courses/105105185
Civil Engineering,NOC:Soil Structure Interaction,Prof. Koushik Deb,IIT Kharagpur,https://nptel.ac.in/courses/105105200
Civil Engineering,NOC:Hydraulic Engineering,Prof. Mohammad Saud Afzal,IIT Kharagpur,https://nptel.ac.in/courses/105105203
Civil Engineering,NOC:Advanced Foundation Engineering,Prof. Kousik Deb,IIT Kharagpur,https://nptel.ac.in/courses/105105207
Civil Engineering,NOC:Urban Transport Systems Planning,Prof. Bhargab Maitra,IIT Kharagpur,https://nptel.ac.in/courses/105105208
Civil Engineering,NOC:Retrofitting And Rehabilitation Of Civil Infrastructure,Prof. Swati Maitra Prof. Sriman Bhattacharya,IIT Kharagpur,https://nptel.ac.in/courses/105105213
Civil Engineering,NOC:Surface Water Hydrology,Prof. Rajib Maity,IIT Kharagpur,https://nptel.ac.in/courses/105105214
Civil Engineering,NOC:Traffic Engineering,Prof. Bhargab Maitra,IIT Kharagpur,https://nptel.ac.in/courses/105105215
Civil Engineering,NOC:Soil Dynamics,Prof. Paramita Bhattacharya,IIT Kharagpur,https://nptel.ac.in/courses/105105221
Civil Engineering,NOC:Industrial Wastewater Treatment,"Prof Alok Sinha , Prof S K Gupta",IIT-ISM Dhanbad,https://nptel.ac.in/courses/105105350
Civil Engineering,NOC:Free Surface Flows,Prof. Mohammad Saud Afzal,IIT Kharagpur,https://nptel.ac.in/courses/105105560
Civil Engineering,NOC:Reservoir Geophysics For Hydrocarbon Exploration,Prof. Saurabh Datta Gupta,IIT-ISM Dhanbad,https://nptel.ac.in/courses/105105563
Civil Engineering,NOC:Mathematical Geophysics,Prof. Swarandeep Sahoo,IIT-ISM Dhanbad,https://nptel.ac.in/courses/105105566
Civil Engineering,NOC:Tectonics And Geodynamics,Prof. Saibal Gupta,IIT Kharagpur,https://nptel.ac.in/courses/105105567
Civil Engineering,NOC:Fundamentals Of Ecosystem Health And Assessment,Prof. Surjya Kumar Saikia,"Visva Bharati University, Santiniketan",https://nptel.ac.in/courses/105105826
Civil Engineering,NOC:Design Of Structural Systems,Prof. T. Jothi Saravanan,IIT Bhubaneswar,https://nptel.ac.in/courses/105105827
Civil Engineering,NOC:Geosynthetics And Reinforced Soil Structures,"Prof. Dali Naidu Arnepalli, Prof. K. Rajagopal",Andhra University IIT Madras,https://nptel.ac.in/courses/105106052
Civil Engineering,NOC:Modern Construction Materials,"Dr. Ravindra Gettu, Prof. Piyush Chaunsali",IIT Madras,https://nptel.ac.in/courses/105106053
Civil Engineering,NOC:Structural Dynamics,Prof. Ramancharala Pradeep Kumar,IIIT Hyderabad,https://nptel.ac.in/courses/105106151
Civil Engineering,NOC:Characterization Of Construction Materials,"Prof. Manu Santhanam, Prof. Piyush Chaunsali",IIT Madras,https://nptel.ac.in/courses/105106200
Civil Engineering,NOC:Introduction To Civil Engineering Profession,"Dr. Ravindra Gettu, Prof. Subhadeep Banerjee",IIT Madras,https://nptel.ac.in/courses/105106201
Civil Engineering,NOC:Maintenance And Repair Of Concrete Structures,Prof. Radhakrishna G. Pillai,IIT Madras,https://nptel.ac.in/courses/105106202
Civil Engineering,NOC:Basic Construction Materials,"Prof. Manu Santhanam, Prof. Radhakrishna G. Pillai",IIT Madras,https://nptel.ac.in/courses/105106206
Civil Engineering,NOC:Introduction To Lean Construction,Prof. Koshy Varghese Prof. N Raghavan,IIT Madras,https://nptel.ac.in/courses/105106213
Civil Engineering,NOC:Design Of Connections In Steel Structures,Prof. Anil Agarwal,IIT Hyderabad,https://nptel.ac.in/courses/105106216
Civil Engineering,NOC:Analysis And Design Of Bituminous Pavements,"A. Padmarekha (APR), J. Murali Krishnan (JMK), M. R. Nivitha (MRN), Neethu Roy (NR)",IIT Madras,https://nptel.ac.in/courses/105106221
Civil Engineering,NOC:FEM & Constitutive Modelling In Geomechanics,Prof. K Rajagopal,IIT Madras,https://nptel.ac.in/courses/105106222
Civil Engineering,NOC:The Evolution Of The Earth And Life,Prof. Devapriya Chattopadhyay,IISER Pune,https://nptel.ac.in/courses/105106223
Civil Engineering,NOC:Geophysical Exploration Methods,Prof. Elango Lakshmanan,IIT Madras,https://nptel.ac.in/courses/105106561
Civil Engineering,NOC:Stability Aspects Of Structural Steel Design: Concepts And Applications,Prof. Mahendrakumar Madhavan,IIT Hyderabad,https://nptel.ac.in/courses/105106564
Civil Engineering,NOC:Theory Of Plasticity For Engineers: Concepts And Applications,Prof. Amirtham Rajagopal,IIT Hyderabad,https://nptel.ac.in/courses/105106828
Civil Engineering,NOC:Basics Of Climate Modeling,Prof. Asif Qureshi,IIT Hyderabad,https://nptel.ac.in/courses/105106829
Civil Engineering,NOC:Seismic Design Of Building Structures,Prof. Vishwajit Anand,IIT(BHU) Varanasi,https://nptel.ac.in/courses/105106830
Civil Engineering,NOC:Climate Hazards And Disaster Mitigation,Prof. Priyank J. Sharma,IIT Indore,https://nptel.ac.in/courses/105106831
Civil Engineering,NOC:Smart Cities,"Prof. Neelima Satyam, Prof. Priyansh Singh",IIT Indore,https://nptel.ac.in/courses/105106832
Civil Engineering,NOC:GPS SURVEYING,Prof. J. K. Ghosh,IIT Roorkee,https://nptel.ac.in/courses/105107157
Civil Engineering,NOC:Digital Land Surveying And Mapping(DLS&M),Prof. J. K. Ghosh(Late),IIT Roorkee,https://nptel.ac.in/courses/105107158
Civil Engineering,NOC:Applied Environmental Microbiology,Prof. Gargi Singh,IIT Roorkee,https://nptel.ac.in/courses/105107173
Civil Engineering,NOC:Environmental Remediation Of Contaminated Sites,"Prof. Bhanu Prakash Vellanki, Prof. Thomas Boving",IIT Roorkee,https://nptel.ac.in/courses/105107181
Civil Engineering,NOC:Geomorphology,Prof. Pitambar Pati,IIT Roorkee,https://nptel.ac.in/courses/105107200
Civil Engineering,NOC:Remote Sensing Essentials,Prof. A. K. Saraf,IIT Roorkee,https://nptel.ac.in/courses/105107201
Civil Engineering,NOC:Earthquake Resistant Design Of Foundations,Prof. B. K. Maheshwari,IIT Roorkee,https://nptel.ac.in/courses/105107204
Civil Engineering,NOC:Geographic Information Systems,Prof. A. K. Saraf,IIT Roorkee,https://nptel.ac.in/courses/105107206
Civil Engineering,NOC:Water And Waste Water Treatment,Prof. Bhanu Prakash Vellanki,IIT Roorkee,https://nptel.ac.in/courses/105107207
Civil Engineering,NOC:Rock Engineering,Prof. Priti Maheshwari,IIT Roorkee,https://nptel.ac.in/courses/105107208
Civil Engineering,NOC:Air Pollution And Control,Prof. Bhola Ram Gurjar,IIT Roorkee,https://nptel.ac.in/courses/105107213
Civil Engineering,NOC:Railway Engineering,Prof. Rajat Rastogi,IIT Roorkee,https://nptel.ac.in/courses/105107463
Civil Engineering,NOC:Drone Surveying,"Prof. Pradeep Kumar Garg, Prof. Prakhar Misra",IIT Roorkee,https://nptel.ac.in/courses/105107833
Civil Engineering,NOC:Aquatic Geochemistry,Prof. Soumita Boral,IISc Bangalore,https://nptel.ac.in/courses/105108822
Civil Engineering,NOC:Advanced Reinforced Concrete Design,Prof. S. Suriya Prakash,IIT Hyderabad,https://nptel.ac.in/courses/105106224
Civil Engineering,NOC:Admixtures And Special Concretes,Prof. Manu Santhanam,IIT Madras,https://nptel.ac.in/courses/105106225
Civil Engineering,NOC:Advanced Topics In Science And Technology Of Concrete,"Prof. Manu Santhanam, Prof. Ravindra Gettu",IIT Madras,https://nptel.ac.in/courses/105106351
Civil Engineering,"NOC:An Introduction To Climate Dynamics, Variability And Monitoring",Prof. Sayak Banerjee,IIT Hyderabad,https://nptel.ac.in/courses/105106465
Civil Engineering,"NOC:Indoor Air Pollution: Sources, Effects, Monitoring, Control And Modeling",Prof. Asif Qureshi,IIT Hyderabad,https://nptel.ac.in/courses/105106491
Civil Engineering,Construction Economics And Finance,Prof. Nikhil Bugalia,IIT Madras,https://nptel.ac.in/courses/105106653
Civil Engineering,NOC:Advanced Prestressed Concrete Design,Prof. S. Suriya Prakash,IIT Hyderabad,https://nptel.ac.in/courses/105106686
Civil Engineering,NOC:Sustainable Groundwater Management,Prof. Elango Lakshmanan,IIT Madras,https://nptel.ac.in/courses/105106694
Civil Engineering,NOC:Climate Change - Extreme Events,Prof. Somil Swarnkar,IISER Bhopal,https://nptel.ac.in/courses/105106707
Civil Engineering,Advanced Hydraulics,Dr. C. S. P. Ojha,IIT Roorkee,https://nptel.ac.in/courses/105107059
Civil Engineering,Global Positioning System,Dr. R.D. Garg,IIT Roorkee,https://nptel.ac.in/courses/105107062
Civil Engineering,Soil Dynamics,Dr. S. Mittal,IIT Roorkee,https://nptel.ac.in/courses/105107066
Civil Engineering,Urban Transportation Planning,Dr. M. Parida,IIT Roorkee,https://nptel.ac.in/courses/105107067
Civil Engineering,Foundation Engineering,"Prof. Mahendra Singh, Prof. N.K. Samadhiya, Prof. Priti Maheswari",IIT Roorkee,https://nptel.ac.in/courses/105107120
Civil Engineering,Modern Surveying Techniques,Prof. S.K. Ghosh,IIT Roorkee,https://nptel.ac.in/courses/105107121
Civil Engineering,Surveying,Prof. J.K. Ghosh,IIT Roorkee,https://nptel.ac.in/courses/105107122
Civil Engineering,Transportation Engineering II,Prof. Rajat Rastogi,IIT Roorkee,https://nptel.ac.in/courses/105107123
Civil Engineering,Hydrological Measurements And Analysis Of Data,Dr. Sharad Kumar Jain,IIT Roorkee,https://nptel.ac.in/courses/105107129
Civil Engineering,NOC:Introduction To Geographic Information Systems,Prof. Arun K. Saraf,IIT Roorkee,https://nptel.ac.in/courses/105107155
Civil Engineering,NOC:Digital Image Processing Of Remote Sensing Data,Prof. Arun K. Saraf,IIT Roorkee,https://nptel.ac.in/courses/105107160
Civil Engineering,NOC:Digital Elevation Models And Applications,Prof. Arun K. Saraf,IIT Roorkee,https://nptel.ac.in/courses/105107174
Civil Engineering,NOC:Environmental Chemistry,Prof. Bhanu Prakash Vellanki,IIT Roorkee,https://nptel.ac.in/courses/105107176
Civil Engineering,NOC:Global Navigation Satellite Systems And Applications,Prof. Arun. K. Saraf,IIT Roorkee,https://nptel.ac.in/courses/105107194
Civil Engineering,NOC:Finite Element Method And Computational Structural Dynamics,Prof. Manish Shrikhande,IIT Roorkee,https://nptel.ac.in/courses/105107209
Civil Engineering,NOC:Sustainable Transportation Systems,Prof. Bhola Ram Gurjar,IIT Roorkee,https://nptel.ac.in/courses/105107210
Civil Engineering,NOC:Underground Space Technology,Prof. Priti Maheshwari,IIT Roorkee,https://nptel.ac.in/courses/105107216
Civil Engineering,NOC:Environmental Modeling And Simulation,Prof. Gargi Singh,IIT Roorkee,https://nptel.ac.in/courses/105107217
Civil Engineering,NOC:Advanced Geomatics Engineering,Prof. Pradeep Kumar Garg,IIT Roorkee,https://nptel.ac.in/courses/105107218
Civil Engineering,NOC:Pavement Materials (Under Pavement Engineering),Prof. Nikhil Saboo,IIT Roorkee,https://nptel.ac.in/courses/105107219
Civil Engineering,NOC:Geometric Design Of Highways,Prof. Rajat Rastogi,IIT Roorkee,https://nptel.ac.in/courses/105107220
Civil Engineering,NOC:Plate Tectonics,Prof. Pitambar Pati,IIT Roorkee,https://nptel.ac.in/courses/105107224
Civil Engineering,NOC:Earthquake Geotechnical Engineering,Prof. B. K. Maheshwari,IIT Roorkee,https://nptel.ac.in/courses/105107225
Civil Engineering,NOC:Groundwater Engineering,Prof. Arun K. Saraf,IIT Roorkee,https://nptel.ac.in/courses/105107473
Civil Engineering,NOC:Introduction To Sequence Stratigraphy,Prof. Biplab Bhattacharya,IIT Roorkee,https://nptel.ac.in/courses/105107710
Civil Engineering,Advanced Foundation Engineering,Dr. T.G. Sitharam,IISc Bangalore,https://nptel.ac.in/courses/105108069
Civil Engineering,Applied Elasticity For Engineers,"Dr. L. Govindaraju, Dr. T.G. Sitharam",IISc Bangalore,https://nptel.ac.in/courses/105108070
Civil Engineering,Continuum Damage Mechanics,Dr. P.C. Pandey,IISc Bangalore,https://nptel.ac.in/courses/105108072
Civil Engineering,Geo-Informatics In Transportation Engineering,Dr. Ashish Verma,IISc Bangalore,https://nptel.ac.in/courses/105108073
Civil Engineering,Geotechnical Earthquake Engineering,Dr. Gali Madhavi Latha,IISc Bangalore,https://nptel.ac.in/courses/105108074
Civil Engineering,Ground Improvement Techniques,Dr. G.L. Sivakumar Babu,IISc Bangalore,https://nptel.ac.in/courses/105108075
Civil Engineering,Introduction To Engineering Seismology,Dr. P. Anbazhagan,IISc Bangalore,https://nptel.ac.in/courses/105108076
Civil Engineering,Remote Sensing,Dr. D. Nagesh Kumar,IISc Bangalore,https://nptel.ac.in/courses/105108077
Civil Engineering,Site Characterisation & Instrumentation,Dr. P. Anbazhagan,IISc Bangalore,https://nptel.ac.in/courses/105108078
Civil Engineering,Stochastic Hydrology,Prof. P.P. Mujumdar,IISc Bangalore,https://nptel.ac.in/courses/105108079
Civil Engineering,Stochastic Structural Dynamics,Prof. C.S. Manohar,IISc Bangalore,https://nptel.ac.in/courses/105108080
Civil Engineering,Water Resources Systems Planning And Management,Dr. D. Nagesh Kumar,IISc Bangalore,https://nptel.ac.in/courses/105108081
Civil Engineering,Composite Materials,Dr. P.C. Pandey,IISc Bangalore,https://nptel.ac.in/courses/105108124
Civil Engineering,Computational Hydraulics,Prof. M.S. Mohan Kumar,IISc Bangalore,https://nptel.ac.in/courses/105108125
Civil Engineering,Optimization Methods,Dr. D. Nagesh Kumar,IISc Bangalore,https://nptel.ac.in/courses/105108127
Civil Engineering,Reliability Engineering,Dr. G.L. Sivakumar Babu,IISc Bangalore,https://nptel.ac.in/courses/105108128
Civil Engineering,Water Resources Systems : Modeling Techniques And Analysis,Prof. P.P. Mujumdar,IISc Bangalore,https://nptel.ac.in/courses/105108130
Civil Engineering,Finite Element Method For Vibration And Stability Analyses,Prof. C.S. Manohar,IISc Bangalore,https://nptel.ac.in/courses/105108141
Civil Engineering,NOC:Introduction To Engineering Seismology,Prof. P. Anbazhagan,IISc Bangalore,https://nptel.ac.in/courses/105108204
Civil Engineering,Advanced Geotechnical Engineering,Dr. B.V.S. Viswanadham,IIT Bombay,https://nptel.ac.in/courses/105101001
Civil Engineering,Advanced Hydrology,Dr. Subhankar Karmakar,IIT Bombay,https://nptel.ac.in/courses/105101002
Civil Engineering,Introduction To Earthquake Engineering,Dr. R.S. Jangid,IIT Bombay,https://nptel.ac.in/courses/105101004
Civil Engineering,Soil Dynamics,Dr. Deepankar Choudhury,IIT Bombay,https://nptel.ac.in/courses/105101005
Civil Engineering,Structural Dynamics,Dr. P. Banerji,IIT Bombay,https://nptel.ac.in/courses/105101006
Civil Engineering,Traffic Engineering & Management,Dr. Tom V Mathew,IIT Bombay,https://nptel.ac.in/courses/105101008
Civil Engineering,Watershed Management,Dr. T.I. Eldho,IIT Bombay,https://nptel.ac.in/courses/105101010
Civil Engineering,Fluid Mechanics,Dr. T.I. Eldho,IIT Bombay,https://nptel.ac.in/courses/105101082
Civil Engineering,Foundation Engineering,Dr. Deepankar Choudhury,IIT Bombay,https://nptel.ac.in/courses/105101083
Civil Engineering,Soil Mechanics,Dr. B.V.S. Viswanadham,IIT Bombay,https://nptel.ac.in/courses/105101084
Civil Engineering,Structural Analysis I,"Dr. R.S. Jangid, Dr. Siddhartha Ghosh",IIT Bombay,https://nptel.ac.in/courses/105101085
Civil Engineering,Structural Analysis II,Dr. P. Banerji,IIT Bombay,https://nptel.ac.in/courses/105101086
Civil Engineering,Transportation Engineering I,Dr. Tom V Mathew,IIT Bombay,https://nptel.ac.in/courses/105101087
Civil Engineering,Geotechnical Earthquake Engineering,Dr. Deepankar Choudhury,IIT Bombay,https://nptel.ac.in/courses/105101134
Civil Engineering,Geosynthetics Engineering: In Theory And Practice,Prof. J. N. Mandal,IIT Bombay,https://nptel.ac.in/courses/105101143
Civil Engineering,NOC:Geotechnical Engineering Laboratory,Prof. J.N. Mandal,IIT Bombay,https://nptel.ac.in/courses/105101160
Civil Engineering,NOC:Geosynthetics Testing Laboratory,Prof. J. N. Mandal,IIT Bombay,https://nptel.ac.in/courses/105101176
Civil Engineering,NOC:Environmental Geotechnics,Prof. Devendra Narain Singh,IIT Bombay,https://nptel.ac.in/courses/105101196
Civil Engineering,NOC:Environmental Geomechanics,Prof. D. N. Singh,IIT Bombay,https://nptel.ac.in/courses/105101200
Civil Engineering,NOC:Remote Sensing: Principles And Applications,Prof. Eswar Rajasekaran,IIT Bombay,https://nptel.ac.in/courses/105101206
Civil Engineering,NOC:Dynamics Of Structures,Prof. Manish Kumar,IIT Bombay,https://nptel.ac.in/courses/105101209
Civil Engineering,NOC:Rural Water Resources Management,Prof. Pennan Chinnasamy,IIT Bombay,https://nptel.ac.in/courses/105101215
Civil Engineering,NOC:Geotechnical Engineering-II,Prof. D. N. Singh,IIT Bombay,https://nptel.ac.in/courses/105101216
Civil Engineering,NOC:Stress And Strain Issues In Structural Geology,Prof. Soumyajit Mukherjee,IIT Bombay,https://nptel.ac.in/courses/105101474
Civil Engineering,NOC:Principles Of Stratigraphy,Prof. Soumyajit Mukherjee,IIT Bombay,https://nptel.ac.in/courses/105101732
Civil Engineering,G.I.S In Civil Engineering,Dr. A.K. Gosain,IIT Delhi,https://nptel.ac.in/courses/105102015
Civil Engineering,Seismic Analysis Of Structures,"Dr. Ashok Gupta, Dr. T.K. Datta",IIT Delhi,https://nptel.ac.in/courses/105102016
Civil Engineering,Civil Engineering - Building Materials And Construction,Dr. B. Bhattacharjee,IIT Delhi,https://nptel.ac.in/courses/105102088
Civil Engineering,Environmental Air Pollution,Prof. Mukesh Khare,IIT Delhi,https://nptel.ac.in/courses/105102089
Civil Engineering,Mechanics Of Solids,Prof. Y. Nath,IIT Delhi,https://nptel.ac.in/courses/105102090
Civil Engineering,Water Management,Dr. A.K. Gosain,IIT Delhi,https://nptel.ac.in/courses/105102159
Civil Engineering,"NOC:Geoenvironmental Engineering (Environmental Geotechnology): Landfills, Slurry Ponds & Contaminated Sites",Prof. Manoj Dutta,IIT Delhi,https://nptel.ac.in/courses/105102160
Civil Engineering,"NOC:Fire Protection, Services And Maintenance Management Of Building",Prof. B Bhattacharjee,IIT Delhi,https://nptel.ac.in/courses/105102176
Civil Engineering,NOC:Sustainable Materials And Green Buildings,Prof. B Bhattacharjee,IIT Delhi,https://nptel.ac.in/courses/105102195
Civil Engineering,NOC:Scheduling Techniques In Projects,Prof. J. Uma Maheswari,IIT Delhi,https://nptel.ac.in/courses/105102199
Civil Engineering,NOC:Safety In Construction,Prof. J. Uma Maheswari,IIT Delhi,https://nptel.ac.in/courses/105102206
Civil Engineering,NOC:Structural Dynamics: Theory And Computation,Prof. Arnab Banerjee,IIT Delhi,https://nptel.ac.in/courses/105102688
Civil Engineering,Advanced Hydraulics,Dr. Suresh A Kartha,IIT Guwahati,https://nptel.ac.in/courses/105103021
Civil Engineering,Construction Economics & Finance,Dr. Bulu Pradhan,IIT Guwahati,https://nptel.ac.in/courses/105103023
Civil Engineering,Geo-Environmental Engineering,Dr. S. Sreedeep,IIT Guwahati,https://nptel.ac.in/courses/105103025
Civil Engineering,Ground Water Hydrology,Dr. Rajib K. Bhattacharjya,IIT Guwahati,https://nptel.ac.in/courses/105103026
Civil Engineering,Probability Methods In Civil Engineering,Dr. C. Mallikarjuna,IIT Guwahati,https://nptel.ac.in/courses/105103027
Civil Engineering,Construction Planning And Management,Prof. Arbind Kumar Singh,IIT Guwahati,https://nptel.ac.in/courses/105103093
Civil Engineering,Fluid Mechanics,"Dr. N. Sahoo, Dr. Subhashisa Dutta",IIT Guwahati,https://nptel.ac.in/courses/105103095
Civil Engineering,Hydraulics,Prof. Arup Kumar Sharma,IIT Guwahati,https://nptel.ac.in/courses/105103096
Civil Engineering,Soil Mechanics,Prof. Baleshwar Singh,IIT Guwahati,https://nptel.ac.in/courses/105103097
Civil Engineering,Financing Infrastructure Projects,Dr. Laishram Boeing Singh,IIT Guwahati,https://nptel.ac.in/courses/105103133
Civil Engineering,Unsaturated Soil Mechanics,Dr. Tadikonda Venkata Bharat,IIT Guwahati,https://nptel.ac.in/courses/105103139
Civil Engineering,Structural Reliability,Dr. Arunasis Chakraborty,IIT Guwahati,https://nptel.ac.in/courses/105103140
Civil Engineering,NOC:Higher Surveying,Prof. Ajay Dashora,IIT Guwahati,https://nptel.ac.in/courses/105103176
Civil Engineering,NOC:Subsurface Exploration :Importance And Techniques Involved,Prof. Abhishek Kumar,IIT Guwahati,https://nptel.ac.in/courses/105103182
Civil Engineering,NOC:Fluid Mechanics,Prof. Subashisa Dutta,IIT Guwahati,https://nptel.ac.in/courses/105103192
Civil Engineering,NOC:Remote Sensing And GIS,Prof. Rishikesh Bharti,IIT Guwahati,https://nptel.ac.in/courses/105103193
Civil Engineering,NOC:River Engineering,Prof. Subashisa Dutta,IIT Guwahati,https://nptel.ac.in/courses/105103204
Civil Engineering,NOC:Municipal Solid Waste Management,Prof. Ajay Kalamdhad,IIT Guwahati,https://nptel.ac.in/courses/105103205
Civil Engineering,NOC:Plates And Shells,Prof. Sudip Talukdar,IIT Guwahati,https://nptel.ac.in/courses/105103209
Civil Engineering,NOC:Optimization Methods For Civil Engineering,Prof. Rajib Kumar Bhattacharjya,IIT Guwahati,https://nptel.ac.in/courses/105103210
Civil Engineering,NOC:Vibration Of Continuous Systems,Prof. Sudip Talukdar,IIT Guwahati,https://nptel.ac.in/courses/105103221
Civil Engineering,NOC:Reliability-Based Structural Design,Prof. Arunasis Chakarborty,IIT Guwahati,https://nptel.ac.in/courses/105103224
Civil Engineering,NOC:Mechanics Of Solids,Prof. Arunasis Chakarborty,IIT Guwahati,https://nptel.ac.in/courses/105103684
Civil Engineering,NOC:Pavement Construction Technology,Prof. Rajan Choudhary,IIT Guwahati,https://nptel.ac.in/courses/105103685
Civil Engineering,NOC:Blast And Impact Resistant Structures,Prof. Hrishikesh Sharma,IIT Guwahati,https://nptel.ac.in/courses/105103687
Civil Engineering,NOC:Remote Sensing For Natural Hazard Studies,Prof. Rishikesh Bharti,IIT Guwahati,https://nptel.ac.in/courses/105103692
Civil Engineering,Advanced Hydrology,Dr. Ashu Jain,IIT Kanpur,https://nptel.ac.in/courses/105104029
Civil Engineering,NOC:Concrete Engineering And Technology,Prof. Sudhir Misra,IIT Kanpur,https://nptel.ac.in/courses/105104030
Civil Engineering,Advanced Transportation Engineering,"Prof. A. Das, Prof. Partha Chakraborty",IIT Kanpur,https://nptel.ac.in/courses/105104098
Civil Engineering,Environmental Air Pollution,Prof. Mukesh Sharma,IIT Kanpur,https://nptel.ac.in/courses/105104099
Civil Engineering,Modern Surveying Techniques,Dr. Onkar Dikshit,IIT Kanpur,https://nptel.ac.in/courses/105104100
Civil Engineering,Surveying,Dr. Bharat Lohani,IIT Kanpur,https://nptel.ac.in/courses/105104101
Civil Engineering,Water And Waste Water Engineering,Dr. P. Bose,IIT Kanpur,https://nptel.ac.in/courses/105104102
Civil Engineering,Water Resources Engineering,"Dr. Pranab K Mohapatra, Prof. Rajesh Srivastava",IIT Kanpur,https://nptel.ac.in/courses/105104103
Civil Engineering,NOC:Engineering Graphics,Prof. Nihar Ranjan Patra,IIT Kanpur,https://nptel.ac.in/courses/105104148
Civil Engineering,NOC:Earth Sciences For Civil Engineering Part - I & II,Prof. Javed N. Malik,IIT Kanpur,https://nptel.ac.in/courses/105104152
Civil Engineering,NOC:Earth Sciences For Civil Engineering - Part 2,Prof. Javed N. Malik,IIT Kanpur,https://nptel.ac.in/courses/105104156
Civil Engineering,"NOC:Hydration, Porosity And Strength Of Cementitious Materials","Dr. Sudhir Misra, Prof. K. V. Harish",IIT Kanpur,https://nptel.ac.in/courses/105104157
Civil Engineering,NOC:Mechanics Of Solids,Prof. Priyanka Ghosh,IIT Kanpur,https://nptel.ac.in/courses/105104160
Civil Engineering,NOC:Principles Of Construction Management,Prof. Sudhir Misra,IIT Kanpur,https://nptel.ac.in/courses/105104161
Civil Engineering,NOC:Foundation Design,Prof. Nihar Ranjan Patra,IIT Kanpur,https://nptel.ac.in/courses/105104162
Civil Engineering,NOC:Photogeology In Terrain Evaluation,Prof. Javed N. Malik,IIT Kanpur,https://nptel.ac.in/courses/105104167
Civil Engineering,NOC:Photogeology In Terrain Evaluation (Part 2),Prof. Javed Malik,IIT Kanpur,https://nptel.ac.in/courses/105104177
Civil Engineering,NOC:Structural Geology,Prof. Santanu Misra,IIT Kanpur,https://nptel.ac.in/courses/105104191
Civil Engineering,NOC:Earthquake Geology:A Tool For Seismic Hazard Assessment,Prof. Javed N. Malik,IIT Kanpur,https://nptel.ac.in/courses/105104200
Civil Engineering,NOC:Introductory Field Structural Geology,Prof. Santanu Misra,IIT Kanpur,https://nptel.ac.in/courses/105104216
Civil Engineering,NOC:Earth Sciences For Civil Engineering (Hindi),Prof. Javed N Malik,IIT Kanpur,https://nptel.ac.in/courses/105104224
Civil Engineering,NOC:Laboratory Practices In Earth Sciences: Landscape Mapping,Prof. Javed N Malik,IIT Kanpur,https://nptel.ac.in/courses/105104349
Civil Engineering,NOC:Transportation Network Analysis,Prof. Hemant Gehlot,IIT Kanpur,https://nptel.ac.in/courses/105104689
Civil Engineering,NOC:Stability Of Structures,Prof. Sudib Kumar Mishra,IIT Kanpur,https://nptel.ac.in/courses/105104693
Civil Engineering,NOC:Earthquake Geology: A Tool For Seismic Hazard Assessment,Prof. Javed N Malik,IIT Kanpur,https://nptel.ac.in/courses/105104708
Civil Engineering,Advanced Foundation Engineering,Dr. Kousik Deb,IIT Kharagpur,https://nptel.ac.in/courses/105105039
Civil Engineering,Finite Element Analysis,"Dr. D. Maity, Prof. S.K. Bhattacharyya",IIT Kharagpur,https://nptel.ac.in/courses/105105041
Civil Engineering,Ground Water Hydrology,"Dr. Anirban Dhar, Dr. V.R. Desai",IIT Kharagpur,https://nptel.ac.in/courses/105105042
Civil Engineering,Numerical Methods In Civil Engineering,Dr. A. Deb,IIT Kharagpur,https://nptel.ac.in/courses/105105043
Civil Engineering,Probability Methods In Civil Engineering,Dr. Rajib Maity,IIT Kharagpur,https://nptel.ac.in/courses/105105045
Civil Engineering,Wastewater Management,Dr. M.M. Ghangrekar,IIT Kharagpur,https://nptel.ac.in/courses/105105048
Civil Engineering,Design Of Concrete Structures,Prof. J.N. Bandopadhyay,IIT Kharagpur,https://nptel.ac.in/courses/105105104
Civil Engineering,NOC:Design Of Reinforced Concrete Structures,Prof. Nirjhar Dhang,IIT Kharagpur,https://nptel.ac.in/courses/105105105
Civil Engineering,Engineering Geology,Dr. Debasis Roy,IIT Kharagpur,https://nptel.ac.in/courses/105105106
Civil Engineering,Introduction To Transportation Engineering,"Dr. Bhargab Maitra, Dr. K.S. Reddy",IIT Kharagpur,https://nptel.ac.in/courses/105105107
Civil Engineering,NOC:Strength Of Materials,Prof. Sriman Kumar Bhattacharya,IIT Kharagpur,https://nptel.ac.in/courses/105105108
Civil Engineering,Structural Analysis II,"Prof. L.S. Ramachandra, Prof. Sudhir Kumar Barai",IIT Kharagpur,https://nptel.ac.in/courses/105105109
Civil Engineering,Water Resources Engineering,Dr. Dhrubajyoti Sen,IIT Kharagpur,https://nptel.ac.in/courses/105105110
Civil Engineering,Probability Methods In Civil Engineering,Dr. Rajib Maity,IIT Kharagpur,https://nptel.ac.in/courses/105105138
Civil Engineering,NOC:Probability Methods In Civil Engineering,Prof. Rajib Maity,IIT Kharagpur,https://nptel.ac.in/courses/105105150
Civil Engineering,NOC:Visual Semiotics For Visual Communication,Prof. Mainak Ghosh,IIT Kharagpur,https://nptel.ac.in/courses/105105156
Civil Engineering,NOC:Integrated Waste Management For A Smart City,Prof. Brajesh Kumar Dubey,IIT Kharagpur,https://nptel.ac.in/courses/105105160
Civil Engineering,NOC:Computational Hydraulics,Prof. Anirban Dhar,IIT Kharagpur,https://nptel.ac.in/courses/105105161
Civil Engineering,NOC:Design Of Steel Structures,Prof. Damodar Maity,IIT Kharagpur,https://nptel.ac.in/courses/105105162
Civil Engineering,NOC:Reinforced Concrete Road Bridges,Prof. Nirjhar Dhang,IIT Kharagpur,https://nptel.ac.in/courses/105105165
Civil Engineering,NOC:Soil Mechanics/Geotechnical Engineering I,Prof. Dilip Kumar Baidya,IIT Kharagpur,https://nptel.ac.in/courses/105105168
Civil Engineering,"NOC:Mineral Resources: Geology, Exploration, Economics And Environment",Prof. M. K. Panigrahi,IIT Kharagpur,https://nptel.ac.in/courses/105105170
Civil Engineering,NOC:Foundation Engineering,Prof. Kousik Deb,IIT Kharagpur,https://nptel.ac.in/courses/105105176
Civil Engineering,NOC:Theory Of Elasticity,"Prof. Biswanath Banjerjee, Prof. Amit Shaw",IIT Kharagpur,https://nptel.ac.in/courses/105105177
Civil Engineering,NOC:Wastewater Treatment And Recycling,Prof. Manoj Kumar Tiwari,IIT Kharagpur,https://nptel.ac.in/courses/105105178
Civil Engineering,"NOC:Fluid Inclusion In Mineral Principles, Methodology, Practice And Application",Prof. MK Panigrahi,IIT Kharagpur,https://nptel.ac.in/courses/105105179
Civil Engineering,NOC:Matrix Method Of Structural Analysis,"Prof. Biswanath Banjerjee, Prof. Amit Shaw",IIT Kharagpur,https://nptel.ac.in/courses/105105180
Civil Engineering,NOC:Water Supply Engineering,Prof. Manoj Kumar Tiwari,IIT Kharagpur,https://nptel.ac.in/courses/105105201
Civil Engineering,NOC:Geo Spatial Analysis In Urban Planning,Prof. Saikat Kumar Paul,IIT Kharagpur,https://nptel.ac.in/courses/105105202
Civil Engineering,NOC:Introduction To Multimodal Urban Transportation Systems (MUTS),Prof. Arkopal Kishore Goswami,IIT Kharagpur,https://nptel.ac.in/courses/105105204
Civil Engineering,NOC:Structural Reliability,Prof. Baidurya Bhattacharya,IIT Kharagpur,https://nptel.ac.in/courses/105105209
Civil Engineering,NOC:Ground Improvement,Prof. Dilip Kumar Baidya,IIT Kharagpur,https://nptel.ac.in/courses/105105210
Civil Engineering,NOC:Remote Sensing Of Leaf Area Index And Primary Productivity,Prof. MD Behera,IIT Kharagpur,https://nptel.ac.in/courses/105105211
Civil Engineering,NOC:Rock Mechanics And Tunneling,Prof. Debarghya Chakraborty,IIT Kharagpur,https://nptel.ac.in/courses/105105212
Civil Engineering,NOC:Bridge Engineering,Prof. Piyali Sengupta,IIT-ISM,https://nptel.ac.in/courses/105105216
Civil Engineering,NOC:Elastic Stability Of Structures,Prof. Sarat Kumar Panda,IIT-ISM,https://nptel.ac.in/courses/105105217
Civil Engineering,NOC:Radiogenic Isotope Geology,Prof R. Anand,IIT-ISM,https://nptel.ac.in/courses/105105218
Civil Engineering,NOC:Availability And Management Of Groundwater Resources,Prof. Prasoon Kumar Singh,IIT-ISM,https://nptel.ac.in/courses/105105219
Civil Engineering,NOC:Geotechnical Earthquake Engineering,Prof. Kousik Deb,IIT Kharagpur,https://nptel.ac.in/courses/105105224
Civil Engineering,NOC:Earthquake Seismology,Prof. Mohit Agrawal,IIT-ISM Dhanbad,https://nptel.ac.in/courses/105105225
Civil Engineering,NOC:Engineering Geology,Prof. R. K. Dubey,IIT-ISM Dhanbad,https://nptel.ac.in/courses/105105226
Civil Engineering,NOC:Geoengineering,Prof. R. K. Dubey,IIT-ISM Dhanbad,https://nptel.ac.in/courses/105105464
Civil Engineering,NOC:Advanced Structural Analysis,Prof. Devesh Punera,IIT Bhubaneshwar,https://nptel.ac.in/courses/105105690
Civil Engineering,NOC:Computational Geomechanics,Prof. Shantanu Patra,IIT Bhubaneshwar,https://nptel.ac.in/courses/105105691
Civil Engineering,"NOC:Geotechniques Of Dams, Tunnels And Underground Spaces",Prof. R. K. Dubey,IIT-ISM Dhanbad,https://nptel.ac.in/courses/105105709
Civil Engineering,NOC:Environmental Nanotechnology And Applications,Prof. Remya Neelancherry,IIT Bhubaneshwar,https://nptel.ac.in/courses/105105731
Civil Engineering,Advanced Solid Mechanics,Dr. U. Saravanan,IIT Madras,https://nptel.ac.in/courses/105106049
Civil Engineering,Advanced Structural Analysis,Prof. Devdas Menon,IIT Madras,https://nptel.ac.in/courses/105106050
Civil Engineering,Finite Element Analysis,Dr. B.N. Rao,IIT Madras,https://nptel.ac.in/courses/105106051
Civil Engineering,Rock Engineering,Dr. V.B. Maji,IIT Madras,https://nptel.ac.in/courses/105106055
Civil Engineering,Solid & Hazardous Waste Management,Dr. Indumathi Nambi,IIT Madras,https://nptel.ac.in/courses/105106056
Civil Engineering,Urban Transportation Planning,Dr. V. Thamizh Arasan,IIT Madras,https://nptel.ac.in/courses/105106058
Civil Engineering,Design Of Steel Structures I,"Prof. A.R. Shantha Kumar, Prof. S.R. Satishkumar",IIT Madras,https://nptel.ac.in/courses/105106112
Civil Engineering,Design Of Steel Structures II,"Prof. A.R. Shantha Kumar, Prof. S.R. Satishkumar",IIT Madras,https://nptel.ac.in/courses/105106113
Civil Engineering,Hydraulics,"Dr. B.S. Thandaveswara, Prof. B.S. Murty",IIT Madras,https://nptel.ac.in/courses/105106114
Civil Engineering,Infrastructure Planning And Management,"Dr. Ashwin Mahalingam, Prof. A. Veeraragavan",IIT Madras,https://nptel.ac.in/courses/105106115
Civil Engineering,NOC:Mechanics Of Solids,Prof. M. S. Sivakumar,IIT Madras,https://nptel.ac.in/courses/105106116
Civil Engineering,Pre-Stressed Concrete Structures,"Dr. Amlan Kumar Sengupta, Prof. Devdas Menon",IIT Madras,https://nptel.ac.in/courses/105106117
Civil Engineering,Pre-Stressed Concrete Structures,"Dr. Amlan Kumar Sengupta, Prof. Devdas Menon",IIT Madras,https://nptel.ac.in/courses/105106118
Civil Engineering,Water And Waste Water Engineering,"Prof. B.S. Murty, Prof. C. Venkobachar, Prof. Ligy Philip",IIT Madras,https://nptel.ac.in/courses/105106119
Civil Engineering,Concepts In Geotechnical And Foundation Engineering,Dr. Nainan P. Kurian,IIT Madras,https://nptel.ac.in/courses/105106142
Civil Engineering,Advanced Techniques In Geotechnical And Foundation Engineering,Dr. Nainan P. Kurian,IIT Madras,https://nptel.ac.in/courses/105106144
Civil Engineering,NOC:Sustainable River Basin Management,Prof. Franziska Steinbruch,IIT Madras,https://nptel.ac.in/courses/105106145
Civil Engineering,NOC:Project Planning & Control(Course Sponsored By Aricent),Prof. Koshy Varghese,IIT Madras,https://nptel.ac.in/courses/105106149
Civil Engineering,NOC:Mechanics Of Materials,Prof. Saravanan.U,IIT Madras,https://nptel.ac.in/courses/105106172
Civil Engineering,NOC:Advanced Concrete Technology,Prof. Manu Santhanam,IIT Madras,https://nptel.ac.in/courses/105106176
Civil Engineering,NOC:Glass In Buildings: Design And Application,Prof. K.N. Satyanarayana,IIT Madras,https://nptel.ac.in/courses/105106177
Civil Engineering,NOC:Glass Processing Technology,Prof. K.N. Satyanarayana,IIT Madras,https://nptel.ac.in/courses/105106178
Civil Engineering,NOC:Advanced Topics In The Science And Technology Of Concrete,"Dr. Ravindra Gettu, Prof. Manu Santhanam",IIT Madras,https://nptel.ac.in/courses/105106187
Civil Engineering,NOC:Infrastructure Planning And Managements,Prof. Ashwin Mahalingam,IIT Madras,https://nptel.ac.in/courses/105106188
Civil Engineering,NOC:Design Of Masonry Structures,Prof. Arun Menon,IIT Madras,https://nptel.ac.in/courses/105106197
Civil Engineering,NOC:Mechanical Characterization Of Bituminous Materials,"Dr. J. Murali Krishnan, Prof. A. Padmarekha(APR), Prof. M. R. Nivitha (MRN), Prof. Neethu Roy(NR)","PSG Tech., Coimbatore MBCET, Trivandrum SRM IST",https://nptel.ac.in/courses/105106203
Computer Science And Engineering,NOC:Games And Information,Prof. Ankur A. Kulkarni,IIT Bombay,https://nptel.ac.in/courses/106101360
Computer Science And Engineering,NOC:Time Series Modelling And Forecasting With Applications In R,Prof. Sudeep Bapat,IIT Bombay,https://nptel.ac.in/courses/106101578
Computer Science And Engineering,NOC:Advanced Computer Architecture,Prof. Smruti R.Sarangi,IIT Delhi,https://nptel.ac.in/courses/106102229
Computer Science And Engineering,NOC:Introduction To Large Language Models (LLMs),"Prof. Soumen Chakraborti, Prof. Tanmoy Chakraborty",IIT Delhi IIT Bombay,https://nptel.ac.in/courses/106102576
Computer Science And Engineering,NOC:User-Centric Computing For Human-Computer Interaction,Prof. Samit Bhattacharya,IIT Guwahati,https://nptel.ac.in/courses/106103220
Computer Science And Engineering,NOC:Digital Design With Verilog,"Prof. Aryabartta Sahu, Prof. Chandan Karfa",IIT Guwahati,https://nptel.ac.in/courses/106103358
Computer Science And Engineering,NOC:Parallel Computer Architecture,Prof. Hemangee K. Kapoor,IIT Guwahati,https://nptel.ac.in/courses/106103359
Computer Science And Engineering,NOC:Foundation For Virtual And Augmented Reality Systems,Prof. Samit Bhattacharya,IIT Guwahati,https://nptel.ac.in/courses/106103842
Computer Science And Engineering,NOC:Neural Networks For Computer Vision And Natural Language Processing,Prof. Arijit Sur,IIT Guwahati,https://nptel.ac.in/courses/106103843
Computer Science And Engineering,NOC:Cloud Computing And Distributed Systems,Prof. Rajiv Misra,IIT Patna,https://nptel.ac.in/courses/106104182
Computer Science And Engineering,NOC:Probability For Computer Science,Prof. Nitin Saxena,IIT Kanpur,https://nptel.ac.in/courses/106104233
Computer Science And Engineering,NOC:Circuit Complexity Theory,Prof. Raghunath Tewari,IIT Kanpur,https://nptel.ac.in/courses/106104241
Computer Science And Engineering,NOC:Basics Of Computational Complexity,Prof. Nitin Saxena,IIT Kanpur,https://nptel.ac.in/courses/106104357
Computer Science And Engineering,NOC:Edge Computing,Prof. Rajiv Misra,IIT Kanpur,https://nptel.ac.in/courses/106104449
Computer Science And Engineering,NOC:Practical High-Performance Computing,Prof. Mahendra Verma,IIT Kanpur,https://nptel.ac.in/courses/106104577
Computer Science And Engineering,NOC:Bayesian Data Analysis For The Behavioral Sciences,Prof. Himanshu Yadav,IIT Kanpur,https://nptel.ac.in/courses/106104844
Computer Science And Engineering,NOC:Quantum Computing: Algorithms And Limitations Through The Query Model,Prof. Rajat Mittal,IIT Kanpur,https://nptel.ac.in/courses/106104845
Computer Science And Engineering,NOC:Exploratory Data Analysis For Data Science With R Software (English),Prof. Shalabh,IIT Kanpur,https://nptel.ac.in/courses/106104846
Computer Science And Engineering,NOC:Software Testing,Prof. Rajib Mall,IIT Kharagpur,https://nptel.ac.in/courses/106105150
Computer Science And Engineering,NOC:Fundamental Algorithms:Design And Analysis,Prof.Sourav Mukhopadhyay,IIT Kharagpur,https://nptel.ac.in/courses/106105157
Computer Science And Engineering,NOC:Natural Language Processing,Prof. Pawan Goyal,IIT Kharagpur,https://nptel.ac.in/courses/106105158
Computer Science And Engineering,NOC:Embedded Systems Design,Prof. Anupam Basu,IIT Kharagpur,https://nptel.ac.in/courses/106105159
Computer Science And Engineering,NOC:Wireless Ad Hoc And Sensor Networks,Prof. Sudip Misra,IIT Kharagpur,https://nptel.ac.in/courses/106105160
Computer Science And Engineering,NOC:VLSI Physical Design,Prof. Indranil Sengupta,IIT Kharagpur,https://nptel.ac.in/courses/106105161
Computer Science And Engineering,NOC:Cryptography And Network Security,Prof. Sourav Mukhopadhyay,IIT Kharagpur,https://nptel.ac.in/courses/106105162
Computer Science And Engineering,NOC:Introduction To Internet Of Things,Prof. Sudip Misra,IIT Kharagpur,https://nptel.ac.in/courses/106105166
Computer Science And Engineering,NOC:Cloud Computing,Prof. Soumya Kanti Ghosh,IIT Kharagpur,https://nptel.ac.in/courses/106105167
Computer Science And Engineering,NOC:Problem Solving Through Programming In C,Prof. Anupam Basu,IIT Kharagpur,https://nptel.ac.in/courses/106105171
Computer Science And Engineering,NOC:Real Time Operating System,Prof. Rajib Mall,IIT Kharagpur,https://nptel.ac.in/courses/106105172
Computer Science And Engineering,NOC:Introduction To Soft Computing,Prof. Debasis Samanta,IIT Kharagpur,https://nptel.ac.in/courses/106105173
Computer Science And Engineering,NOC:Data Mining,Prof. Pabitra Mitra,IIT Kharagpur,https://nptel.ac.in/courses/106105174
Computer Science And Engineering,NOC:Data Base Management System,Prof. Partha Pratim Das Prof. Samiran Chattopadhyay,IIT Kharagpur,https://nptel.ac.in/courses/106105175
Computer Science And Engineering,NOC:Computer Networks And Internet Protocol,"Prof. Sandip Chakraborty, Prof. Soumya Kanti Ghosh",IIT Kharagpur,https://nptel.ac.in/courses/106105183
Computer Science And Engineering,NOC:Switching Circuits And Logic Design,Prof. Indranil Sengupta,IIT Kharagpur,https://nptel.ac.in/courses/106105185
Computer Science And Engineering,NOC:Compiler Design,Prof. Santanu Chattopadhyay,IIT Kharagpur,https://nptel.ac.in/courses/106105190
Computer Science And Engineering,NOC:Programming In Java,Prof. Debasis Samanta,IIT Kharagpur,https://nptel.ac.in/courses/106105191
Computer Science And Engineering,NOC:Embedded System Design With ARM,"Prof. Indranil Sengupta, Prof. Kamalika Datta",IIT Kharagpur,https://nptel.ac.in/courses/106105193
Computer Science And Engineering,NOC:Introduction To Industry 4.0 And Industrial Internet Of Things,Prof. Sudip Misra,IIT Kharagpur,https://nptel.ac.in/courses/106105195
Computer Science And Engineering,NOC:Deep Learning,Prof. P.K. Biswas,IIT Kharagpur,https://nptel.ac.in/courses/106105215
Computer Science And Engineering,NOC:GPU Architectures And Programming,Prof. Soumyajit Dey,IIT Kharagpur,https://nptel.ac.in/courses/106105220
Computer Science And Engineering,"NOC:Object Oriented System Development Using UML, Java And Patterns",Prof. Rajib Mall,IIT Kharagpur,https://nptel.ac.in/courses/106105224
Computer Science And Engineering,NOC:Programming In Modern C++,Prof. Partha Pratim Das,IIT Kharagpur,https://nptel.ac.in/courses/106105234
Computer Science And Engineering,NOC:Blockchain And Its Applications,Prof. Sandip Chakraborty Prof. Shamik Sural,IIT Kharagpur,https://nptel.ac.in/courses/106105235
Computer Science And Engineering,NOC:Foundations Of Cyber Physical Systems,Prof. Soumyajit Dey,IIT Kharagpur,https://nptel.ac.in/courses/106105241
Computer Science And Engineering,NOC:Selected Topics In Algorithms,Prof. Palash Dey,IIT Kharagpur,https://nptel.ac.in/courses/106105242
Computer Science And Engineering,NOC:Algorithmic Graph Theory And Data Structures,Prof. Sourav Mukhopadhyay,IIT Kharagpur,https://nptel.ac.in/courses/106105847
Computer Science And Engineering,NOC:Statistical Foundation For Big Data Analysis,Prof. Arindam Banerjee,IIT Kharagpur,https://nptel.ac.in/courses/106105848
Computer Science And Engineering,NOC:Design And Analysis Of Algorithms,Prof. Madhavan Mukund,Chennai Mathematical Institute,https://nptel.ac.in/courses/106106131
Computer Science And Engineering,NOC:Introduction To Haskell Programming,"Prof. Madhavan Mukund, Prof. S P Suresh",Chennai Mathematical Institute,https://nptel.ac.in/courses/106106137
Computer Science And Engineering,NOC:Introduction To Machine Learning,Prof. Balaraman Ravindran,IIT Madras,https://nptel.ac.in/courses/106106139
Computer Science And Engineering,NOC:Artificial Intelligence: Knowledge Representation And Reasoning,Prof. Deepak Khemani,IIT Madras,https://nptel.ac.in/courses/106106140
Computer Science And Engineering,NOC:Reinforcement Learning,Prof. Balaraman Ravindran,IIT Madras,https://nptel.ac.in/courses/106106143
Computer Science And Engineering,"NOC:Programming, Data Structures And Algorithms Using Python",Prof. Madhavan Mukund,Chennai Mathematical Institute,https://nptel.ac.in/courses/106106145
Computer Science And Engineering,NOC:AI:Constraint Satisfaction,Prof. Deepak Khemani,IIT Madras,https://nptel.ac.in/courses/106106158
Computer Science And Engineering,NOC:Social Networks,Prof. Sudarshan Iyengar,IIT Ropar,https://nptel.ac.in/courses/106106169
Computer Science And Engineering,NOC:Data Science For Engineers,"Prof. Ragunathan Rengasamy, Prof. Shankar Narasimhan",IIT Madras,https://nptel.ac.in/courses/106106179
Computer Science And Engineering,NOC:The Joy Of Computing Using Python,Prof. Sudarshan Iyengar,IIT Ropar,https://nptel.ac.in/courses/106106182
Computer Science And Engineering,NOC:Discrete Mathematics,Prof. Sudarshan Iyengar,IIT Ropar,https://nptel.ac.in/courses/106106183
Computer Science And Engineering,NOC:Deep Learning,Prof. Sudarshan Iyengar,IIT Ropar,https://nptel.ac.in/courses/106106184
Computer Science And Engineering,NOC:Machine Learning For Engineering And Science Applications,"Prof. Balaji Srinivasan, Prof. Ganapathy",IIT Madras,https://nptel.ac.in/courses/106106198
Computer Science And Engineering,NOC:Information Security - 5 - Secure Systems Engineering,Prof. Chester Rebeiro,IIT Madras,https://nptel.ac.in/courses/106106199
Computer Science And Engineering,"NOC:Machine Learning,ML",Prof. Carl Gustaf Jansson,"KTH Royal Institute Of Technology, Sweden",https://nptel.ac.in/courses/106106202
Computer Science And Engineering,NOC:Python For Data Science,Prof. Ragunathan Rengasamy,IIT Madras,https://nptel.ac.in/courses/106106212
Computer Science And Engineering,NOC:Introduction To Database Systems,Prof. Sreenivasa Kumar,IIT Madras,https://nptel.ac.in/courses/106106220
Computer Science And Engineering,NOC:Foundations Of Cryptography,Prof. Ashish Choudhury,IIIT Bangalore,https://nptel.ac.in/courses/106106221
Computer Science And Engineering,NOC:Getting Started With Competitive Programming,Prof. Neeldhara Misra,IIT Gandhinagar,https://nptel.ac.in/courses/106106231
Computer Science And Engineering,NOC:Introduction To Quantum Computing: Quantum Algorithms And Qiskit,"Prof. Anupama Ray, Prof. Prabha Mandayam, Prof. Sheshashayee Raghunathan",IBM And IITM,https://nptel.ac.in/courses/106106232
Computer Science And Engineering,NOC:Systems And Usable Security,Prof. Neminath Hubballi,IIT Indore,https://nptel.ac.in/courses/106106234
Computer Science And Engineering,NOC:Introduction To Machine Learning (Tamil),Prof. Arun Rajkumar,IIT Madras,https://nptel.ac.in/courses/106106236
Computer Science And Engineering,NOC:Theory Of Computation,Prof. Subrahmanyam Kalyanasundaram,IIT Hyderabad,https://nptel.ac.in/courses/106106242
Computer Science And Engineering,NOC:Advanced Computer Networks,"Prof. Neminath Hubballi, Prof. Sameer Kulkarni","IIT Indore, IIT Gandhi Nagar",https://nptel.ac.in/courses/106106243
Computer Science And Engineering,NOC:Affective Computing,"Prof. Abhinav Dhal, Prof. Jainendra Shukla",IIIT Delhi,https://nptel.ac.in/courses/106106244
Computer Science And Engineering,NOC:Optimisation For Machine Learning: Theory And Implementation (Hindi),Prof. Pravesh Biyani,IIIT Delhi,https://nptel.ac.in/courses/106106245
Computer Science And Engineering,NOC:Business Intelligence & Analytics,Prof. Saji K Mathew,IIT Madras,https://nptel.ac.in/courses/106106361
Computer Science And Engineering,Human Computer Interaction (In English),Prof. Rajiv Ratn Shah,IIIT Delhi,https://nptel.ac.in/courses/106106575
Computer Science And Engineering,NOC:Large Applications Practicum,Prof. Varun Dutt,IIT Mandi,https://nptel.ac.in/courses/106106579
Computer Science And Engineering,NOC:Artificial Intelligence (AI) For Management,Prof. Saji K Mathew,IIT Madras,https://nptel.ac.in/courses/106106849
Computer Science And Engineering,NOC:Predictive Modelling With Applications: Supervised And Unsupervised Learning,Prof. Sayantee Jana,IIT Hyderabad,https://nptel.ac.in/courses/106106850
Computer Science And Engineering,NOC:Introduction To Information Retrieval,Prof . Dwaipayan Roy,IISER Kolkata,https://nptel.ac.in/courses/106106852
Computer Science And Engineering,NOC:Data Mining For Decision Making,Prof. Varun Dutt,IIT Mandi,https://nptel.ac.in/courses/106106853
Computer Science And Engineering,NOC:Data Analytics With Python,Prof. A Ramesh,IIT Roorkee,https://nptel.ac.in/courses/106107220
Computer Science And Engineering,NOC:Fundamentals Of Object Oriented Programming,Prof. Balasubramanian Raman,IIT Roorkee,https://nptel.ac.in/courses/106107574
Computer Science And Engineering,NOC:Introduction To Lambda Calculus,Prof. Rajdeep Niyogi,IIT Roorkee,https://nptel.ac.in/courses/106107854
Computer Science And Engineering,NOC:Secure Computation: Part I,Prof. Ashish Choudhury,IIITB,https://nptel.ac.in/courses/106108229
Computer Science And Engineering,NOC:Algorithms In Computational Biology And Sequence Analysis,Prof. Chirag Jain,IISc Bangalore,https://nptel.ac.in/courses/106108571
Computer Science And Engineering,NOC:Foundations Of Deep Learning: Concepts And Applications,"Prof. Ashwini Kodipalli, Prof. Baishali Garai, Prof. Sriram Ganapathy",IISc Bangalore RV University,https://nptel.ac.in/courses/106108840
Computer Science And Engineering,NOC:Mathematical Foundations Of Machine Learning,Prof. Prathosh A P,IISc Bangalore,https://nptel.ac.in/courses/106108841
Computer Science And Engineering,Natural Language Processing,Prof. Pushpak Bhattacharyya,IIT Bombay,https://nptel.ac.in/courses/106101007
Computer Science And Engineering,Design And Analysis Of Algorithms,"Prof. Abhiram G Ranade, Prof. Ajit A Diwan, Prof. Sundar Viswanathan",IIT Bombay,https://nptel.ac.in/courses/106101059
Computer Science And Engineering,Design And Analysis Of Algorithms,"Prof. Abhiram G Ranade, Prof. Ajit A Diwan, Prof. Sundar Viswanathan",IIT Bombay,https://nptel.ac.in/courses/106101060
Computer Science And Engineering,Software Engineering,"Prof. N.L. Sarda, Prof. Rushikesh K Joshi, Prof. Umesh Bellur",IIT Bombay,https://nptel.ac.in/courses/106101061
Computer Science And Engineering,NOC:Software Testing,Prof. Meenakshi D'Souza,IIIT Bangalore,https://nptel.ac.in/courses/106101163
Computer Science And Engineering,NOC:Design And Pedagogy Of The Introductory Programming Course,Prof. Abhiram G. Ranade,IIT Bombay,https://nptel.ac.in/courses/106101182
Computer Science And Engineering,NOC:An Introduction To Programming Through C++,Prof. Abhiram Ranade,IIT Bombay,https://nptel.ac.in/courses/106101208
Computer Science And Engineering,NOC:Demystifying Networking,"Prof. Ashutosh Raina, Prof.Sridhar Iyer",IIT Bombay,https://nptel.ac.in/courses/106101209
Computer Science And Engineering,NOC:Design And Engineering Of Computer Systems,Prof. Mythili Vutukuru,IIT Bombay,https://nptel.ac.in/courses/106101234
Computer Science And Engineering,NOC:Software Conceptual Design,Prof. Sridhar Iyer Prof. Prajish Prasad Prof. T. G. Lakshmi,IIT Bombay,https://nptel.ac.in/courses/106101235
Computer Science And Engineering,NOC:Introduction To Game Theory And Mechanism Design,Dr. Swaprava Nath,IIT Bombay,https://nptel.ac.in/courses/106101237
Computer Science And Engineering,NOC:Introduction To Computer And Network Performance Analysis Using Queuing Systems,Prof. Varsha Apte,IIT Bombay,https://nptel.ac.in/courses/106101238
Computer Science And Engineering,NOC:Distributed Optimization And Machine Learning,Prof. Mayank Baranwal,IIT Bombay,https://nptel.ac.in/courses/106101466
Computer Science And Engineering,NOC:Computational Geometry,Prof. Amit Kumar,IIT Delhi,https://nptel.ac.in/courses/106102011
Computer Science And Engineering,Logic For CS,Prof. S. Arun Kumar,IIT Delhi,https://nptel.ac.in/courses/106102013
Computer Science And Engineering,Computer Architecture,Prof. Anshul Kumar,IIT Delhi,https://nptel.ac.in/courses/106102062
Computer Science And Engineering,Computer Graphics,Prof. Prem K Kalra,IIT Delhi,https://nptel.ac.in/courses/106102063
Computer Science And Engineering,Data Structures And Algorithms,Prof. Naveen Garg,IIT Delhi,https://nptel.ac.in/courses/106102064
Computer Science And Engineering,Introduction To Computer Graphics,Prof. Prem K Kalra,IIT Delhi,https://nptel.ac.in/courses/106102065
Computer Science And Engineering,Introduction To Problem Solving And Programming,Prof. S. Arun Kumar,IIT Delhi,https://nptel.ac.in/courses/106102066
Computer Science And Engineering,Principles Of Programming Languages,Prof. S. Arun Kumar,IIT Delhi,https://nptel.ac.in/courses/106102067
Computer Science And Engineering,Parallel Computing,Dr. Subodh Kumar,IIT Delhi,https://nptel.ac.in/courses/106102114
Computer Science And Engineering,NOC:Operating Systems,Prof. Sorav Bansal,IIT Delhi,https://nptel.ac.in/courses/106102132
Computer Science And Engineering,NOC:Computer Architecture,Prof. Smruti Ranjan Sarangi,IIT Delhi,https://nptel.ac.in/courses/106102157
Computer Science And Engineering,NOC:Introduction To Parallel Programming In OpenMP,Prof. Yogish Sabharwal,IIT Delhi,https://nptel.ac.in/courses/106102163
Computer Science And Engineering,NOC:Synthesis Of Digital Systems,Prof. Preeti Ranjan Panda,IIT Delhi,https://nptel.ac.in/courses/106102181
Computer Science And Engineering,NOC:An Introduction To Artificial Intelligence,Prof. Mausam,IIT Delhi,https://nptel.ac.in/courses/106102220
Computer Science And Engineering,NOC:Advanced Distributed Systems,Prof. Smruti Ranjan Sarangi,IIT Delhi,https://nptel.ac.in/courses/106102237
Computer Science And Engineering,Computational Number Theory & Cryptography,Dr. Pinaki Mitra,IIT Guwahati,https://nptel.ac.in/courses/106103015
Computer Science And Engineering,VLSI Design Verification And Test,"Dr. Santosh Biswas, Prof. Jatindra Kumar Deka",IIT Guwahati,https://nptel.ac.in/courses/106103016
Computer Science And Engineering,Computer Organization And Architecture,Prof. Jatindra Kumar Deka,IIT Guwahati,https://nptel.ac.in/courses/106103068
Computer Science And Engineering,Data Structures And Program Methodology,"Dr. Pradip K Das, Dr. S.V. Rao",IIT Guwahati,https://nptel.ac.in/courses/106103069
Computer Science And Engineering,Theory Of Automata And Formal Languages,Dr. Diganta Goswami,IIT Guwahati,https://nptel.ac.in/courses/106103070
Computer Science And Engineering,Human-Computer Interaction,"Dr.Samit Bhattacharya, Pradeep P Yammiyavar",IIT Guwahati,https://nptel.ac.in/courses/106103115
Computer Science And Engineering,Design Verification And Test Of Digital VLSI Circuits,"Dr. Santosh Biswas, Prof. Jatindra Kumar Deka",IIT Guwahati,https://nptel.ac.in/courses/106103116
Computer Science And Engineering,NOC:Computer Organization And Architecture A Pedagogical Aspect,"Dr. Santosh Biswas, Prof.Arnab Sarkar, Prof.Jatindra Kumar Deka",IIT Guwahati,https://nptel.ac.in/courses/106103180
Computer Science And Engineering,NOC:Embedded Systems-Design Verification And Test,"Dr. Santosh Biswas, Prof.Arnab Sarkar, Prof.Jatindra Kumar Deka",IIT Guwahati,https://nptel.ac.in/courses/106103182
Computer Science And Engineering,NOC:Multi-Core Computer Architecture-Storage And Interconnects,Prof. John Jose,IIT Guwahati,https://nptel.ac.in/courses/106103183
Computer Science And Engineering,NOC:Multi-Core Computer Architecture,Prof. John Jose,IIT Guwahati,https://nptel.ac.in/courses/106103184
Computer Science And Engineering,NOC:Randomized Algorithms,Prof. Benny George K,IIT Guwahati,https://nptel.ac.in/courses/106103187
Computer Science And Engineering,NOC:Parallel Algorithms,Prof. Sajith Gopalan,IIT Guwahati,https://nptel.ac.in/courses/106103188
Computer Science And Engineering,NOC:Discrete Mathematics,"Prof. Benny George K, Prof. Sajith Gopalan",IIT Guwahati,https://nptel.ac.in/courses/106103205
Computer Science And Engineering,NOC:Advanced Computer Architecture,Prof. John Jose,IIT Guwahati,https://nptel.ac.in/courses/106103206
Computer Science And Engineering,NOC:Computer Graphics,Prof. Samit Bhattacharya,IIT Guwahati,https://nptel.ac.in/courses/106103224
Computer Science And Engineering,NOC:C-Based VLSI Design,Prof. Chandan Karfa,IIT Guwahati,https://nptel.ac.in/courses/106103229
Computer Science And Engineering,NOC:Design & Implementation Of Human-Computer Interfaces,Prof. Samit Bhattacharya,IIT Guwahati,https://nptel.ac.in/courses/106103237
Computer Science And Engineering,Computer Algorithms - 2,Prof. Shashank K. Mehta,IIT Kanpur,https://nptel.ac.in/courses/106104019
Computer Science And Engineering,Indexing And Searching Techniques In Databases,Dr. Arnab Bhattacharya,IIT Kanpur,https://nptel.ac.in/courses/106104021
Computer Science And Engineering,Parallel Computer Architecture,Dr. Mainak Chaudhuri,IIT Kanpur,https://nptel.ac.in/courses/106104024
Computer Science And Engineering,Program Optimization For Multi-Core Architectures,"Dr. Mainak Chaudhuri, Prof. Rajat Moona, Prof. Sanjeev K Aggarwal",IIT Kanpur,https://nptel.ac.in/courses/106104025
Computer Science And Engineering,Theory Of Computation,Prof. Somenath Biswas,IIT Kanpur,https://nptel.ac.in/courses/106104028
Computer Science And Engineering,Compiler Design,Prof. Sanjeev K Aggarwal,IIT Kanpur,https://nptel.ac.in/courses/106104072
Computer Science And Engineering,Computer Organisation And Architecture,Prof. Bhaskaran Raman,IIT Kanpur,https://nptel.ac.in/courses/106104073
Computer Science And Engineering,Introduction To Problem Solving And Programming,Prof. D. Gupta,IIT Kanpur,https://nptel.ac.in/courses/106104074
Computer Science And Engineering,NOC:Riemann Hypothesis And Its Applications,Prof. Manindra Agrawal,IIT Kanpur,https://nptel.ac.in/courses/106104118
Computer Science And Engineering,Biometrics,Prof. Phalguni Gupta,IIT Kanpur,https://nptel.ac.in/courses/106104119
Computer Science And Engineering,Parallel Algorithm,Prof. Phalguni Gupta,IIT Kanpur,https://nptel.ac.in/courses/106104120
Computer Science And Engineering,Computer Architecture,Dr. Mainak Chaudhuri,IIT Kanpur,https://nptel.ac.in/courses/106104122
Computer Science And Engineering,Compiler Design,Prof. Sanjeev K Aggarwal,IIT Kanpur,https://nptel.ac.in/courses/106104123
Computer Science And Engineering,NOC:Introduction To Programming In C,Prof. Satyadev Nandakumar,IIT Kanpur,https://nptel.ac.in/courses/106104128
Computer Science And Engineering,NOC:Fundamentals Of Database Systems(Course Sponsored By Aricent),Prof. Arnab Bhattacharya,IIT Kanpur,https://nptel.ac.in/courses/106104135
Computer Science And Engineering,NOC:Theory Of Computation,Prof. Raghunath Tewari,IIT Kanpur,https://nptel.ac.in/courses/106104148
Computer Science And Engineering,NOC:Modern Algebra,Prof. Manindra Agrawal,IIT Kanpur,https://nptel.ac.in/courses/106104149
Computer Science And Engineering,NOC:Advanced Graph Theory,Prof. Rajiv Misra,IIT Patna,https://nptel.ac.in/courses/106104170
Computer Science And Engineering,NOC:Big Data Computing,Prof. Rajiv Misra,IIT Patna,https://nptel.ac.in/courses/106104189
Computer Science And Engineering,NOC:Introduction To Blockchain Technology And Applications,Prof. Sandeep Shukla,IIT Kanpur,https://nptel.ac.in/courses/106104220
Computer Science And Engineering,NOC:Arithmetic Circuit Complexity,Prof. Nitin Saxena,IIT Kanpur,https://nptel.ac.in/courses/106104221
Computer Science And Engineering,NOC:Computational Complexity Theory,Prof. Raghunath Tewari,IIT Kanpur,https://nptel.ac.in/courses/106104227
Computer Science And Engineering,NOC:Randomized Methods In Complexity,Prof. Nitin Saxena,IIT Kanpur,https://nptel.ac.in/courses/106104228
Computer Science And Engineering,NOC:Foundation Of Cloud IoT Edge ML,Prof. Rajiv Misra,IIT Patna,https://nptel.ac.in/courses/106104242
Computer Science And Engineering,NOC:Linear Programming And Its Applications To Computer Science,Prof. Rajat Mittal,IIT Kanpur,https://nptel.ac.in/courses/106104356
Computer Science And Engineering,NOC:Practical Cyber Security For Cyber Security Practitioners,Prof. Sandeep K. Shukla,IIT Kanpur,https://nptel.ac.in/courses/106104467
Computer Science And Engineering,NOC:Computational Arithmetic - Geometry For Algebraic Curves,Prof. Nitin Saxena,IIT Kanpur,https://nptel.ac.in/courses/106104469
Computer Science And Engineering,NOC:Discrete Mathematics For CS,Prof. Nitin Saxena,IIT Kanpur,https://nptel.ac.in/courses/106104573
Computer Science And Engineering,NOC:Data Structures And Algorithms Design,Prof. Nitin Saxena,IIT Kanpur,https://nptel.ac.in/courses/106104697
Computer Science And Engineering,Cryptography And Network Security,Dr. Debdeep Mukhopadhyay,IIT Kharagpur,https://nptel.ac.in/courses/106105031
Computer Science And Engineering,Digital Image Processing,Dr. G. Harit,IIT Kharagpur,https://nptel.ac.in/courses/106105032
Computer Science And Engineering,High Performance Computer Architecture,Prof. Ajit Pal,IIT Kharagpur,https://nptel.ac.in/courses/106105033
Computer Science And Engineering,Low Power VLSI Circuits & Systems,Prof. Ajit Pal,IIT Kharagpur,https://nptel.ac.in/courses/106105034
Computer Science And Engineering,Real Time Systems,Prof. Rajib Mall,IIT Kharagpur,https://nptel.ac.in/courses/106105036
Computer Science And Engineering,Artificial Intelligence,"Prof. Anupam Basu, Prof. S. Sarkar",IIT Kharagpur,https://nptel.ac.in/courses/106105077
Computer Science And Engineering,Artificial Intelligence,"Prof. P. Mitra, Prof. S. Sarkar",IIT Kharagpur,https://nptel.ac.in/courses/106105078
Computer Science And Engineering,Artificial Intelligence(Prof.P.Dasgupta),Prof. P. Dasgupta,IIT Kharagpur,https://nptel.ac.in/courses/106105079
Computer Science And Engineering,Computer Networks,Prof. Ajit Pal,IIT Kharagpur,https://nptel.ac.in/courses/106105080
Computer Science And Engineering,Computer Networks,Prof. Sujoy Ghosh,IIT Kharagpur,https://nptel.ac.in/courses/106105081
Computer Science And Engineering,Data Communication,Prof. Ajit Pal,IIT Kharagpur,https://nptel.ac.in/courses/106105082
Computer Science And Engineering,Electronic Design Automation,Prof. Indranil Sengupta,IIT Kharagpur,https://nptel.ac.in/courses/106105083
Computer Science And Engineering,Internet Technology,Prof. Indranil Sengupta,IIT Kharagpur,https://nptel.ac.in/courses/106105084
Computer Science And Engineering,Programming And Data Structure,Dr. P.P.Chakraborty,IIT Kharagpur,https://nptel.ac.in/courses/106105085
Computer Science And Engineering,Real Time Systems,Prof. Rajib Mall,IIT Kharagpur,https://nptel.ac.in/courses/106105086
Computer Science And Engineering,Software Engineering,Prof. Rajib Mall,IIT Kharagpur,https://nptel.ac.in/courses/106105087
Computer Science And Engineering,NOC:Programming In C++,Prof. Partha Pratim Das,IIT Kharagpur,https://nptel.ac.in/courses/106105151
Computer Science And Engineering,NOC:Introduction To Machine Learning,Prof. Sudeshna Sarkar,IIT Kharagpur,https://nptel.ac.in/courses/106105152
Computer Science And Engineering,NOC:Object-Oriented Analysis And Design,Prof. Partha Pratim Das Prof. Samiran Chattopadhyay Prof. Kausik Datta,IIT Kharagpur,https://nptel.ac.in/courses/106105153
Computer Science And Engineering,NOC:Complex Network : Theory And Application,Prof. Animesh Mukherjee,IIT Kharagpur,https://nptel.ac.in/courses/106105154
Computer Science And Engineering,NOC:Computer Architecture And Organization,"Prof. Indranil Sengupta, Prof. Kamalika Datta",IIT Kharagpur,https://nptel.ac.in/courses/106105163
Computer Science And Engineering,NOC:Introduction To Algorithms And Analysis,Prof. Sourav Mukhopadhyay,IIT Kharagpur,https://nptel.ac.in/courses/106105164
Computer Science And Engineering,NOC:Hardware Modeling Using Verilog,Prof. Indranil Sengupta,IIT Kharagpur,https://nptel.ac.in/courses/106105165
Computer Science And Engineering,NOC:Software Engineering,Prof. Rajib Mall,IIT Kharagpur,https://nptel.ac.in/courses/106105182
Computer Science And Engineering,NOC:Blockchain Architecture Design And Use Cases,"Praveen Jayachandran, Prof. Sandip Chakraborty",IIT Madras,https://nptel.ac.in/courses/106105184
Computer Science And Engineering,NOC:Scalable Data Science,"Prof. Anirban Dasgupta, Prof. Sourangshu Bhattacharya",IIT Gadhinagar IIT Kharagpur,https://nptel.ac.in/courses/106105186
Computer Science And Engineering,NOC:Discrete Structures,Prof. Dipanwita Roy Chowdhury,IIT Kharagpur,https://nptel.ac.in/courses/106105192
Computer Science And Engineering,NOC:Hardware Security,Prof. Debdeep Mukhopadhyay,IIT Kharagpur,https://nptel.ac.in/courses/106105194
Computer Science And Engineering,"NOC:Introduction To Automata, Languages And Computation",Prof. Sourav Mukhopadhyay,IIT Kharagpur,https://nptel.ac.in/courses/106105196
Computer Science And Engineering,NOC:Operating System Fundamentals,Prof. Santanu Chattopadhyay,IIT Kharagpur,https://nptel.ac.in/courses/106105214
Computer Science And Engineering,NOC:Computer Vision,Prof. Jayanta Mukhopadhyay,IIT Kharagpur,https://nptel.ac.in/courses/106105216
Computer Science And Engineering,NOC:Ethical Hacking,Prof. Indranil Sengupta,IIT Kharagpur,https://nptel.ac.in/courses/106105217
Computer Science And Engineering,NOC:Software Project Management,"Prof. Durga Prasad Mohapatra, Prof. Rajib Mall",IIT Kharagpur,https://nptel.ac.in/courses/106105218
Computer Science And Engineering,NOC:Spatial Innformatics,Prof. SOUMYA K GHOSH,IIT Kharagpur,https://nptel.ac.in/courses/106105219
Computer Science And Engineering,NOC:Google Cloud Computing Foundation Course,Prof. Soumya Kanti Ghosh,IIT Kharagpur,https://nptel.ac.in/courses/106105223
Computer Science And Engineering,NOC:Data Structure And Algorithms Using Java,Prof. Debasis Samanta,IIT Kharagpur,https://nptel.ac.in/courses/106105225
Computer Science And Engineering,NOC:Real-Time Systems,"Prof. Durga Prasad Mohapatra, Prof. Rajib Mall",IIT Kharagpur,https://nptel.ac.in/courses/106105229
Computer Science And Engineering,NOC:Algorithms For Protein Modelling And Engineering,Prof. Pralay Mitra,IIT Kharagpur,https://nptel.ac.in/courses/106105230
Computer Science And Engineering,NOC:Algorithmic Game Theory,Prof. Palash Dey,IIT Kharagpur,https://nptel.ac.in/courses/106105237
Computer Science And Engineering,NOC:Machine Learning For Earth System Sciences,Prof. Adway Mitra,IIT Kharagpur,https://nptel.ac.in/courses/106105238
Computer Science And Engineering,NOC:Statistical Learning For Reliability Analysis,Prof. Monalisa Sarma,IIT Kharagpur,https://nptel.ac.in/courses/106105239
Computer Science And Engineering,NOC:Foundations And Applications Of Machine Learning (Bengali),Prof. Adway Mitra,IIT Kharagpur,https://nptel.ac.in/courses/106105247
Computer Science And Engineering,NOC:Artificial Intelligence For Economics,"Prof. Palash Dey, Prof. Adway Mitra, Prof. Dripto Bakshi",IIT Kharagpur,https://nptel.ac.in/courses/106105470
Computer Science And Engineering,NOC:Approximation Algorithm,Prof. Palash Dey,IIT Kharagpur,https://nptel.ac.in/courses/106105471
Computer Science And Engineering,NOC:Second Level Algorithms,Prof. Palash Dey,IIT Kharagpur,https://nptel.ac.in/courses/106105704
Computer Science And Engineering,Pattern Recognition,"Prof. C.A. Murthy, Prof. Sukhendu Das",IIT Madras,https://nptel.ac.in/courses/106106046
Computer Science And Engineering,Performance Evaluation Of Computer Systems,Prof. Krishna Moorthy Sivalingam,IIT Madras,https://nptel.ac.in/courses/106106048
Computer Science And Engineering,"Theory Of Automata, Formal Languages And Computation",Prof. Kamala Krithivasan,IIT Madras,https://nptel.ac.in/courses/106106049
Computer Science And Engineering,CAD For VLSI Design I,"Prof. Shankar Balachandran, Prof. V. Kamakoti",IIT Madras,https://nptel.ac.in/courses/106106088
Computer Science And Engineering,CAD For VLSI Design II,"Prof. Shankar Balachandran, Prof. V. Kamakoti",IIT Madras,https://nptel.ac.in/courses/106106089
Computer Science And Engineering,Computer Graphics,Prof. Sukhendu Das,IIT Madras,https://nptel.ac.in/courses/106106090
Computer Science And Engineering,Computer Networks,Prof. Hema A Murthy,IIT Madras,https://nptel.ac.in/courses/106106091
Computer Science And Engineering,Computer Organization,Prof. S. Raman,IIT Madras,https://nptel.ac.in/courses/106106092
Computer Science And Engineering,NOC:Database Design,"Dr. S. Srinath, Prof. D. Janaki Ram",IISc Bangalore,https://nptel.ac.in/courses/106106093
Computer Science And Engineering,Discrete Mathematical Structures,Prof. Kamala Krithivasan,IIT Madras,https://nptel.ac.in/courses/106106094
Computer Science And Engineering,Introduction To Database Systems And Design,Prof. P.Sreenivasa Kumar,IIT Madras,https://nptel.ac.in/courses/106106095
Computer Science And Engineering,Principles Of Communication,Prof. Hema A Murthy,IIT Madras,https://nptel.ac.in/courses/106106097
Computer Science And Engineering,Distributed Computing Systems,Prof. Ananthanarayana V.S,IIT Madras,https://nptel.ac.in/courses/106106107
Computer Science And Engineering,Parallel Algorithms,"Dr. N. Sairam, Prof. R. Seethalakshmi",IIT Madras,https://nptel.ac.in/courses/106106112
Computer Science And Engineering,NOC:Artificial Intelligence: Search Methods For Problem Solving,Prof. Deepak Khemani,IIT Madras,https://nptel.ac.in/courses/106106126
Computer Science And Engineering,"NOC:Programming, Data Structures And Algorithms","Dr. N S. Narayanaswamy, Prof. Hema A Murthy, Prof. Shankar Balachandran",IIT Madras,https://nptel.ac.in/courses/106106127
Computer Science And Engineering,NOC:Introduction To Information Security I,Prof. V. Kamakoti,IIT Madras,https://nptel.ac.in/courses/106106129
Computer Science And Engineering,NOC:Programming And Data Structures (PDS),Prof. Narayanaswamy,IIT Madras,https://nptel.ac.in/courses/106106130
Computer Science And Engineering,"NOC:2016: Programming, Data Structures And Algorithms","Prof. Hema A Murthy, Prof. Shankar Balachandran",IIT Madras,https://nptel.ac.in/courses/106106133
Computer Science And Engineering,NOC:Computer Architecture(Course Sponsored By Aricent),Prof. Madhu Mutyam,IIT Madras,https://nptel.ac.in/courses/106106134
Computer Science And Engineering,NOC:Model Checking,Prof. Srivathsan.B,Chennai Mathematical Institute,https://nptel.ac.in/courses/106106136
Computer Science And Engineering,Virtual Reality,Prof Steven LaValle,IIT Madras,https://nptel.ac.in/courses/106106138
Computer Science And Engineering,NOC:Information Security - II(Course Sponsored By Aricent),Prof. Kamakoti,IIT Madras,https://nptel.ac.in/courses/106106141
Computer Science And Engineering,NOC:Algorithms For Big Data,Prof. John Augustine,IIT Madras,https://nptel.ac.in/courses/106106142
Computer Science And Engineering,NOC:Introduction To Operating Systems,Prof. Chester Rebeiro,IIT Madras,https://nptel.ac.in/courses/106106144
Computer Science And Engineering,NOC:Privacy And Security In Online Social Media,Prof. Ponnurangam Kumaraguru,IIIT Hyderabad,https://nptel.ac.in/courses/106106146
Computer Science And Engineering,NOC:Mobile Computing,Prof. Pushpendra Singh,IIIT Delhi,https://nptel.ac.in/courses/106106147
Computer Science And Engineering,NOC:Introduction To Modern Application Development,"Prof. Gaurav Raina, Tanmai Gopal",IIT Madras,https://nptel.ac.in/courses/106106156
Computer Science And Engineering,NOC:Information Security-3,Prof. Kamakoti Veezhinathan,IIT Madras,https://nptel.ac.in/courses/106106157
Computer Science And Engineering,NOC:Computer Organization And Architecture,Prof. Kamakoti,IIT Madras,https://nptel.ac.in/courses/106106166
Computer Science And Engineering,NOC:Distributed Systems,Prof. Rajiv Misra,IIT Patna,https://nptel.ac.in/courses/106106168
Computer Science And Engineering,NOC:An Introduction To Probability In Computing,Prof. John Augustine,IIT Madras,https://nptel.ac.in/courses/106106176
Computer Science And Engineering,NOC:Introduction To Human Computer Interaction,Prof. K. Ponnurangam,IIIT Hyderabad,https://nptel.ac.in/courses/106106177
Computer Science And Engineering,NOC:Information Security - IV,"Prof. V. Kamakoti, Prof.M J Shankar Raman, Prof.Vasan",IIT Madras,https://nptel.ac.in/courses/106106178
Computer Science And Engineering,NOC:Foundations To Computer Systems Design,Prof. Kamakoti Veezhinathan,IIT Madras,https://nptel.ac.in/courses/106106197
Computer Science And Engineering,NOC:Multimodal Interaction,"Dr.-Ing. Stefan Hillmann, Prof. Dr.-Ing.Sebastian Moller",IIT Madras,https://nptel.ac.in/courses/106106200
Computer Science And Engineering,NOC:Deep Learning - Part 2,Prof. Mitesh M. Khapra,IIT Madras,https://nptel.ac.in/courses/106106201
Computer Science And Engineering,NOC:C Programming And Assembly Language,Prof. Janakiraman Viraraghavan,IIT Madras,https://nptel.ac.in/courses/106106210
Computer Science And Engineering,NOC:Applied Natural Language Processing,Prof. Ramaseshan R,Chennai Mathematical Institute,https://nptel.ac.in/courses/106106211
Computer Science And Engineering,NOC:Practical Machine Learning With Tensorflow,"Dr. B. Ravindran, Prof. Ashish Tendulkar",IIT Madras & Google,https://nptel.ac.in/courses/106106213
Computer Science And Engineering,NOC:Modern Application Development,"Prof. Aamod Sane , Prof. Abhijat Vichare, Prof. Madhavan Mukund",Persistent Computing Systems & CMI,https://nptel.ac.in/courses/106106222
Computer Science And Engineering,NOC:Deep Learning For Computer Vision,Prof. Vineeth N Balasubramanian,IIT Hyderabad,https://nptel.ac.in/courses/106106224
Computer Science And Engineering,NOC:Artificial Intelligence Search Methods For Problem Solving,Prof. Deepak Khemani,IIT Madras,https://nptel.ac.in/courses/106106226
Computer Science And Engineering,NOC:Computational Complexity,Prof. Subrahmanyam Kalyanasundaram,IIT Hyderabad,https://nptel.ac.in/courses/106106229
Computer Science And Engineering,NOC:Parameterized Algorithms,"Prof. Neeldhara Misra, Prof. Saket Saurabh",IIT Gandhinagar IMSC,https://nptel.ac.in/courses/106106230
Computer Science And Engineering,NOC:Online Privacy,Prof. Ponnurangam Kumaraguru,IIIT Hyderabad,https://nptel.ac.in/courses/106106235
Computer Science And Engineering,Compiler Design,,IIT Madras,https://nptel.ac.in/courses/106106237
Computer Science And Engineering,NOC:Applied Accelerated Artificial Intelligence,"Prof. Adesuyi Tosin, Prof. Bharatkumar Sharma, Prof. Satyadhyan Chickerur, Prof. Satyajit Das",IIT Guwahati KLE Technological University NVIDIA,https://nptel.ac.in/courses/106106238
Computer Science And Engineering,NOC:Social Network Analysis,Prof. Tanmoy Chakraborty,IIIT Delhi,https://nptel.ac.in/courses/106106239
Computer Science And Engineering,NOC:Quantum Algorithms And Cryptography,Prof. Shweta Agrawal,IIT Madras,https://nptel.ac.in/courses/106106241
Computer Science And Engineering,"ACM India – RBCDSAI Summer School On DS/AI/ML (For Women Only) Hosted By PSG College Of Technology, Coimbatore",,IIT Madras,https://nptel.ac.in/courses/106106246
Computer Science And Engineering,NOC:Machine Learning (Ml) In Hindi,Prof. Anubha Gupta,IIIT Delhi,https://nptel.ac.in/courses/106106247
Computer Science And Engineering,NOC:Cyber Security And Privacy,Prof. Saji K Mathew,IIT Madras,https://nptel.ac.in/courses/106106248
Computer Science And Engineering,NOC:Responsible & Safe AI Systems,"Prof. Arun Rajkumar, Prof. Balaraman Ravindran, Prof. Ponnurangam Kumaraguru",IIITH & IITM,https://nptel.ac.in/courses/106106472
Computer Science And Engineering,NOC:Mobile Virtual Reality And Artificial Intelligence,Prof. Varun Dutt,IIT Mandi,https://nptel.ac.in/courses/106106696
Computer Science And Engineering,NOC:Introduction To Algebraic Graph Theory,Prof. Ranveer Singh,IIT Indore,https://nptel.ac.in/courses/106106698
Computer Science And Engineering,NOC:Foundations Of Virtual Reality,"Prof. Anna LaValle, Prof. M.Manivannan, Prof. Steven LaValle",IIT Madras And University Of Oulu,https://nptel.ac.in/courses/106106699
Computer Science And Engineering,NOC:Human Computer Interaction (In Hindi),Prof. Rajiv Ratn Shah,IIIT Delhi,https://nptel.ac.in/courses/106106701
Computer Science And Engineering,Automated Program Verification,Prof. Kartik Nagar,IIT Madras,https://nptel.ac.in/courses/106106714
Computer Science And Engineering,NOC:Introduction To Cryptology,Prof. S. Gangopadhay,IIT Roorkee,https://nptel.ac.in/courses/106107155
Computer Science And Engineering,Combinatorics,Dr. L. Sunil Chandran,IISc Bangalore,https://nptel.ac.in/courses/106108051
Computer Science And Engineering,Compiler Design,Prof. Y.N. Srikanth,IISc Bangalore,https://nptel.ac.in/courses/106108052
Computer Science And Engineering,Graph Theory,Dr. L. Sunil Chandran,IISc Bangalore,https://nptel.ac.in/courses/106108054
Computer Science And Engineering,High Performance Computing,Prof. Mathew Jacob,IISc Bangalore,https://nptel.ac.in/courses/106108055
Computer Science And Engineering,Numerical Optimization,Dr. Shirish K. Shevade,IISc Bangalore,https://nptel.ac.in/courses/106108056
Computer Science And Engineering,Pattern Recognition,"Prof. M. Narasimha Murty, Prof. V. Susheela Devi",IISc Bangalore,https://nptel.ac.in/courses/106108057
Computer Science And Engineering,Storage Systems,Dr. K. Gopinath,IISc Bangalore,https://nptel.ac.in/courses/106108058
Computer Science And Engineering,Data Communications,Prof. H.S. Jamadagni,IISc Bangalore,https://nptel.ac.in/courses/106108098
Computer Science And Engineering,Digital Systems,Prof. N.J. Rao,IISc Bangalore,https://nptel.ac.in/courses/106108099
Computer Science And Engineering,Microprocessors And Microcontrollers,Prof. Krishna Kumar,IISc Bangalore,https://nptel.ac.in/courses/106108100
Computer Science And Engineering,Operating Systems,Prof. P.C.P. Bhatt,IISc Bangalore,https://nptel.ac.in/courses/106108101
Computer Science And Engineering,System Analysis And Design,Prof. V. Rajaraman,IISc Bangalore,https://nptel.ac.in/courses/106108102
Computer Science And Engineering,System Analysis And Design,Prof. V. Rajaraman,IISc Bangalore,https://nptel.ac.in/courses/106108103
Computer Science And Engineering,Principles Of Compiler Design,Prof. Y.N. Srikanth,IISc Bangalore,https://nptel.ac.in/courses/106108113
Computer Science And Engineering,NOC:Discrete Mathematics _ IIITB,Prof. Ashish Choudhury,IIIT Bangalore,https://nptel.ac.in/courses/106108227
Computer Science And Engineering,NOC:Secure Computation: Part II,Prof. Ashish Choudhury,IIITB,https://nptel.ac.in/courses/106108237
Computer Science And Engineering,NOC:Introduction To Graph Algorithms,Prof. C Pandu Rangan,IISc Bangalore,https://nptel.ac.in/courses/106108468
Computer Science And Engineering,NOC:Linear Algebra Through Geometry,"Prof. Arulalan M R, Prof. Ashok Rao, Prof. M Krishna Kumar",IISc Bangalore,https://nptel.ac.in/courses/106108482
Computer Science And Engineering,NOC:Stochastic Approximation: Theory And Applications,Prof. Gugan Chandrashekhar Mallika Thoppe,IISc Bangalore,https://nptel.ac.in/courses/106108700
Computer Science And Engineering,NOC:Mathematical Foundations For Machine Learning,"Prof. Arulalan Rajan, Prof. Ashok Rao",IISc Bangalore,https://nptel.ac.in/courses/106108702
Computer Science And Engineering,NOC:Programming With Generative AI,Prof. Viraj Kumar,IISc Bangalore,https://nptel.ac.in/courses/106108703
Computer Science And Engineering,NOC:Artificial Intelligence: Concepts And Techniques,Prof. V. Susheela Devi,IISc Bangalore,https://nptel.ac.in/courses/106108705
Engineering Design,NOC:Innovation By Design,Prof. B.K. Chakravarthy,IIT Bombay,https://nptel.ac.in/courses/107101086
Engineering Design,NOC:Understanding Design,Prof. Nina Sabnani,IIT Bombay,https://nptel.ac.in/courses/107101087
Engineering Design,"NOC:Design, Technology And Innovation",Prof. B.K. Chakravarthy,IIT Bombay,https://nptel.ac.in/courses/107101088
Engineering Design,NOC:Understanding Ethnography,Prof. Nina Sabnani,IIT Bombay,https://nptel.ac.in/courses/107101091
Engineering Design,NOC:Understanding Incubation And Entrepreneurship,Prof. B.K. Chakravarthy,IIT Bombay,https://nptel.ac.in/courses/107101092
Engineering Design,NOC:Introduction To Toy Design,Prof. Supradip Das,IIT Guwahati,https://nptel.ac.in/courses/107103857
Engineering Design,NOC:Design Practices For Intelligent Product Design,Prof. Bishakh Bhattacharya,IIT Kanpur,https://nptel.ac.in/courses/107104581
Engineering Design,NOC:Fundamentals Of Automotive Systems,Prof. C. S. Shankar Ram,IIT Madras,https://nptel.ac.in/courses/107106088
Engineering Design,NOC:Introduction To Graphic Design,"Prof. Mohammad Shahid, Prof. Saurav Khuttiya Deori",IIT Hyderabad,https://nptel.ac.in/courses/107106583
Engineering Design,NOC:Digital Accessibility,Prof. Richa Gupta,IIIT Delhi,https://nptel.ac.in/courses/107106858
Engineering Design,NOC:Augmenting Design Thinking With Human-Computer Interaction,Prof. Sonal Atreya,IIT Roorkee,https://nptel.ac.in/courses/107107580
Engineering Design,NOC:Interior Design,Prof. Smriti Saraswat,IIT Roorkee,https://nptel.ac.in/courses/107107582
Engineering Design,Visual Communication,Dr. Raja Mohanty,IIT Bombay,https://nptel.ac.in/courses/107101001
Engineering Design,NOC:Form And Aesthetics,Prof. B.K. Chakravarthy,IIT Bombay,https://nptel.ac.in/courses/107101706
Engineering Design,Design Fundamentals,Dr. Utpal Barua,IIT Guwahati,https://nptel.ac.in/courses/107103002
Engineering Design,Ergonomics For Beginners: Industrial Design Perspective,Prof. Debkumar Chakrabarti,IIT Guwahati,https://nptel.ac.in/courses/107103004
Engineering Design,Design For Manufacture And Assembly(DFMA),Abinash Kumar Swain,IIT Guwahati,https://nptel.ac.in/courses/107103012
Engineering Design,NOC:System Design For Sustainability,Prof. Sharmistha Banerjee,IIT Guwahati,https://nptel.ac.in/courses/107103081
Engineering Design,NOC:Product Design And Innovation,"Prof. Debayan Dhar, Prof. Supradip Das, Prof.Swati Pal",IIT Guwahati,https://nptel.ac.in/courses/107103082
Engineering Design,NOC:Interaction Design,Prof. Abhishek Shrivastava,IIT Guwahati,https://nptel.ac.in/courses/107103083
Engineering Design,NOC:Ergonomics In Automotive Design,Prof. Sougata Karmakar,IIT Guwahati,https://nptel.ac.in/courses/107103084
Engineering Design,NOC:Ergonomics Workplace Analysis,Prof. Urmi R. Salve,IIT Guwahati,https://nptel.ac.in/courses/107103085
Engineering Design,NOC:Ergonomics Research Techniques,Prof. Urmi R. Salve,IIT Guwahati,https://nptel.ac.in/courses/107103093
Engineering Design,Design Paradigm: Source Of Innovation & Invention,Dr. Amit Ray,IIT Kanpur,https://nptel.ac.in/courses/107104076
Engineering Design,Design Philosophy & History,Dr. Amit Ray,IIT Kanpur,https://nptel.ac.in/courses/107104078
Engineering Design,NOC:Geographic Information System,Prof. Bharath H Aithal,IIT Kharagpur,https://nptel.ac.in/courses/107105088
Engineering Design,Principles Of Engineering System Design,Dr. T Asokan,IIT Madras,https://nptel.ac.in/courses/107106009
Engineering Design,Vehicle Dynamics,Dr. R. Krishnakumar,IIT Madras,https://nptel.ac.in/courses/107106080
Engineering Design,NOC:Control Systems,Prof. C.S.Shankar Ram,IIT Madras,https://nptel.ac.in/courses/107106081
Engineering Design,NOC:Functional And Conceptual Design,Prof. Asokan T,IIT Madras,https://nptel.ac.in/courses/107106089
Engineering Design,NOC:Introduction To Robotics,"Dr. Balaraman Ravindran, Dr. Krishna Vasudevan, Dr. T Asokan",IIT Madras,https://nptel.ac.in/courses/107106090
Engineering Design,Design Of Biophotonics Devices,Prof. Nilesh Jayantilal Vasa,IIT Madras,https://nptel.ac.in/courses/107106654
Engineering Design,Frugal Engineering,Prof. Balkrishna C. Rao,IIT Madras,https://nptel.ac.in/courses/107106678
Engineering Design,Creative Engineering Design,Prof. A. Chakrabarti,IISc Bangalore,https://nptel.ac.in/courses/107108010
Engineering Design,Methodology For Design Research,Prof. A. Chakrabarti,IISc Bangalore,https://nptel.ac.in/courses/107108011
Engineering Design,Color In Design,Dr. Amit Ray,IIT Kanpur,https://nptel.ac.in/courses/109104075
Electrical Engineering,NOC:Analog Circuits,Prof. Jayanta Mukherjee,IIT Bombay,https://nptel.ac.in/courses/108101094
Electrical Engineering,NOC:Fundamental Of Power Electronics,Prof. L.Umanand,IISc Bangalore,https://nptel.ac.in/courses/108101126
Electrical Engineering,NOC:Applied Linear Algebra,Prof. Dwaipayan Mukherjee,IIT Bombay,https://nptel.ac.in/courses/108101371
Electrical Engineering,NOC:Digital Communication Using GNU Radio,Prof. Kumar Appaiah,IIT Bombay,https://nptel.ac.in/courses/108101373
Electrical Engineering,NOC:Network Security,Prof. Gaurav S. Kasbekar,IIT Bombay,https://nptel.ac.in/courses/108101585
Electrical Engineering,NOC:Behavioural Theory Of Systems With A View Toward Data Driven Control,Prof. Debasattam Pal,IIT Bombay,https://nptel.ac.in/courses/108101587
Electrical Engineering,NOC:Nonlinear And Adaptive Control,Prof. Shubhendu Bhasin,IIT Delhi,https://nptel.ac.in/courses/108102113
Electrical Engineering,NOC:Principles Of Digital Communications,Prof. Abhishek Dixit,IIT Delhi,https://nptel.ac.in/courses/108102120
Electrical Engineering,NOC:Electric Vehicles - Part 1,Prof. Amit Jain,IIT Delhi,https://nptel.ac.in/courses/108102121
Electrical Engineering,NOC:Introduction To Embedded System Design,"Prof. Badri N Subudhi, Prof.Dhananjay V. Gadre",Netaji Subhas University Of Technology And IIT Jammu,https://nptel.ac.in/courses/108102169
Electrical Engineering,NOC:Power Quality,Prof. Bhim Singh,IIT Delhi,https://nptel.ac.in/courses/108102179
Electrical Engineering,NOC:Introduction To Electrical Engineering,Prof. Bhim Singh,IIT Delhi,https://nptel.ac.in/courses/108102185
Electrical Engineering,NOC:Transducers For Instrumentation,Ankur Gupta,IIT Delhi,https://nptel.ac.in/courses/108102191
Electrical Engineering,NOC:Microprocessors And Interfacing,Prof. Shaik Rafi Ahamed,IIT Guwahati,https://nptel.ac.in/courses/108103157
Electrical Engineering,NOC:Computer Vision And Image Processing - Fundamentals And Applications,Prof. M. K. Bhuyan,IIT Guwahati,https://nptel.ac.in/courses/108103174
Electrical Engineering,NOC:Usability Engineering,Prof. Debayan Dhar,IIT Guwahati,https://nptel.ac.in/courses/108103183
Electrical Engineering,NOC:Integrated Circuits And Applications,Prof. Shaik Rafi Ahamed,IIT Guwahati,https://nptel.ac.in/courses/108103378
Electrical Engineering,NOC:Measurement And Instrumentation,Prof. Ravindra Kumar Jha,IIT Guwahati,https://nptel.ac.in/courses/108103862
Electrical Engineering,NOC:Control Engineering For Robotics,Prof. Chayan Bhawal,IIT Guwahati,https://nptel.ac.in/courses/108103863
Electrical Engineering,Analog And Digital Communications I (Hinglish),Prof. Ribhu,IIT Guwahati,https://nptel.ac.in/courses/108103864
Electrical Engineering,NOC:Principles Of Communication Systems - I,Prof. Aditya Jagannatham,IIT Kanpur,https://nptel.ac.in/courses/108104091
Electrical Engineering,NOC:Principles Of Signals And Systems,Prof. Aditya Jagannatham,IIT Kanpur,https://nptel.ac.in/courses/108104100
Electrical Engineering,NOC:Electromagnetic Waves In Guided And Wireless Media,Prof. Pradeep Kumar K,IIT Kanpur,https://nptel.ac.in/courses/108104130
Electrical Engineering,"NOC:Fuzzy Sets, Logic And Systems & Applications",Prof. Nishchal Kumar Verma,IIT Kanpur,https://nptel.ac.in/courses/108104157
Electrical Engineering,NOC:Basic Overview Of Semiconductor Device Processing And IC Fabrication,Prof. S. Sundar Kumar Iyer,IIT Kanpur,https://nptel.ac.in/courses/108104865
Electrical Engineering,NOC:Peer To Peer Networks In Hindi,Prof. Y. N. Singh,IIT Kanpur,https://nptel.ac.in/courses/108104866
Electrical Engineering,NOC:Industrial Automation And Control,Prof. Alokkanti Deb,IIT Kharagpur,https://nptel.ac.in/courses/108105088
Electrical Engineering,NOC:Medical Image Analysis,Prof. Debdoot Sheet,IIT Kharagpur,https://nptel.ac.in/courses/108105091
Electrical Engineering,NOC:Biomedical Signal Processing,Prof. Sudipta Mukhopadhyay,IIT Kharagpur,https://nptel.ac.in/courses/108105101
Electrical Engineering,NOC:Microprocessors And Microcontrollers,Prof. Santanu Chattopadhyay,IIT Kharagpur,https://nptel.ac.in/courses/108105102
Electrical Engineering,NOC:Deep Learning For Visual Computing,Prof. Debdoot Sheet,IIT Kharagpur,https://nptel.ac.in/courses/108105103
Electrical Engineering,NOC:Power System Engineering,Prof. Debapriya Das,IIT Kharagpur,https://nptel.ac.in/courses/108105104
Electrical Engineering,NOC:Electrical Machines - II,Prof. Tapas Kumar Bhattacharya,IIT Kharagpur,https://nptel.ac.in/courses/108105131
Electrical Engineering,NOC:Digital Electronic Circuits,Prof. Goutam Saha,IIT Kharagpur,https://nptel.ac.in/courses/108105132
Electrical Engineering,"NOC:Power System Dynamics, Control And Monitoring",Prof. Debapriya Das,IIT Kharagpur,https://nptel.ac.in/courses/108105133
Electrical Engineering,NOC:Evolution Of Air Interface Towards 5G,Prof. Suvra Sekhar Das,IIT Kharagpur,https://nptel.ac.in/courses/108105134
Electrical Engineering,NOC:VLSI Signal Processing,Prof. Mrityunjay Chakraborty,IIT Kharagpur,https://nptel.ac.in/courses/108105157
Electrical Engineering,NOC:Network Analysis,Prof. T.K. Bhattacharya,IIT Kharagpur,https://nptel.ac.in/courses/108105159
Electrical Engineering,NOC:Semiconductor Device Modeling And Simulation,Prof. Vivek Dixit,IIT Kharagpur,https://nptel.ac.in/courses/108105188
Electrical Engineering,NOC:RF And Microwave Networks,Prof. Bratin Ghosh,IIT Kharagpur,https://nptel.ac.in/courses/108105189
Electrical Engineering,"NOC:EMI /EMC And Signal Integrity: Principles, Techniques And Applications",Prof. Amitabha Bhattacharya,IIT Kharagpur,https://nptel.ac.in/courses/108105375
Electrical Engineering,"NOC:Embedded Sensing, Actuation And Interfacing Systems",Prof. Banibrata Mukherjee,IIT Kharagpur,https://nptel.ac.in/courses/108105376
Electrical Engineering,NOC:Deep Learning For Natural Language Processing,Prof. Pawan Goyal,IIT Kharagpur,https://nptel.ac.in/courses/108105572
Electrical Engineering,NOC:The MOS Transistor Modeling,Prof. Navjeet Bagga,IIT Bhubaneswar,https://nptel.ac.in/courses/108105867
Electrical Engineering,NOC:Control Engineering,"Prof. Mousumi Mukherjee, Prof. Ramkrishna Pasumarthy","IIT Madras, IIEST Shibpur",https://nptel.ac.in/courses/108106098
Electrical Engineering,NOC:Multirate DSP,Prof. R. David Koilpillai,IIT Madras,https://nptel.ac.in/courses/108106136
Electrical Engineering,NOC:Digital IC Design,Prof. Janakiraman,IIT Madras,https://nptel.ac.in/courses/108106158
Electrical Engineering,NOC:Power Management Integrated Circuits,"Prof. Qadeer Ahmad Khan, Prof. Raveesh Magod",IIT Madras,https://nptel.ac.in/courses/108106159
Electrical Engineering,NOC:Signals And Systems,Prof. Kushal K. Shah,IISER Bhopal,https://nptel.ac.in/courses/108106163
Electrical Engineering,NOC:Linear Dynamical Systems,Prof. Tushar Jain,IIT Mandi,https://nptel.ac.in/courses/108106164
Electrical Engineering,NOC:A Brief Introduction Of Micro - Sensors,Prof. Santanu Talukder,IISER Bhopal,https://nptel.ac.in/courses/108106165
Electrical Engineering,NOC:Optical Fiber Sensors,Prof Balaji Srinivasan,IIT Madras,https://nptel.ac.in/courses/108106173
Electrical Engineering,NOC:Digital System Design,Prof. Neeraj Goel,IIT Ropar,https://nptel.ac.in/courses/108106177
Electrical Engineering,NOC:Analog Electronic Circuits - IITM,Prof. Shanthi Pavan,IIT Madras,https://nptel.ac.in/courses/108106188
Electrical Engineering,NOC:Modern Computer Vision,Prof. A. N. Rajagopalan,IIT Madras,https://nptel.ac.in/courses/108106189
Electrical Engineering,NOC:Optical Wireless Communications For Beyond 5G Networks And IoT,Prof. Anand Srivastava,IIIT Delhi,https://nptel.ac.in/courses/108106190
Electrical Engineering,NOC:Advanced Topics In Wireless Communication (Hindi),Prof. Vivek Ashok Bohara,IIIT Delhi,https://nptel.ac.in/courses/108106370
Electrical Engineering,NOC:State Space Approach To Control System Analysis And Design,Prof A P Tiwari,IIT Mandi,https://nptel.ac.in/courses/108106374
Electrical Engineering,NOC:Enabling Technologies For 6G Communications Networks (Hindi),Prof. Vivek Ashok Bohara,IIIT Delhi,https://nptel.ac.in/courses/108106588
Electrical Engineering,NOC:Memory Device Technology For AI/ML Computing,Prof. Shubhadeep Bhattacharjee,IIT Hyderabad,https://nptel.ac.in/courses/108106868
Electrical Engineering,NOC:IC Design For Wireless Systems,Prof. Abhishek Kumar,IIT Hyderabad,https://nptel.ac.in/courses/108106869
Electrical Engineering,NOC:Optimal Control,Prof. Barjeev Tyagi,IIT Roorkee,https://nptel.ac.in/courses/108107098
Electrical Engineering,NOC:Smart Grid: Basics To Advanced Technologies,"Prof. N.P. Padhy, Prof. Premalata Jena",IIT Roorkee,https://nptel.ac.in/courses/108107113
Electrical Engineering,NOC:Facts Devices,Prof. Avik Bhattacharya,IIT Roorkee,https://nptel.ac.in/courses/108107114
Electrical Engineering,NOC:CMOS Digital VLSI Design,Prof. Sudeb Dasgupta,IIT Roorkee,https://nptel.ac.in/courses/108107129
Electrical Engineering,NOC:Power Quality Improvement Technique,Prof. Avik Bhattacharya,IIT Roorkee,https://nptel.ac.in/courses/108107157
Electrical Engineering,NOC:RF Transceiver Design,Prof. Darshak Bhatt,IIT Roorkee,https://nptel.ac.in/courses/108107379
Electrical Engineering,NOC:VLSI Physical Design With Timing Analysis,Prof. Bishnu Prasad Das,IIT Roorkee,https://nptel.ac.in/courses/108107380
Electrical Engineering,NOC:Semiconductor Devices For Next Generation Field Effect Transistors (More Than Moore): A Physics Perspective,Prof. Sudeb Dasgupta,IIT Roorkee,https://nptel.ac.in/courses/108107586
Electrical Engineering,NOC:Intelligent Control Of Robotic Systems,Prof. M. Felix Orlando,IIT Roorkee,https://nptel.ac.in/courses/108107589
Electrical Engineering,NOC:FPGA Based Signal Processing Systems,Prof. P. Sumathi,IIT Roorkee,https://nptel.ac.in/courses/108107870
Electrical Engineering,NOC:Electronics Enclosures Thermal Issues,Prof. N.V Chalapathi Rao,IISc Bangalore,https://nptel.ac.in/courses/108108110
Electrical Engineering,"NOC:Integrated Circuits, MOSFETs, Op-Amps And Their Applications",Prof. Hardik Jeetendra Pandya,IISc Bangalore,https://nptel.ac.in/courses/108108111
Electrical Engineering,NOC:Recent Advances In Transmission Insulators,Prof Subba Reddy B,IISc Bangalore,https://nptel.ac.in/courses/108108116
Electrical Engineering,NOC:Fundamentals Of Semiconductor Devices,Prof. Digbijoy N. Nath,IISc Bangalore,https://nptel.ac.in/courses/108108122
Electrical Engineering,NOC:Sensors And Actuators,Prof. Hardik Jeetendra Pandya,IISc Bangalore,https://nptel.ac.in/courses/108108147
Electrical Engineering,NOC:Electronics Equipment Integration And Prototype Building,Prof. N.V Chalapathi Rao,IISc Bangalore,https://nptel.ac.in/courses/108108157
Electrical Engineering,NOC:Photonic Integrated Circuit,Prof. Shankar Kumar Selvaraja,IISc Bangalore,https://nptel.ac.in/courses/108108174
Electrical Engineering,NOC:Introduction To Wireless And Cellular Communications,Prof. David KoilPillai,IIT Madras,https://nptel.ac.in/courses/106106167
Electrical Engineering,Nonlinear Dynamical Systems,"Prof. Harish K. Pillai, Prof. Madhu N.Belur",IIT Bombay,https://nptel.ac.in/courses/108101002
Electrical Engineering,Power System Dynamics And Control,Dr. A.M. Kulkarni,IIT Bombay,https://nptel.ac.in/courses/108101004
Electrical Engineering,Restructured Power Systems,"Dr. A.R. Abhyankar, Prof. S.A. Khaparde",IIT Delhi,https://nptel.ac.in/courses/108101005
Electrical Engineering,Control Engineering,Prof. S.D. Agashe,IIT Bombay,https://nptel.ac.in/courses/108101037
Electrical Engineering,Power Electronics,"Prof. B.G. Fernandes, Prof. Kishore Chatterjee",IIT Bombay,https://nptel.ac.in/courses/108101038
Electrical Engineering,Power System Protection,Prof. S.A. Soman,IIT Bombay,https://nptel.ac.in/courses/108101039
Electrical Engineering,Power Systems Operation And Control,Dr. A.M. Kulkarni,IIT Bombay,https://nptel.ac.in/courses/108101040
Electrical Engineering,Fabrication Of Silicon VLSI Circuits Using The MOS Technology,Prof. A.N. Chandorkar,IIT Bombay,https://nptel.ac.in/courses/108101089
Electrical Engineering,NOC:Computational Electromagnetics & Applications,Prof. Krish Sankaran,IIT Bombay,https://nptel.ac.in/courses/108101090
Electrical Engineering,NOC:Basic Electronics,Prof. M.B. Patil,IIT Bombay,https://nptel.ac.in/courses/108101091
Electrical Engineering,NOC:Antennas,Prof. Girish Kumar,IIT Bombay,https://nptel.ac.in/courses/108101092
Electrical Engineering,"NOC:Fundamentals Of Wavelets, Filter Banks And Time Frequency Analysis",Prof. V.M. Gadre,IIT Bombay,https://nptel.ac.in/courses/108101093
Electrical Engineering,NOC:Microwave Theory And Techniques,Prof. Girish Kumar,IIT Bombay,https://nptel.ac.in/courses/108101112
Electrical Engineering,NOC:Principles Of Digital Communications (July-Oct 2018),Prof. S. N. Merchant,IIT Bombay,https://nptel.ac.in/courses/108101113
Electrical Engineering,NOC:Electrical Equipment And Machines: Finite Element Analysis,Prof. S. V. Kulkarni,IIT Bombay,https://nptel.ac.in/courses/108101167
Electrical Engineering,NOC:Digital Signal Processing And Its Applications,Prof. V. M. Gadre,IIT Bombay,https://nptel.ac.in/courses/108101174
Electrical Engineering,NOC:Stochastic Control And Communication,Prof. Ankur A. Kulkarni,IIT Bombay,https://nptel.ac.in/courses/108101185
Electrical Engineering,Circuit Theory,Prof. S.C. Dutta Roy,IIT Delhi,https://nptel.ac.in/courses/108102042
Electrical Engineering,Control Engineering,Prof. M. Gopal,IIT Delhi,https://nptel.ac.in/courses/108102043
Electrical Engineering,Control Engineering,Prof. M. Gopal,IIT Delhi,https://nptel.ac.in/courses/108102044
Electrical Engineering,Embedded Systems,Prof. Santanu Chaudhary,IIT Delhi,https://nptel.ac.in/courses/108102045
Electrical Engineering,Industrial Drives,Dr.K .R. Rajagopal,IIT Delhi,https://nptel.ac.in/courses/108102046
Electrical Engineering,"Power System Generation, Transmission And Distribution (Encapsulated From Earlier Video)",Prof. D.P. Kothari,IIT Delhi,https://nptel.ac.in/courses/108102047
Electrical Engineering,Power System Dynamics,Dr. M.L. Kothari,IIT Delhi,https://nptel.ac.in/courses/108102080
Electrical Engineering,ANALOG ELECTRONIC CIRCUITS,Prof. S.C. Dutta Roy,IIT Delhi,https://nptel.ac.in/courses/108102095
Electrical Engineering,DIGITAL COMMUNICATION,Prof. Surendra Prasad,IIT Delhi,https://nptel.ac.in/courses/108102096
Electrical Engineering,Introduction To Electronic Circuits,Prof. S.C. Dutta Roy,IIT Delhi,https://nptel.ac.in/courses/108102097
Electrical Engineering,NOC:Analog Electronic Circuits,Prof. Shouribrata Chatterjee,IIT Delhi,https://nptel.ac.in/courses/108102112
Electrical Engineering,"NOC:Information Theory, Coding And Cryptography",Prof. Ranjan Bose,IIT Delhi,https://nptel.ac.in/courses/108102117
Electrical Engineering,Engineering Electromagnetics,Prof. Sheel Aditya,IIT Delhi,https://nptel.ac.in/courses/108102119
Electrical Engineering,NOC:Power Electronics,Prof. G.Bhuvaneshwari,IIT Delhi,https://nptel.ac.in/courses/108102145
Electrical Engineering,NOC:Electrical Machines,Prof. G.Bhuvaneshwari,IIT Delhi,https://nptel.ac.in/courses/108102146
Electrical Engineering,Special Electromechanical Systems,Prof.Sreenivasa Murthy,IIT Delhi,https://nptel.ac.in/courses/108102156
Electrical Engineering,"NOC:High Power Multilevel Converters- Analysis, Design And Operational Issues",Prof. Anand Rup,IIT Delhi,https://nptel.ac.in/courses/108102157
Electrical Engineering,NOC:Computer-Aided Design Of Electrical Machines,Prof. Bhim Singh,IIT Delhi,https://nptel.ac.in/courses/108102372
Electrical Engineering,NOC:Electronic Systems Design: Hands-On Circuits And PCB Design With CAD Software,Prof. Ankur Gupta,IIT Delhi,https://nptel.ac.in/courses/108102481
Electrical Engineering,NOC:Advance Power Electronics,Prof. Bhim Singh,IIT Delhi,https://nptel.ac.in/courses/108102584
Electrical Engineering,NOC:Line Commutated And PWM Rectifiers,Prof. Anandarup Das,IIT Delhi,https://nptel.ac.in/courses/108102717
Electrical Engineering,Advanced Control Systems,Prof. S. Majhi,IIT Guwahati,https://nptel.ac.in/courses/108103007
Electrical Engineering,Digital Control System,"Dr. Indrani Kar, Prof. S. Majhi",IIT Guwahati,https://nptel.ac.in/courses/108103008
Electrical Engineering,Introduction To Hybrid And Electric Vehicles,"Dr. Praveen Kumar , Prof. S. Majhi",IIT Guwahati,https://nptel.ac.in/courses/108103009
Electrical Engineering,NOC:Optimization Techniques For Digital VLSI Design,"Dr. Santosh Biswas, Prof. Chandan Karfa",IIT Guwahati,https://nptel.ac.in/courses/108103108
Electrical Engineering,NOC:Advanced Topics In Probability And Random Processes,Prof. P. K. Bora,IIT Guwahati,https://nptel.ac.in/courses/108103112
Electrical Engineering,NOC:Microwave Engineering,Prof. Ratnajit Bhattacharjee,IIT Guwahati,https://nptel.ac.in/courses/108103141
Electrical Engineering,NOC:Statistical Signal Processing,Prof. Prabin Kumar Bora,IIT Guwahati,https://nptel.ac.in/courses/108103158
Electrical Engineering,NOC:System Design Through VERILOG,Prof. Shaik Rafi Ahamed,IIT Guwahati,https://nptel.ac.in/courses/108103179
Electrical Engineering,NOC:Probability And Random Processes (प्रायिकता एवं यादृच्छिक प्रक्रियाएँ),"Prof. Ribhu, Prof. Rohit Sinha",IIT Guwahati,https://nptel.ac.in/courses/108103185
Electrical Engineering,NOC:Simulation Of Communication Systems Using Matlab,Prof. Ribhu,IIT Guwahati,https://nptel.ac.in/courses/108103191
Electrical Engineering,NOC:Machine Learning And Deep Learning -- Fundamentals And Applications,Prof. M.K. Bhuyan,IIT Guwahati,https://nptel.ac.in/courses/108103192
Electrical Engineering,NOC:Photonic Crystals: Fundamentals & Applications,Prof. Debabrata Sikdar,IIT Guwahati,https://nptel.ac.in/courses/108103487
Electrical Engineering,Advanced Electric Drives,Dr. S.P. Das,IIT Kanpur,https://nptel.ac.in/courses/108104011
Electrical Engineering,High Voltage DC Transmission,Dr. S.N. Singh,IIT Kanpur,https://nptel.ac.in/courses/108104013
Electrical Engineering,High Voltage Engineering,Prof. Ravindra Arora,IIT Kanpur,https://nptel.ac.in/courses/108104048
Electrical Engineering,Intelligent Systems And Control,Prof. Laxmidhar Behera,IIT Kanpur,https://nptel.ac.in/courses/108104049
Electrical Engineering,Power Systems Analysis,Prof. Arindam Ghosh,IIT Kanpur,https://nptel.ac.in/courses/108104051
Electrical Engineering,Power Systems Operation And Control,Dr. S.N. Singh,IIT Kanpur,https://nptel.ac.in/courses/108104052
Electrical Engineering,NOC:Electromagnetic Theory,Prof. Pradeep Kumar K,IIT Kanpur,https://nptel.ac.in/courses/108104087
Electrical Engineering,NOC:An Introduction To Coding Theory,Prof. Adrish Banerjee,IIT Kanpur,https://nptel.ac.in/courses/108104092
Electrical Engineering,NOC:Principles Of Communication Systems: Part - II,Prof. Aditya K. Jagannatham,IIT Kanpur,https://nptel.ac.in/courses/108104098
Electrical Engineering,NOC:Applied Electromagnetics For Engineers,Prof. Pradeep Kumar K,IIT Kanpur,https://nptel.ac.in/courses/108104099
Electrical Engineering,"NOC:Applied Optimization For Wireless, Machine Learning, Big Data",Prof. Aditya K. Jagannatham,IIT Kanpur,https://nptel.ac.in/courses/108104112
Electrical Engineering,NOC:Fiber-Optic Communication Systems And Techniques,Prof. K. Pradeep Kumar,IIT Kanpur,https://nptel.ac.in/courses/108104113
Electrical Engineering,NOC:Basic Electric Circuits,Prof. Ankush Sharma,IIT Kanpur,https://nptel.ac.in/courses/108104139
Electrical Engineering,NOC:Fundamentals Of Electric Drives,Prof. Shyama Prasad Das,IIT Kanpur,https://nptel.ac.in/courses/108104140
Electrical Engineering,NOC:Peer To Peer Networks,Prof. Y. N. Singh,IIT Kanpur,https://nptel.ac.in/courses/108104167
Electrical Engineering,"NOC:Applied Linear Algebra For Signal Processing, Data Analytics And Machine Learning",Prof. Aditya K. Jagannatham,IIT Kanpur,https://nptel.ac.in/courses/108104174
Electrical Engineering,NOC:Economic Operations And Control Of Power Systems,"Prof. Narayana Prasad Padhy, Prof. Gururaj Mirle Vishwanath",IIT Kanpur,https://nptel.ac.in/courses/108104191
Electrical Engineering,NOC:डिजिटल स्विचिंग (Digital Switching),Prof. Yatindra N Singh,IIT Kanpur,https://nptel.ac.in/courses/108104192
Electrical Engineering,NOC:Analog VLSI Design,Prof. Imon Mondal,IIT Kanpur,https://nptel.ac.in/courses/108104193
Electrical Engineering,NOC:Introduction To Multi-Agent Systems,Prof. Twinkle Tripathy,IIT Kanpur,https://nptel.ac.in/courses/108104719
Electrical Engineering,NOC:Power Network Analysis,Prof. Abheejeet Mohapatra,IIT Kanpur,https://nptel.ac.in/courses/108104720
Electrical Engineering,NOC:Electrical Machines -I,Dr. D.Kastha,IIT Kharagpur,https://nptel.ac.in/courses/108105017
Electrical Engineering,Optimal Control,Prof. G.D. Ray,IIT Kharagpur,https://nptel.ac.in/courses/108105019
Electrical Engineering,Basic Electrical Technology,"Prof. G.D. Roy, Prof. N.K. De, Prof. T.K. Bhattacharya",IIT Kharagpur,https://nptel.ac.in/courses/108105053
Electrical Engineering,"Chaos, Fractals & Dynamic Systems",Prof. S. Banerjee,IIT Kharagpur,https://nptel.ac.in/courses/108105054
Electrical Engineering,Digital Signal Processing,Prof. T.K. Basu,IIT Kharagpur,https://nptel.ac.in/courses/108105055
Electrical Engineering,Dynamics Of Physical Systems,Prof. S. Banerjee,IIT Kharagpur,https://nptel.ac.in/courses/108105056
Electrical Engineering,Embedded Systems,"Prof. A. Routray, Prof. Amit Patra, Prof. Rajib Mall",IIT Kharagpur,https://nptel.ac.in/courses/108105057
Electrical Engineering,Energy Resources & Technology,Prof. S. Banerjee,IIT Kharagpur,https://nptel.ac.in/courses/108105058
Electrical Engineering,Estimation Of Signals And Systems,Prof. S. Mukhopadhyay,IIT Kharagpur,https://nptel.ac.in/courses/108105059
Electrical Engineering,Illumination Engineering,Prof. N.K. Kishore,IIT Kharagpur,https://nptel.ac.in/courses/108105060
Electrical Engineering,Illumination Engineering,Prof. N.K. Kishore,IIT Kharagpur,https://nptel.ac.in/courses/108105061
Electrical Engineering,Industrial Automation And Control,"Prof. S. Mukhopadhyay, Prof. S. Sen",IIT Kharagpur,https://nptel.ac.in/courses/108105062
Electrical Engineering,Industrial Automation And Control,"Prof. S. Mukhopadhyay, Prof. S. Sen",IIT Kharagpur,https://nptel.ac.in/courses/108105063
Electrical Engineering,NOC:Industrial Instrumentation,Prof. Alok Barua,IIT Kharagpur,https://nptel.ac.in/courses/108105064
Electrical Engineering,Networks Signals And Systems,Prof. T.K. Basu,IIT Kharagpur,https://nptel.ac.in/courses/108105065
Electrical Engineering,Power Electronics,"Dr. D.Kastha, Prof. D.Prasad, Prof. N.K. De, Prof. Sabyasachi Sengupta",IIT Kharagpur,https://nptel.ac.in/courses/108105066
Electrical Engineering,Power System Analysis,Prof. A.K. Sinha,IIT Kharagpur,https://nptel.ac.in/courses/108105067
Electrical Engineering,NOC:Fundamentals Of Electrical Engineering,Prof. Debapriya Das,IIT Kharagpur,https://nptel.ac.in/courses/108105112
Electrical Engineering,NOC:Digital Circuits,Prof. Santanu Chattopadhyay,IIT Kharagpur,https://nptel.ac.in/courses/108105113
Electrical Engineering,NOC:Analysis And Design Principles Of Microwave Antennas,Prof. Amitabha Bhattacharya,IIT Kharagpur,https://nptel.ac.in/courses/108105114
Electrical Engineering,NOC:Architectural Design Of Digital Integrated Circuits,Prof. Indranil Hatai,IIT Kharagpur,https://nptel.ac.in/courses/108105118
Electrical Engineering,NOC:Electrical Measurement And Electronic Instruments,Prof. Avishek Chatterjee,IIT Kharagpur,https://nptel.ac.in/courses/108105153
Electrical Engineering,NOC:Principles And Techniques Of Modern Radar Systems,Prof. Amitabha Bhattacharya,IIT Kharagpur,https://nptel.ac.in/courses/108105154
Electrical Engineering,NOC:Electrical Machines - I,Prof. Tapas Kumar Bhattacharya,IIT Kharagpur,https://nptel.ac.in/courses/108105155
Electrical Engineering,NOC:Analog Electronic Circuits,Prof. Pradip Mandal,IIT Kharagpur,https://nptel.ac.in/courses/108105158
Electrical Engineering,NOC:Power System Protection,Prof. Ashok Kumar Pradhan,IIT Kharagpur,https://nptel.ac.in/courses/108105167
Electrical Engineering,NOC:Signal Processing For Mm Wave Communication For 5G And Beyond,Prof. Amit Kumar Dutta,IIT Kharagpur,https://nptel.ac.in/courses/108105179
Electrical Engineering,NOC:Control And Tuning Methods In Switched Mode Power Converters,Prof. Santanu Kapat,IIT Kharagpur,https://nptel.ac.in/courses/108105180
Electrical Engineering,NOC:Advanced Microwave Guided-Structures And Analysis,Prof. Bratin Ghosh,IIT Kharagpur,https://nptel.ac.in/courses/108105181
Electrical Engineering,NOC:Digital Control In Switched Mode Power Converters And FPGA-Based Prototyping,Prof. Santanu Kapat,IIT Kharagpur,https://nptel.ac.in/courses/108105186
Electrical Engineering,NOC:VLSI Interconnects,Prof. Sarang Pendharker,IIT Kharagpur,https://nptel.ac.in/courses/108105187
Electrical Engineering,NOC:Introduction To Adaptive Signal Processing,Prof. Mrityunjoy Chakraborty,IIT Kharagpur,https://nptel.ac.in/courses/108105191
Electrical Engineering,NOC:Nanobiophotonics: Touching Our Daily Life,Prof. Basudev Lahiri,IIT Kharagpur,https://nptel.ac.in/courses/108105192
Electrical Engineering,NOC:A Basic Course On Electric And Magnetic Circuits,Prof. Ashok Kumar Pradhan,IIT Kharagpur,https://nptel.ac.in/courses/108105479
Electrical Engineering,NOC:Modeling And TCAD Simulation Of Solar PV Cell,Prof. Mukul Kumar Das,IIT-ISM Dhanbad,https://nptel.ac.in/courses/108105713
Electrical Engineering,NOC:Convex Optimization In Control,Prof. Ashish Ranjan Hota,IIT Kharagpur,https://nptel.ac.in/courses/108105718
Electrical Engineering,"NOC:Passive Microwave Circuits, Devices, And Measurements",Prof. Debapratim Ghosh,IIT Bhubaneshwar,https://nptel.ac.in/courses/108105721
Electrical Engineering,Energy Management Systems And SCADA,Dr. K. Shanti Swarup,IIT Madras,https://nptel.ac.in/courses/108106022
Electrical Engineering,Modelling And Analysis Of Electric Machines,Dr. Krishna Vasudevan,IIT Madras,https://nptel.ac.in/courses/108106023
Electrical Engineering,Nonlinear Control System,Dr. Arun D. Mahindrakar,IIT Madras,https://nptel.ac.in/courses/108106024
Electrical Engineering,Power Quality In Power Distribution Systems,Dr. Mahesh Kumar,IIT Madras,https://nptel.ac.in/courses/108106025
Electrical Engineering,Power System Stability And Control,Dr. B. Kalyan Kumar,IIT Madras,https://nptel.ac.in/courses/108106026
Electrical Engineering,Analog ICs,Prof. K. Radhakrishna Rao,IIT Madras,https://nptel.ac.in/courses/108106068
Electrical Engineering,Digital Integrated Circuits,Prof. Amitava Dasgupta,IIT Madras,https://nptel.ac.in/courses/108106069
Electrical Engineering,Electrical Machines I,"Dr. Krishna Vasudevan, Prof. G. Sridhara Rao, Prof. P. Sasidhara Rao",IIT Madras,https://nptel.ac.in/courses/108106071
Electrical Engineering,Electrical Machines II,"Dr. Krishna Vasudevan, Prof. G. Sridhara Rao, Prof. P. Sasidhara Rao",IIT Madras,https://nptel.ac.in/courses/108106072
Electrical Engineering,Electromagnetic Fields,Prof. Harishankar Ramachandran,IIT Madras,https://nptel.ac.in/courses/108106073
Electrical Engineering,Industrial Instrumentation,Prof. V. Jayashankar,IIT Madras,https://nptel.ac.in/courses/108106074
Electrical Engineering,Networks And Systems,Prof. V.G.K. Murti,IIT Madras,https://nptel.ac.in/courses/108106075
Electrical Engineering,NOC:Probability Foundations For Electrical Engineers,Prof. Krishna Jagannathan,IIT Madras,https://nptel.ac.in/courses/108106083
Electrical Engineering,NOC:Analog Circuits,Prof. Nagendra Krishnapura,IIT Madras,https://nptel.ac.in/courses/108106084
Electrical Engineering,NOC:Introduction To Non Linear Dynamics,Prof. Gaurav Raina,IIT Madras,https://nptel.ac.in/courses/108106085
Electrical Engineering,NOC:Probability Foundations For Electrical Engineers,"Prof. Andrew Thangaraj, Prof. R.Aravind EE",IIT Madras,https://nptel.ac.in/courses/108106106
Electrical Engineering,NOC:Introduction To Photonics,Prof. Balaji Srinivasan,IIT Madras,https://nptel.ac.in/courses/108106135
Electrical Engineering,"NOC:Electromagnetic Compatibility, EMC","Prof. Daniel Mansson, Prof. Rajeev Thottappillil","KTH Royal Institute Of Technology, Sweden",https://nptel.ac.in/courses/108106138
Electrical Engineering,NOC:Mapping Signal Processing Algorithms To Architectures,Prof. Nitin Chandrachoodan,IIT Madras,https://nptel.ac.in/courses/108106149
Electrical Engineering,NOC:Linear Systems Theory,Prof. Ramkrishna Pasumarthy,IIT Madras,https://nptel.ac.in/courses/108106150
Electrical Engineering,NOC:Digital Signal Processing,Prof. C.S.Ramalingam,IIT Madras,https://nptel.ac.in/courses/108106151
Electrical Engineering,NOC:Computational Electromagnetics,Prof. Uday Khankhoje,IIT Madras,https://nptel.ac.in/courses/108106152
Electrical Engineering,NOC:Transmission Lines And Electromagnetic Waves,Prof. Ananth Krishnan,IIT Madras,https://nptel.ac.in/courses/108106157
Electrical Engineering,NOC:DC Power Transmission Systems,Prof. Krishna S,IIT Madras,https://nptel.ac.in/courses/108106160
Electrical Engineering,NOC:Optical Engineering,Prof. Shanti Bhattacharya,IIT Madras,https://nptel.ac.in/courses/108106161
Electrical Engineering,NOC:Nonlinear System Analysis,"Dr. Arun D. Mahindrakar, Prof. Ramkrishna Pasumarthy",IIT Madras,https://nptel.ac.in/courses/108106162
Electrical Engineering,NOC:Fiber Optic Communication Technology,Prof. Deepa Venkitesh,IIT Madras,https://nptel.ac.in/courses/108106167
Electrical Engineering,NOC:Image Signal Processing,Prof. A. N. Rajagopalan,IIT Madras,https://nptel.ac.in/courses/108106168
Electrical Engineering,NOC:Fundamentals Of Electric Vehicles: Technology & Economics,Prof. Ashok Jhunjhunwala <br> Prof. Prabhjot Kaur <br> Prof. Kaushal Kumar Jha <br> Prof. L Kannan,IIT Madras,https://nptel.ac.in/courses/108106170
Electrical Engineering,NOC:Applied Linear Algebra,Prof. Andrew Thangaraj,IIT Madras,https://nptel.ac.in/courses/108106171
Electrical Engineering,Basic Electrical Circuits,Dr. Nagendra Krishnapura,IIT Madras,https://nptel.ac.in/courses/108106172
Electrical Engineering,NOC:Introduction To Time - Varying Electrical Networks,Prof. Shanthi Pavan,IIT Madras,https://nptel.ac.in/courses/108106174
Electrical Engineering,NOC:Stochastic Modeling And The Theory Of Queues,Prof. Krishna Jagannathan,IIT Madras,https://nptel.ac.in/courses/108106179
Electrical Engineering,NOC:Integrated Photonics Devices And Circuits,Prof. Bijoy Krishna Das,IIT Madras,https://nptel.ac.in/courses/108106180
Electrical Engineering,NOC:Introduction To Semiconductor Devices,Prof. Naresh Kumar Emani,IIT Hyderabad,https://nptel.ac.in/courses/108106181
Electrical Engineering,NOC:Electric Vehicles And Renewable Energy,Prof. Ashok Jhunjhunwala <br> Prof. Prabhjot Kaur <br> Prof. Kaushal Kumar Jha <br> Prof. L Kannan,IIT Madras,https://nptel.ac.in/courses/108106182
Electrical Engineering,NOC:Phase-Locked Loops,Prof. Saurabh Saxena,IIT Madras,https://nptel.ac.in/courses/108106184
Electrical Engineering,NOC:Fundamentals Of Nano And Quantum Photonics,Prof. Naresh Kumar Emani,IIT Hyderabad,https://nptel.ac.in/courses/108106186
Electrical Engineering,NOC:VLSI Design Flow: RTL To GDS,Prof. Sneh Saurabh,IIIT Delhi,https://nptel.ac.in/courses/108106191
Electrical Engineering,NOC:Fundamentals Of Wireless Communication (Hindi),Prof. Vivek Bohara,IIIT Delhi,https://nptel.ac.in/courses/108106192
Electrical Engineering,"NOC:Sensor Technologies: Physics, Fabrication, And Circuits",Prof. Mitradip Bhattacharjee,IISER Bhopal,https://nptel.ac.in/courses/108106193
Electrical Engineering,NOC:Optimization Theory And Algorithms,Prof. Uday K Khankhoje,IIT Madras,https://nptel.ac.in/courses/108106478
Electrical Engineering,NOC:Power Electronics With Wide Band Gap Devices,Prof. Moumita Das,IIT Mandi,https://nptel.ac.in/courses/108106480
Electrical Engineering,NOC:Sliding Mode Control And Applications,Prof. Shyam Kamal,IIT (BHU) Varanasi,https://nptel.ac.in/courses/108106722
Electrical Engineering,Computer Aided Power System Analysis,"Dr. B. Das, Dr. Vinay Pant",IIT Roorkee,https://nptel.ac.in/courses/108107028
Electrical Engineering,Microprocessor,Dr. Pramod Agarwal,IIT Roorkee,https://nptel.ac.in/courses/108107029
Electrical Engineering,NOC:Electrical Distribution System Analysis,Prof. N P Padhy And Late Prof. G. B. Kumbhar,IIT Roorkee,https://nptel.ac.in/courses/108107112
Electrical Engineering,NOC:Advanced Linear Continuous Control Systems: Applications With MATLAB Programming And Simulink,Prof. Yogesh Vijay Hote,IIT Roorkee,https://nptel.ac.in/courses/108107115
Electrical Engineering,NOC:Computer Aided Power System Analysis,Prof. Biswarup Das,IIT Roorkee,https://nptel.ac.in/courses/108107127
Electrical Engineering,NOC:Advance Power Electronics And Control,Prof. Avik Bhattacharya,IIT Roorkee,https://nptel.ac.in/courses/108107128
Electrical Engineering,NOC:Microelectronics: Devices To Circuits,Prof. Sudeb Dasgupta,IIT Roorkee,https://nptel.ac.in/courses/108107142
Electrical Engineering,NOC:Dc Microgrid And Control System,Prof. Avik Bhattacharya,IIT Roorkee,https://nptel.ac.in/courses/108107143
Electrical Engineering,NOC:Power System Protection And Switchgear,Prof. Bhaveshkumar R. Bhalja,IIT Roorkee,https://nptel.ac.in/courses/108107167
Electrical Engineering,"NOC:Modeling, Analysis And Estimation Of Three Phase Unbalanced Power Network",Prof. Biswarup Das,IIT Roorkee,https://nptel.ac.in/courses/108107477
Electrical Engineering,NOC:Charging Infrastructure,Prof. Apurv Kumar Yadav,IIT Roorkee,https://nptel.ac.in/courses/108107715
Electrical Engineering,NOC:Advanced Distribution System Analysis And Operation,"Prof. N. P. Padhy, Prof. Subho Paul",IIT Roorkee,https://nptel.ac.in/courses/108107716
Electrical Engineering,An Introduction To Electronics Systems Packaging,Prof. G.V. Mahesh,IISc Bangalore,https://nptel.ac.in/courses/108108031
Electrical Engineering,Power Electronics And Distributed Generation,Dr. Vinod John,IISc Bangalore,https://nptel.ac.in/courses/108108034
Electrical Engineering,Pulse Width Modulation For Power Electronic Converters,Dr. G. Narayanan,IISc Bangalore,https://nptel.ac.in/courses/108108035
Electrical Engineering,Switched Mode Power Conversion,"Prof. L. Umanand, Prof. V. Ramanarayanan",IISc Bangalore,https://nptel.ac.in/courses/108108036
Electrical Engineering,Basic Electrical Technology,Prof. L. Umanand,IISc Bangalore,https://nptel.ac.in/courses/108108076
Electrical Engineering,Industrial Drives - Power Electronics,Prof. K. Gopakumar,IISc Bangalore,https://nptel.ac.in/courses/108108077
Electrical Engineering,Non-Conventional Energy Systems,Prof. L. Umanand,IISc Bangalore,https://nptel.ac.in/courses/108108078
Electrical Engineering,Numerical Analysis,Prof. Vittal Rao,IISc Bangalore,https://nptel.ac.in/courses/108108079
Electrical Engineering,NOC:Design For Internet Of Things,Prof. T V Prabhakar,IISc Bangalore,https://nptel.ac.in/courses/108108098
Electrical Engineering,NOC:Advances In UHV Transmission And Distribution,Prof. Subba Reddy B,IISc Bangalore,https://nptel.ac.in/courses/108108099
Electrical Engineering,NOC:Mathematical Methods And Techniques In Signal Processing,Prof. Shayan Srinivasa Garani,IISc Bangalore,https://nptel.ac.in/courses/108108109
Electrical Engineering,NOC:Semiconductor Devices And Circuits,Prof. Sanjiv Sambandan,IISc Bangalore,https://nptel.ac.in/courses/108108112
Electrical Engineering,NOC:Fabrication Techniques For MEMs-Based Sensors : Clinical Perspective,Prof. Hardik Jeetendra Pandya,IISc Bangalore,https://nptel.ac.in/courses/108108113
Electrical Engineering,"NOC:Op-Amp Practical Applications: Design, Simulation And Implementation",Prof. Hardik J Pandya,IISc Bangalore,https://nptel.ac.in/courses/108108114
Electrical Engineering,NOC:Physical Modelling For Electronics Enclosures Using Rapid Prototyping,Prof. N. V Chalapathi Rao,IISc Bangalore,https://nptel.ac.in/courses/108108115
Electrical Engineering,NOC:Advanced IOT Applications,Prof. T V Prabhakar,IISc Bangalore,https://nptel.ac.in/courses/108108123
Electrical Engineering,NOC:Electronic Systems For Cancer Diagnosis,Prof. Hardik Jeetendra Pandya,IISc Bangalore,https://nptel.ac.in/courses/108108124
Electrical Engineering,NOC:Electronic Modules For Industrial Applications Using Op-Amps,Prof. Hardik Jeetendra Pandya,IISc Bangalore,https://nptel.ac.in/courses/108108125
Electrical Engineering,NOC:Neural Networks For Signal Processing – I,Prof. Shayan Srinivasa Garani,IISc Bangalore,https://nptel.ac.in/courses/108108148
Electrical Engineering,NOC:Design And Simulation Of Power Conversion Using Open Source Tools,Prof. L. Umanand,IISc Bangalore,https://nptel.ac.in/courses/108108166
Electrical Engineering,NOC:Introductory Neuroscience & Neuro-Instrumentation,Prof. Mahesh Jayachandra,IISc Bangalore,https://nptel.ac.in/courses/108108167
Electrical Engineering,NOC:Information Theory,Prof. Himanshu Tyagi,IISc Bangalore,https://nptel.ac.in/courses/108108168
Electrical Engineering,NOC:Design For Internet Of Things,Prof. T V Prabhakar,IISc Bangalore,https://nptel.ac.in/courses/108108179
Electrical Engineering,NOC:Mathematical Aspects Of Biomedical Electronic System Design,Prof. Chandramani Singh,IISc Bangalore,https://nptel.ac.in/courses/108108180
Electrical Engineering,NOC:Concentration Inequalities,"Prof. Aditya Gopalan, Prof. Himanshu Tyagi",IISc Bangalore,https://nptel.ac.in/courses/108108181
Electrical Engineering,NOC:Real-Time Digital Signal Processing,Prof. Rathna G N,IISc Bangalore,https://nptel.ac.in/courses/108108185
Electrical Engineering,NOC:Advanced Neural Science For Engineers,Prof. Vikas V,Nimhans Bangalore IISc,https://nptel.ac.in/courses/108108188
Electrical Engineering,NOC:Design Of Electric Motors,Prof. Prathap Reddy,IISc Bangalore,https://nptel.ac.in/courses/108108191
Electrical Engineering,NOC:Basics Of Semiconductor Microwave Devices,Prof Digbijoy N Nath,IISc Bangalore,https://nptel.ac.in/courses/108108377
Electrical Engineering,NOC:Enclosure Design Of Electronics Equipment,Prof. N. V Chalapathi Rao,IISc Bangalore,https://nptel.ac.in/courses/117108140
Electrical Engineering,NOC:Design Of Photovoltaic Systems,Prof. L. Umanand,IISc Bangalore,https://nptel.ac.in/courses/117108141
Electrical Engineering,"NOC:Nanophotonics, Plasmonics, And Metamaterials",Prof. Debabrata Sikdar,IIT Guwahati,https://nptel.ac.in/courses/117103150
Electrical Engineering,NOC:Power Electronics Applications In Power Systems,Prof. Sanjib Ganguly,IIT Guwahati,https://nptel.ac.in/courses/117103488
Electrical Engineering,NOC:Introduction To Microwave And Optical Metamaterials,Prof. Debabrata Sikdar,IIT Guwahati,https://nptel.ac.in/courses/117103723
Electrical Engineering,NOC:Signal Processing Algorithms And Architectures,Prof. Anirban Dasgupta,IIT Guwahati,https://nptel.ac.in/courses/117103725
Electrical Engineering,NOC:Microsensors And Nanosensors,Prof. Ravindra Kumar Jha,IIT Guwahati,https://nptel.ac.in/courses/117103726
Electrical Engineering,NOC:Principles Of Modern CDMA/ MIMO/ OFDM Wireless Communications(Course Sponsored By Aricent),Prof. Aditya K. Jagannatham,IIT Kanpur,https://nptel.ac.in/courses/117104115
Electrical Engineering,NOC:Digital Switching - I,Prof. Y.N.Singh,IIT Kanpur,https://nptel.ac.in/courses/117104128
Electrical Engineering,NOC:5G Wireless Standard Design,Prof. Rohit Budhiraja,IIT Kanpur,https://nptel.ac.in/courses/117104484
Electrical Engineering,NOC:RFIC Design,Prof. Imon Mondal,IIT Kanpur,https://nptel.ac.in/courses/117104727
Electrical Engineering,NOC:Pattern Recognition And Application,Prof. Prabir Kumar Biswas,IIT Kharagpur,https://nptel.ac.in/courses/117105101
Electrical Engineering,NOC:Digital Image Processing,Prof. Prabir Kumar Biswas,IIT Kharagpur,https://nptel.ac.in/courses/117105135
Electrical Engineering,NOC:Power System Analysis,Prof. Debapriya Das,IIT Kharagpur,https://nptel.ac.in/courses/117105140
Electrical Engineering,NOC:Analog Communication,Prof. Goutam Das,IIT Kharagpur,https://nptel.ac.in/courses/117105143
Electrical Engineering,NOC:Modern Digital Communication Techniques,Prof. Suvra Sekhar Das,IIT Kharagpur,https://nptel.ac.in/courses/117105144
Electrical Engineering,NOC:Digital Speech Processing,Prof. Shyamal Kumar Das Mandal,IIT Kharagpur,https://nptel.ac.in/courses/117105145
Electrical Engineering,NOC:Basic Electrical Circuits,Prof. Gajendranath Chowdary,IIT Madras,https://nptel.ac.in/courses/117106108
Electrical Engineering,NOC:Nonlinear Dynamical Systems And Control,Prof. Vijaysekhar Chellaboina,IIT Madras,https://nptel.ac.in/courses/117106483
Electrical Engineering,NOC:Low Voltage CMOS Circuit Operation,Prof. Anand Bulusu,IIT Roorkee,https://nptel.ac.in/courses/117107485
Electrical Engineering,NOC:Cryogenic Electronics For Quantum Computing,Prof. Sudeb Dasgupta,IIT Roorkee,https://nptel.ac.in/courses/117107724
Humanities And Social Sciences,"NOC:Energy Resources, Economics And Environment",Prof. Rangan Banerjee,IIT Bombay,https://nptel.ac.in/courses/109101171
Humanities And Social Sciences,NOC:Introduction To Pāṇinian Grammar,Prof. Malhar Kulkarni,IIT Bombay,https://nptel.ac.in/courses/109101189
Humanities And Social Sciences,NOC:समास Samāsa In Pāṇinian Grammar- I,Prof. Malhar Kulkarni,IIT Bombay,https://nptel.ac.in/courses/109101198
Humanities And Social Sciences,NOC:Science Communication: Research Productivity And Data Analytics Using Open Source Software,"Prof. Mohit Garg, Prof. Nabi Hasan",IIT Delhi,https://nptel.ac.in/courses/109102392
Humanities And Social Sciences,NOC:Sociological Perspectives On Modernity,Prof. Sambit Mallick,IIT Guwahati,https://nptel.ac.in/courses/109103133
Humanities And Social Sciences,NOC:Introduction To Cognitive Psychology,Prof. Naveen Kashyap,IIT Guwahati,https://nptel.ac.in/courses/109103134
Humanities And Social Sciences,NOC:Introduction To Modern Indian Political Thought,Prof. Mithilesh Kumar Jha,IIT Guwahati,https://nptel.ac.in/courses/109103135
Humanities And Social Sciences,NOC:Introduction To Political Theory,Prof. Mithilesh Kumar Jha,IIT Guwahati,https://nptel.ac.in/courses/109103141
Humanities And Social Sciences,NOC:Human Behaviour,Prof. Naveen Kashyap,IIT Guwahati,https://nptel.ac.in/courses/109103142
Humanities And Social Sciences,NOC:Indian Business History,Prof. Vipul Dutta,IIT Guwahati,https://nptel.ac.in/courses/109103171
Humanities And Social Sciences,NOC:Phonetics And Phonology: A Broad Overview,Prof. Shakuntala Mahanta,IIT Guwahati,https://nptel.ac.in/courses/109103183
Humanities And Social Sciences,NOC:Philosophical Foundations Of Social Research,Prof. Sambit Mallick,IIT Guwahati,https://nptel.ac.in/courses/109103184
Humanities And Social Sciences,"NOC:Language, Culture And Cognition: An Introduction",Prof. Bidisha Som,IIT Guwahati,https://nptel.ac.in/courses/109103189
Humanities And Social Sciences,NOC:Bilingualism: A Cognitive And Psycholinguistic Perspective,Prof. Bidisha Som,IIT Guwahati,https://nptel.ac.in/courses/109103198
Humanities And Social Sciences,NOC:Psychology Of Emotion: Theory And Applications,Prof. Dilwar Hussain,IIT Guwahati,https://nptel.ac.in/courses/109103395
Humanities And Social Sciences,NOC:Psychology Of Personality And Individual Differences: Theory And Applications,Prof. Dilwar Hussain,IIT Guwahati,https://nptel.ac.in/courses/109103598
Humanities And Social Sciences,NOC:Ethnography Of Speaking,Prof. Bidisha Som,IIT Guwahati,https://nptel.ac.in/courses/109103877
Humanities And Social Sciences,NOC:Elements Of Visual Representation,Prof. Shatarupa Thakurta Roy,IIT Kanpur,https://nptel.ac.in/courses/109104088
Humanities And Social Sciences,NOC:Psychiatry:An Overview,Alok Bajpai,IIT Kanpur,https://nptel.ac.in/courses/109104096
Humanities And Social Sciences,NOC:Probability And Stochastic For Finance II,Prof. Joydeep Dutta,IIT Kanpur,https://nptel.ac.in/courses/109104104
Humanities And Social Sciences,NOC:Introduction To Psychology,Braj Bhushan,IIT Kanpur,https://nptel.ac.in/courses/109104105
Humanities And Social Sciences,NOC:How The Brain Creates Mind,Alok Bajpai,IIT Kanpur,https://nptel.ac.in/courses/109104108
Humanities And Social Sciences,NOC:Enhancing Soft Skills And Personality,Prof. T. Ravichandran,IIT Kanpur,https://nptel.ac.in/courses/109104115
Humanities And Social Sciences,NOC:Introducing Modern Western Art: Movements And Artists,Prof.Soumik Nandy Majumdar,Visva Bharati University,https://nptel.ac.in/courses/109104117
Humanities And Social Sciences,NOC:Development Of Sociology In India,Prof. Ashish Saxena,IIT Kanpur,https://nptel.ac.in/courses/109104136
Humanities And Social Sciences,NOC:Introduction To The Pyschology Of Language,Prof. ARK Verma,IIT Kanpur,https://nptel.ac.in/courses/109104143
Humanities And Social Sciences,NOC:Modern Indian Art From The Colonial Period To The Present,Prof.Soumik Nandy Majumdar,Visva Bharati University,https://nptel.ac.in/courses/109104176
Humanities And Social Sciences,NOC:Literature And Coping Skills,Prof. Ajit K Mishra,IIT(BHU) Varanasi,https://nptel.ac.in/courses/109104183
Humanities And Social Sciences,NOC:Indian Economy: Some Contemporary Perspectives,Prof. Wasim Ahmad,IIT Kanpur,https://nptel.ac.in/courses/109104184
Humanities And Social Sciences,NOC:Japani Bhasha - Saral Swaroop,Prof. Vatsala Misra,IIT Kanpur,https://nptel.ac.in/courses/109104194
Humanities And Social Sciences,NOC:Computer Aided Decision Systems - Industrial Practices Using Big Analytics,"Prof. Amandeep Singh Oberoi, Prof. Deepu Philip",IIT Kanpur,https://nptel.ac.in/courses/109104198
Humanities And Social Sciences,NOC:Psychology Of Bilingualism And Multilingualism,Prof. Ark Verma,IIT Kanpur,https://nptel.ac.in/courses/109104398
Humanities And Social Sciences,NOC:Sociology And Sanitation: An Introduction,Prof. Ashish Saxena,University Of Allahabad,https://nptel.ac.in/courses/109104400
Humanities And Social Sciences,NOC:Introduction To Economic Growth- I,Prof. Sohini Sahu,IIT Kanpur,https://nptel.ac.in/courses/109104604
Humanities And Social Sciences,NOC:Basics Of Experimental Design For Cognitive Psychology,Prof. Ark Verma,IIT Kanpur,https://nptel.ac.in/courses/109104878
Humanities And Social Sciences,NOC:Technology Transfer Through Joint Venture,Prof. Indrajit Dube,IIT Kharagpur,https://nptel.ac.in/courses/109105097
Humanities And Social Sciences,NOC:Legal Compliance For Incorporating Startup,Prof. Indrajit Dube,IIT Kharagpur,https://nptel.ac.in/courses/109105098
Humanities And Social Sciences,NOC:Soft Skill Development,"Prof. D. Suar, Prof. Priyadarshi Patnaik, Prof. V.N. Giri",IIT Kharagpur,https://nptel.ac.in/courses/109105110
Humanities And Social Sciences,NOC:Introduction On Intellectual Property To Engineers And Technologists,Prof. Tapas Kumar Bandyopadhyay,IIT Kharagpur,https://nptel.ac.in/courses/109105112
Humanities And Social Sciences,NOC:Emotional Intelligence,Prof. Rabindra Kumar Pradhan,IIT Kharagpur,https://nptel.ac.in/courses/109105116
Humanities And Social Sciences,NOC:Great Experiments In Psychology,Prof. Rajlakshmi Guha,IIT Kharagpur,https://nptel.ac.in/courses/109105118
Humanities And Social Sciences,NOC:Strategic Performance Management,Prof. Kbl Srivastava,IIT Kharagpur,https://nptel.ac.in/courses/109105127
Humanities And Social Sciences,NOC:Employment Communication A Lab Based Course,Prof. Seema Singh,IIT Kharagpur,https://nptel.ac.in/courses/109105144
Humanities And Social Sciences,NOC:Advanced Level Of Spoken Sanskrit,Prof. Anuradha Choudry,IIT Kharagpur,https://nptel.ac.in/courses/109105189
Humanities And Social Sciences,NOC:Education For Sustainable Development,Prof. Atasi Mohanty,IIT Kharagpur,https://nptel.ac.in/courses/109105190
Humanities And Social Sciences,NOC:Elements Of Literature And Creative Communication,Prof. H.S. Komalesha,IIT Kharagpur,https://nptel.ac.in/courses/109105191
Humanities And Social Sciences,NOC:Training And Development,Prof. Susmita Mukhopadhyay Prof. S.Srinivasan,IIT Kharagpur,https://nptel.ac.in/courses/109105192
Humanities And Social Sciences,NOC:Petroleum Economics And Management,Prof. Anwesha Aditya,IIT Kharagpur,https://nptel.ac.in/courses/109105198
Humanities And Social Sciences,NOC:The Science Of Happiness And Wellbeing,"Prof. Manas K Mandal, Prof. Priyadarshi Patnaik",IIT Kharagpur,https://nptel.ac.in/courses/109105199
Humanities And Social Sciences,NOC:Environmental Science,"Prof. Shamik Chowdhury, Prof. Sudha Goel",IIT Kharagpur,https://nptel.ac.in/courses/109105203
Humanities And Social Sciences,NOC:Philosophy And Critical Thinking,Prof. Gyan Prakash,IIT-ISM Dhanbad,https://nptel.ac.in/courses/109105396
Humanities And Social Sciences,NOC:Educational Technology And ICT,Prof. Sarita Anand,"Visva Bharati University, Santiniketan",https://nptel.ac.in/courses/109105595
Humanities And Social Sciences,NOC:Exercise And Sports Biomechanics,"Prof. P.Rajinikumar, Prof. Rahul Tiwari, Prof. Viswanath Sundar","Visva Bharati University, Santiniketan",https://nptel.ac.in/courses/109105596
Humanities And Social Sciences,NOC:Level-O Certificate Course In Cricket Coaching,Prof. Abhijit Thander,"Visva Bharati University, Santiniketan",https://nptel.ac.in/courses/109105597
Humanities And Social Sciences,NOC:Modernisation And Creative Communication,"Prof. Ananya Roy Pratihar, Prof. Saswat Samay Das",IIT Kharagpur,https://nptel.ac.in/courses/109105606
Humanities And Social Sciences,NOC:Effective Learning For Professional Development,"Prof. Atasi Mohanty, Prof. Manas Kumar Mandal",IIT Kharagpur,https://nptel.ac.in/courses/109105879
Humanities And Social Sciences,NOC:Foundational Course: Child'S Growth And Development,Prof. Sharmila Yadav,"Visva Bharati University, Santiniketan",https://nptel.ac.in/courses/109105880
Humanities And Social Sciences,NOC:Methodology Of Educational Research,Prof. Sarita Anand,"Visva Bharati University, Santiniketan",https://nptel.ac.in/courses/109105881
Humanities And Social Sciences,NOC:Theory And Practice: International Trade In The Contemporary World,Prof. Anwesha Aditya,IIT Kharagpur,https://nptel.ac.in/courses/109105882
Humanities And Social Sciences,NOC:English For Thesis Writing,Prof. Seema Singh,IIT Kharagpur,https://nptel.ac.in/courses/109105883
Humanities And Social Sciences,NOC:Introduction To Indian Psychology,Prof. Anuradha Choudry,IIT Kharagpur,https://nptel.ac.in/courses/109105884
Humanities And Social Sciences,NOC:Introduction To Film Studies,Prof. Aysha Viswamohan,IIT Madras,https://nptel.ac.in/courses/109106079
Humanities And Social Sciences,NOC:Language And Mind,Prof. Rajesh Kumar,IIT Madras,https://nptel.ac.in/courses/109106085
Humanities And Social Sciences,NOC:Infrastructure Economics,Prof.Nalin Bharti,IIT Patna,https://nptel.ac.in/courses/109106089
Humanities And Social Sciences,NOC:American Literature & Culture,Prof. Aysha Viswamohan,IIT Madras,https://nptel.ac.in/courses/109106099
Humanities And Social Sciences,NOC:English Language For Competitive Exams,Prof. Aysha Viswamohan,IIT Madras,https://nptel.ac.in/courses/109106116
Humanities And Social Sciences,NOC:Patent Drafting For Beginners,Prof. Feroz Ali,IIT Madras,https://nptel.ac.in/courses/109106128
Humanities And Social Sciences,NOC:Indian Fiction In English,Prof. Merin Simi Raj,IIT Madras,https://nptel.ac.in/courses/109106135
Humanities And Social Sciences,NOC:Introduction To Cultural Studies,Prof. Avishek Parui,IIT Madras,https://nptel.ac.in/courses/109106136
Humanities And Social Sciences,NOC:Intellectual Property,Prof. Feroze Ali,IIT Madras,https://nptel.ac.in/courses/109106137
Humanities And Social Sciences,NOC:The Nineteenth-Century English Novel,Prof. Divya.A,IIT Madras,https://nptel.ac.in/courses/109106145
Humanities And Social Sciences,NOC:Introduction To World Literature,Prof. Merin Simi Raj,IIT Madras,https://nptel.ac.in/courses/109106147
Humanities And Social Sciences,"NOC:English Literature Of The Romantic Period, 1798-1832",Prof. Pramod K Nayar,University Of Hyderabad,https://nptel.ac.in/courses/109106149
Humanities And Social Sciences,NOC:German-II,Prof. Milind Brahme,IIT Madras,https://nptel.ac.in/courses/109106165
Humanities And Social Sciences,NOC:German-I,Prof. Milind Brahme,IIT Madras,https://nptel.ac.in/courses/109106166
Humanities And Social Sciences,NOC:Introduction To Film Studies,Prof. Aysha Iqbal,IIT Madras,https://nptel.ac.in/courses/109106170
Humanities And Social Sciences,NOC:Literary Criticism (From Plato To Leavis),Prof. Merin Simi Raj,IIT Madras,https://nptel.ac.in/courses/109106171
Humanities And Social Sciences,NOC:Twentieth Century Fiction,Prof. Avishek Parui,IIT Madras,https://nptel.ac.in/courses/109106172
Humanities And Social Sciences,NOC:Modern Indian Writing In Translation,Prof. Divya.A,IIT Madras,https://nptel.ac.in/courses/109106173
Humanities And Social Sciences,NOC:Feminism : Concepts And Theories,Prof. Mathangi Krishnamurthy,IIT Madras,https://nptel.ac.in/courses/109106175
Humanities And Social Sciences,NOC:Basics Of Language Science,Prof. Rajesh Kumar,IIT Madras,https://nptel.ac.in/courses/109106182
Humanities And Social Sciences,NOC:Globalization: Theoretical Perspectives,Prof. R. Santhosh,IIT Madras,https://nptel.ac.in/courses/109106183
Humanities And Social Sciences,NOC:Towards An Ethical Digital Society: From Theory To Practice,Prof. Amit Prakash,IIIT Bangalore,https://nptel.ac.in/courses/109106184
Humanities And Social Sciences,NOC:Literature And Life,Prof. S P Dhanavel,IIT Madras,https://nptel.ac.in/courses/109106189
Humanities And Social Sciences,NOC:German - III,Prof. Milind Brahme,IIT Madras,https://nptel.ac.in/courses/109106190
Humanities And Social Sciences,NOC:Appreciating Hindustani Music,Prof. Lakshmi Sreeram,IIT Madras,https://nptel.ac.in/courses/109106191
Humanities And Social Sciences,NOC:Indian Feminisms: Concepts And Issues,Prof. Anandita Pan,IISER Bhopal,https://nptel.ac.in/courses/109106199
Humanities And Social Sciences,NOC:United Nations Sustainable Development Goals (UN SDGs),Prof. Shiva Ji,IIT Hyderabad,https://nptel.ac.in/courses/109106200
Humanities And Social Sciences,NOC:Learning English In Hindi,Prof. Rajesh,IIT Madras,https://nptel.ac.in/courses/109106201
Humanities And Social Sciences,NOC:Human Movement Science,"Prof. Shruti Bhandurge, Prof. Subham Badhyal",IIT Madras,https://nptel.ac.in/courses/109106401
Humanities And Social Sciences,NOC:Strength & Conditioning For The Indian Population,"Prof. Deckline Leitao, Prof. Varun Suresh Kumar",IIT Madras,https://nptel.ac.in/courses/109106404
Humanities And Social Sciences,NOC:Essentials Of Sports Injury Prevention & Rehabilitation,"Prof. Col (Dr) Anup Krishnan (Retd), Prof. Lt Col (Dr) Atul Sharma, Prof. Wg Cdr (Dr) CS Guru",IIT Madras,https://nptel.ac.in/courses/109106405
Humanities And Social Sciences,NOC:Forensic Linguistics,Prof. Deepak Mashru,National Forensic Sciences Universtiy (INI),https://nptel.ac.in/courses/109106408
Humanities And Social Sciences,NOC:The Novel And Change,Prof. Avishek Parui,IIT Madras,https://nptel.ac.in/courses/109106600
Humanities And Social Sciences,NOC:Complete Guide For Campus Interviews: Step By Step Preparation For Internships And Full-Time Jobs,"Prof. Vibin Aravindakshan, Prof. Vinod Aravindakshan",IIT Palakkad Careerbolt,https://nptel.ac.in/courses/109106602
Humanities And Social Sciences,NOC:Gender Inclusive Urban Spaces: Issues And Questions,Prof. Binitha V Thampi,IIT Madras,https://nptel.ac.in/courses/109106603
Humanities And Social Sciences,NOC:Anti-Doping Awareness In Sports,"Col (Dr) Anup Krishnan (Retd), Prof. Ankush Gupta, Prof. Dobson Dominic, Prof. Jay Singh",IIT Madras,https://nptel.ac.in/courses/109106645
Humanities And Social Sciences,NOC:Toolkit Of PE Teachers: Basic,"Prof. Azad Khan, Prof. Divyadeep Hada, Prof. Sunil Purohit",IIT Madras,https://nptel.ac.in/courses/109106646
Humanities And Social Sciences,NOC:Advanced Course In Performance Traditions Of The Mahabharata In Tamil Nadu- 2,Prof. Sashikanth Ananthachari,IIT Madras,https://nptel.ac.in/courses/109106647
Humanities And Social Sciences,NOC:Korean II,Prof. Soo Jin Shim,IIT Madras,https://nptel.ac.in/courses/109106649
Humanities And Social Sciences,NOC:Indian Writing In English,Prof.Umasankar Patra,IIT Madras,https://nptel.ac.in/courses/109106886
Humanities And Social Sciences,NOC:Science Fiction Studies,Prof. Gigy J Alex,Indian Institute Of Space Science And Technology,https://nptel.ac.in/courses/109106887
Humanities And Social Sciences,NOC:Sports Injuries Of Knee: Rehabilitation,"Col (Dr) Hrishikesh Pande, Maj (Dr) Amar Singh, Maj (Dr) Arun L, Surg Cdr (Dr) Jerrin Shaji",AFMC Pune,https://nptel.ac.in/courses/109106888
Humanities And Social Sciences,"NOC:Migration, Mobility And Development",Prof. Amrita Datta,IIT Hyderabad,https://nptel.ac.in/courses/109106889
Humanities And Social Sciences,NOC:Conditioning Program Designing,"Col (Dr) Anup Krishnan (Retd), Prof. Babji Srinivasan, Prof. Deckline Lietao, Prof. Kaustubh Shedjale, Prof. Pralay Majumdar, Wg Cdr (Dr) CS Guru",Multi-Institute,https://nptel.ac.in/courses/109106890
Humanities And Social Sciences,NOC:Dietary Supplements And Ergogenic Aids In Sports,"Prof. Aradhana Sharma, Prof. Prasanna Choudhari , Prof. Vani Bushanam Golla, Prof. Vibha Acharya , Wg Cdr (Dr) CS Guru",Multi-Institute,https://nptel.ac.in/courses/109106891
Humanities And Social Sciences,NOC:Introduction To Environmental Economics,"Prof. Diptimayee Nayak, Prof. S. P. Singh",IIT Roorkee,https://nptel.ac.in/courses/109107171
Humanities And Social Sciences,NOC:Effective Writing,Prof. Binod Mishra,IIT Roorkee,https://nptel.ac.in/courses/109107172
Humanities And Social Sciences,NOC:Indian Poetry In English,Prof. Binod Mishra,IIT Roorkee,https://nptel.ac.in/courses/109107189
Humanities And Social Sciences,NOC:Exploring Survey Data On Health Care,Prof. Pratap C. Mohanty,IIT Roorkee,https://nptel.ac.in/courses/109107190
Humanities And Social Sciences,NOC:Contextualizing Gender,Prof. Rashmi Gaur,IIT Roorkee,https://nptel.ac.in/courses/109107191
Humanities And Social Sciences,"NOC:Fiction: Epics, Novels And Poetry",Prof. Sarbani Banerjee,IIT Roorkee,https://nptel.ac.in/courses/109107198
Humanities And Social Sciences,NOC:Group Dynamics,Prof. Pooja Garg,IIT Roorkee,https://nptel.ac.in/courses/109107199
Humanities And Social Sciences,NOC:Online Communication In The Digital Age,Prof. Rashmi Gaur,IIT Roorkee,https://nptel.ac.in/courses/109107394
Humanities And Social Sciences,"NOC:Energy Resources, Economics, And Sustainability",Prof. Pratham Arora,IIT Roorkee,https://nptel.ac.in/courses/109107397
Humanities And Social Sciences,NOC:Cognitive Ergonomics,Prof. M. K. Asthana,IIT Roorkee,https://nptel.ac.in/courses/109107399
Humanities And Social Sciences,"NOC:Refugee, Migration, Diaspora",Prof. Sarbani Banerjee,IIT Roorkee,https://nptel.ac.in/courses/109107599
Humanities And Social Sciences,NOC:Victorian Literature: An Interdisciplinary Introduction,"Prof. Aruni Mahapatra, Prof. Smita Jha",IIT Roorkee,https://nptel.ac.in/courses/109107601
Humanities And Social Sciences,NOC:Twentieth-Century Women’S Novels,Prof. Aruni Mahapatra,IIT Roorkee,https://nptel.ac.in/courses/109107892
Humanities And Social Sciences,NOC:Power And Politics In Contemporary India: A Sociological View,Prof. Lalatendu Keshari Das,IIT Roorkee,https://nptel.ac.in/courses/109107893
Humanities And Social Sciences,NOC:Patent Law For Engineers And Scientists,Prof. Feroz Ali,IIT Madras,https://nptel.ac.in/courses/110106081
Humanities And Social Sciences,NOC:Brief Introduction To Psychology,Prof. Braj Bhushan,IIT Kanpur,https://nptel.ac.in/courses/109104093
Humanities And Social Sciences,NOC:Introduction To Indian Art - An Appreciation,Prof. Soumik Nandy Majumdar,IIT Kanpur,https://nptel.ac.in/courses/109104102
Humanities And Social Sciences,NOC:Basic Concepts Of Modal Logic,Prof. AVR Sarma,IIT Kanpur,https://nptel.ac.in/courses/109104103
Humanities And Social Sciences,NOC:Folk And Minor Art In India,Prof. Shatarupa Thakurta Roy,IIT Kanpur,https://nptel.ac.in/courses/109104106
Humanities And Social Sciences,NOC:Developing Soft Skills And Personality,Prof. T Ravichandran,IIT Kanpur,https://nptel.ac.in/courses/109104107
Humanities And Social Sciences,NOC:Understanding Design Thinking & People Centred Design,Prof. Jhumkee Iyengar,IIT Kanpur,https://nptel.ac.in/courses/109104109
Humanities And Social Sciences,NOC:Postcolonial Literature,Prof. Sayan Chattopadhyay,IIT Kanpur,https://nptel.ac.in/courses/109104116
Humanities And Social Sciences,"NOC:Cognition, Transformation And Lives",Prof. Alok Bajpai,IIT Kanpur,https://nptel.ac.in/courses/109104121
Humanities And Social Sciences,NOC:Visual Perception And Art: A Survey Across The Cultures,Prof. Soumik Nandy Majumdar,"Visva Bharati University, Santiniketan",https://nptel.ac.in/courses/109104122
Humanities And Social Sciences,NOC:Introduction To Basic Cognitive Processes,Prof. Ark Verma,IIT Kanpur,https://nptel.ac.in/courses/109104123
Humanities And Social Sciences,NOC:An Introduction To Microeconomics,Prof. Vimal Kumar,IIT Kanpur,https://nptel.ac.in/courses/109104125
Humanities And Social Sciences,NOC:Introduction To Advanced Cognitive Processes,Prof. Ark Verma,IIT Kanpur,https://nptel.ac.in/courses/109104126
Humanities And Social Sciences,NOC:Introduction To Literary Theory,Prof. Sayan Chattopadhyay,IIT Kanpur,https://nptel.ac.in/courses/109104135
Humanities And Social Sciences,NOC:Population Studies,Prof. A. K. Sharma,IIT Kanpur,https://nptel.ac.in/courses/109104150
Humanities And Social Sciences,NOC:Psychology Of Everyday,"Prof. Alok Bajpai, Prof. Braj Bhushan",IIT Kanpur,https://nptel.ac.in/courses/109104151
Humanities And Social Sciences,NOC:Introduction To Brain & Behaviour,Prof. ARK Verma,IIT Kanpur,https://nptel.ac.in/courses/109104171
Humanities And Social Sciences,NOC: Introduction To Japanese Language And Culture,Prof. Vatsala Misra,IIT Kanpur,https://nptel.ac.in/courses/109104181
Humanities And Social Sciences,NOC:Applied Statistics And Econometrics,Prof. Deep Mukherjee,IIT Kanpur,https://nptel.ac.in/courses/109104182
Humanities And Social Sciences,NOC:Introduction To Japanese Language And Culture - II,Prof. Vatsala Misra,IIT Kanpur,https://nptel.ac.in/courses/109104195
Humanities And Social Sciences,"NOC:Indian Art: Materials, Techniques And Artistic Practices",Prof. Rajarshi Sengupta,IIT Kanpur,https://nptel.ac.in/courses/109104196
Humanities And Social Sciences,NOC: प्रमुख हिंदी कहानियां और भारतीय समाज,Prof. Shri Prakash Shukla,IIT (BHU) Varanasi,https://nptel.ac.in/courses/109104197
Humanities And Social Sciences,NOC:Introductory Rural Sociology: Continuity And Change,Prof. Ashish Saxena,University Of Allahabad,https://nptel.ac.in/courses/109104203
Humanities And Social Sciences,NOC:Threads Of Visual Exploration: Textiles And Allied Practices,Prof. Rajarshi Sengupta,IIT Kanpur,https://nptel.ac.in/courses/109104204
Humanities And Social Sciences,NOC:Moral Thinking: An Introduction To Values And Ethics,Prof. Vineet Sahu,IIT Kanpur,https://nptel.ac.in/courses/109104206
Humanities And Social Sciences,NOC:Business Japanese And Business Manner,"Prof. Vatsala Misra, Prof. Yumiko Furuichi","IITK, University Of Tokyo",https://nptel.ac.in/courses/109104496
Humanities And Social Sciences,NOC:Threads Of Visual Exploration: Textiles And Allied Practices - Part II,Prof. Rajarshi Sengupta,IIT Kanpur,https://nptel.ac.in/courses/109104497
Humanities And Social Sciences,NOC:Social Behavior And The Brain: An Introduction To Social Neuroscience,Prof. Ark Verma,IIT Kanpur,https://nptel.ac.in/courses/109104607
Humanities And Social Sciences,NOC:Mental Health And Wellbeing,"Dr. Aneesh T, Dr. Oyin Mibang, Mr. Ansuma Narzary, Mr. Sunny Sharma, Ms. Akanksha Awasthy, Ms. Amandip Saikia, Ms. Charul Bhoria, Ms. Rita Shukla, Ms. Shreyasi Vashishta, Prof. Santanu Misra",IIT Kanpur,https://nptel.ac.in/courses/109104666
Humanities And Social Sciences,NOC:Symbolic Logic,Prof. Chhanda Chakraborti,IIT Kharagpur,https://nptel.ac.in/courses/109105111
Humanities And Social Sciences,NOC:Globalization And Culture,Prof. Anjali Gera Roy,IIT Kharagpur,https://nptel.ac.in/courses/109105113
Humanities And Social Sciences,NOC:Speaking Effectively,Prof. Anjali Gera Roy,IIT Kharagpur,https://nptel.ac.in/courses/109105117
Humanities And Social Sciences,NOC:Human Resource Development,Prof. Kbl Srivastava,IIT Kharagpur,https://nptel.ac.in/courses/109105121
Humanities And Social Sciences,NOC:Educational Leadership,Prof. Atasi Mohanty,IIT Kharagpur,https://nptel.ac.in/courses/109105122
Humanities And Social Sciences,NOC:Introduction To Basic Spoken Sanskrit,Prof. Anuradha Choudry,IIT Kharagpur,https://nptel.ac.in/courses/109105135
Humanities And Social Sciences,"NOC:Water, Society And Sustainability",Prof. Jenia Mukherjee,IIT Kharagpur,https://nptel.ac.in/courses/109105136
Humanities And Social Sciences,NOC:Intermediate Level Of Spoken Sanskrit,Prof. Anuradha Choudry,IIT Kharagpur,https://nptel.ac.in/courses/109105169
Humanities And Social Sciences,NOC:Entrepreneurship And IP Strategy,Prof. Gouri Gargate,IIT Kharagpur,https://nptel.ac.in/courses/109105176
Humanities And Social Sciences,NOC:Urbanization And Environment,Prof. Jenia Mukherjee,IIT Kharagpur,https://nptel.ac.in/courses/109105185
Humanities And Social Sciences,NOC:The World Of Apu,Prof. Ashoke Viswanathan Prof. Joy Sen,,https://nptel.ac.in/courses/109105193
Humanities And Social Sciences,NOC:Sociology And Resource Management,"Prof. Amrita Sen, Prof. Archana Patnaik",IIT Kharagpur,https://nptel.ac.in/courses/109105195
Humanities And Social Sciences,NOC:Urban Sociology,"Prof. Amrita Sen, Prof. Archana Patnaik",IIT Kharagpur,https://nptel.ac.in/courses/109105196
Humanities And Social Sciences,NOC:Management Of Fixed Income Securities,Prof.Jitendra Mahakud,IIT Kharagpur,https://nptel.ac.in/courses/109105197
Humanities And Social Sciences,NOC:Psychology Of Learning,Prof. Atasi Mohanty,IIT Kharagpur,https://nptel.ac.in/courses/109105204
Humanities And Social Sciences,NOC:Introduction To Language And Linguistics,"Prof. Bornini Lahiri, Prof. Dripta Piplai (Mondal)",IIT Kharagpur,https://nptel.ac.in/courses/109105205
Humanities And Social Sciences,NOC:Sustainable Happiness,Prof. Atasi Mohanty,IIT Kharagpur,https://nptel.ac.in/courses/109105493
Humanities And Social Sciences,NOC:Logistics & Supply Chain Management,Prof. Vikas Thakur,IIT Kharagpur,https://nptel.ac.in/courses/109105494
Humanities And Social Sciences,NOC:Tools And Technologies Of Language Documentation,"Prof. Dripta Piplai (Mondal), Prof. Bornini Lahiri",IIT Kharagpur,https://nptel.ac.in/courses/109105495
Humanities And Social Sciences,NOC:Mastering Speaking And Presentations: A Case Based Approach,Prof. Seema Singh,IIT Kharagpur,https://nptel.ac.in/courses/109105605
Humanities And Social Sciences,NOC:Inclusive Education,Prof. Umakant Prasad,"Visva Bharati University, Santiniketan",https://nptel.ac.in/courses/109105712
Humanities And Social Sciences,Aspects Of Western Philosophy,Dr. Sreekumar Nellickappilly,IIT Madras,https://nptel.ac.in/courses/109106051
Humanities And Social Sciences,Aspects Of Western Philosophy,Dr. Sreekumar Nellickappilly,IIT Madras,https://nptel.ac.in/courses/109106052
Humanities And Social Sciences,Contemporary Literature,Prof. Aysha Viswamohan,IIT Madras,https://nptel.ac.in/courses/109106053
Humanities And Social Sciences,Contemporary Literature,Prof. Aysha Viswamohan,IIT Madras,https://nptel.ac.in/courses/109106054
Humanities And Social Sciences,NOC:History Of Economic Theory,Prof. S. S. SivaKumar,IIT Madras,https://nptel.ac.in/courses/109106058
Humanities And Social Sciences,NOC:Indian Philosophy,Prof. Satya Sundar Sethy,IIT Madras,https://nptel.ac.in/courses/109106059
Humanities And Social Sciences,Philosophy Of Language,Dr. Satya Sundar Sethy,IIT Madras,https://nptel.ac.in/courses/109106063
Humanities And Social Sciences,Technical English,Dr. G.P. Ragini,IIT Madras,https://nptel.ac.in/courses/109106066
Humanities And Social Sciences,NOC:Better Spoken English,Prof. Shreesh Chaudhary,IIT Madras,https://nptel.ac.in/courses/109106067
Humanities And Social Sciences,Reading Poetry,Prof. Meghna Mudaliar,IIT Madras,https://nptel.ac.in/courses/109106075
Humanities And Social Sciences,Introduction To Film Studies,Prof. Aysha Viswamohan,IIT Madras,https://nptel.ac.in/courses/109106078
Humanities And Social Sciences,Introduction To Modern Linguistics,"Prof. Rajesh Kumar, Prof. Shreesh Chaudhary",IIT Madras,https://nptel.ac.in/courses/109106080
Humanities And Social Sciences,Principles And Parameters In Natural Language,Prof. Rajesh Kumar,IIT Madras,https://nptel.ac.in/courses/109106083
Humanities And Social Sciences,NOC:Literary Theory And Literary Criticism,Prof. Aysha Viswamohan,IIT Madras,https://nptel.ac.in/courses/109106084
Humanities And Social Sciences,NOC: Film Appreciation,Prof. Aysha Viswamohan,IIT Madras,https://nptel.ac.in/courses/109106086
Humanities And Social Sciences,NOC:Appreciating Carnatic Music,Prof. Lakshmi Sreeram,Ahmedabad University,https://nptel.ac.in/courses/109106087
Humanities And Social Sciences,NOC:Language And Society,Prof. Rajesh Kumar,IIT Madras,https://nptel.ac.in/courses/109106091
Humanities And Social Sciences,NOC:Issues In Bioethics,Prof. Sreekumar Nellickappilly,IIT Madras,https://nptel.ac.in/courses/109106092
Humanities And Social Sciences,NOC:Technical English For Engineers(Course Sponsored By Aricent),Prof. Aysha Viswamohan,IIT Madras,https://nptel.ac.in/courses/109106094
Humanities And Social Sciences,NOC:Economics Of IPR,Prof. Nalin Bharti,IIT Patna,https://nptel.ac.in/courses/109106100
Humanities And Social Sciences,NOC:Applied Linguistics,Prof. Rajesh Kumar,IIT Madras,https://nptel.ac.in/courses/109106114
Humanities And Social Sciences,NOC:Ethics,Prof. Sreekumar Nellickapilly,IIT Madras,https://nptel.ac.in/courses/109106117
Humanities And Social Sciences,NOC:The Renaissance And Shakespeare,Prof. Shormishtha Panja,IIT Madras,https://nptel.ac.in/courses/109106120
Humanities And Social Sciences,NOC:Literature For Competitive Exams,Prof. Aysha Viswamohan,IIT Madras,https://nptel.ac.in/courses/109106122
Humanities And Social Sciences,NOC:History Of English Language And Literature,Prof. Merin Simi Raj,IIT Madras,https://nptel.ac.in/courses/109106124
Humanities And Social Sciences,NOC:Business English Communication,Prof. Aysha Viswamohan,IIT Madras,https://nptel.ac.in/courses/109106129
Humanities And Social Sciences,NOC:Postmodernism In Literature,Prof. Merin Simi Raj,IIT Madras,https://nptel.ac.in/courses/109106130
Humanities And Social Sciences,NOC:Short Fiction In Indian Literature,Prof. A Divya,IIT Madras,https://nptel.ac.in/courses/109106138
Humanities And Social Sciences,NOC:Feminist Writings,Prof. Avishek Parui,IIT Madras,https://nptel.ac.in/courses/109106146
Humanities And Social Sciences,NOC:Managing Intellectual Property In Universities,Prof. Feroz Ali,IIT Madras,https://nptel.ac.in/courses/109106148
Humanities And Social Sciences,NOC:Appreciating Linguistics: A Typological Approach,Prof. Anindita,IIT Madras,https://nptel.ac.in/courses/109106159
Humanities And Social Sciences,NOC:Inclusion And Technology Design,Prof. Bidisha Chaudhuri,IIIT Bangalore,https://nptel.ac.in/courses/109106160
Humanities And Social Sciences,NOC:Energy Economics And Policy,Prof. Shyamasree Dasgupta,IIT Mandi,https://nptel.ac.in/courses/109106161
Humanities And Social Sciences,NOC:The Victorian Gothic Short Story,Prof. Divya.A,IIT Madras,https://nptel.ac.in/courses/109106163
Humanities And Social Sciences,NOC:Disability Studies: An Introduction,Prof. Hemachandran Karah,IIT Madras,https://nptel.ac.in/courses/109106168
Humanities And Social Sciences,"NOC:Introduction To Political Ideologies : Contexts, Ideas, And Practices",Prof. Arvind Sivaramakrishnan,IIT Madras,https://nptel.ac.in/courses/109106174
Humanities And Social Sciences,NOC:Poetry,Prof. S P Dhanavel,IIT Madras,https://nptel.ac.in/courses/109106176
Humanities And Social Sciences,NOC:The Popular Gothic Novel,Prof. Divya A,IIT Madras,https://nptel.ac.in/courses/109106177
Humanities And Social Sciences,NOC:Classical Sociological Theory,Prof. R. Santhosh,IIT Madras,https://nptel.ac.in/courses/109106180
Humanities And Social Sciences,NOC:Literary And Cultural Disability Studies: An Exploration,Prof. Hemachandran Karah,IIT Madras,https://nptel.ac.in/courses/109106185
Humanities And Social Sciences,NOC:Trauma And Literature,Prof. Avishek Parui,IIT Madras,https://nptel.ac.in/courses/109106186
Humanities And Social Sciences,NOC:Twentieth Century American Drama,Prof. Merin Simi Raj,IIT Madras,https://nptel.ac.in/courses/109106187
Humanities And Social Sciences,NOC:Fundamental Concepts In Sociolinguistics,"Prof. Om Prakash, Prof. Rajesh Kumar",Gautam Buddha University And IIT Madras,https://nptel.ac.in/courses/109106188
Humanities And Social Sciences,NOC:An Introduction To Indian Literary Theory,Prof. Sreenath V.S,IIT Madras,https://nptel.ac.in/courses/109106195
Humanities And Social Sciences,NOC:Social History Of Medicine In Colonial India,Prof. John Bosco Lourdusamy,IIT Madras,https://nptel.ac.in/courses/109106203
Humanities And Social Sciences,NOC:Indian Society: Sociological Perspectives,Prof. R. Santhosh,IIT Madras,https://nptel.ac.in/courses/109106204
Humanities And Social Sciences,NOC:Sports And Performance Nutrition,Prof. Geetha Ghaliyavar,IIT Madras,https://nptel.ac.in/courses/109106402
Humanities And Social Sciences,NOC:Sports Psychology,"Prof. Chaitanya Sridhar, Prof. Nivedita Rajan, Prof. Priyanka Prabhakar",IIT Madras,https://nptel.ac.in/courses/109106403
Humanities And Social Sciences,NOC:Introduction To Exercise Physiology & Sports Performance,"Col (Dr) Anup Krishnan (Retd), Prof. Pralay Majumdar, Wg Cdr (Dr) CS Guru",IIT Madras,https://nptel.ac.in/courses/109106406
Humanities And Social Sciences,"NOC:Fundamentals Of Sports Training, Load Management And Recovery","Col (Dr) Anup Krishnan (Retd), Prof. Kaustubh Shedjale",IIT Madras,https://nptel.ac.in/courses/109106407
Humanities And Social Sciences,NOC:Korean I,Prof. Soo Jin Shim,IIT Madras,https://nptel.ac.in/courses/109106499
Humanities And Social Sciences,NOC:Performance Traditions Of The Mahabharata In Tamil Nadu,"Prof. Rajesh Kumar, Prof. Sashikanth Ananthachari",IIT Madras,https://nptel.ac.in/courses/109106500
Humanities And Social Sciences,NOC:Posthumanism: An Introduction,Prof. Pramod K Nayar,University Of Hyderabad,https://nptel.ac.in/courses/109106503
Humanities And Social Sciences,NOC:Indian Popular Culture,Prof. Bibhuti Mary Kachhap,IIT Tirupati,https://nptel.ac.in/courses/109106505
Humanities And Social Sciences,NOC:Contemporary Literature,Prof. Aysha Viswamohan,IIT Madras,https://nptel.ac.in/courses/109106594
Humanities And Social Sciences,China In Contemporary Global Politics,Prof. Joe Thomas Karackattu,IIT Madras,https://nptel.ac.in/courses/109106695
Humanities And Social Sciences,NOC:The Literature Of Climate Crisis,Prof. Pramod K Nayar,University Of Hyderabad,https://nptel.ac.in/courses/109106733
Humanities And Social Sciences,NOC:Indian National Movement,Prof. Santhosh Abraham,IIT Madras,https://nptel.ac.in/courses/109106735
Humanities And Social Sciences,NOC:Nation And Narration,"Prof. Anandita Pan, Prof. Sreenath V.S","IIT Madras,IIT Hyderabad",https://nptel.ac.in/courses/109106737
Humanities And Social Sciences,NOC:Introduction To Physical Medicine And Rehabilitation In Sports,"Col (Dr) Anup Krishnan, Wg Cdr (Dr) CS Guru",IIT Madras,https://nptel.ac.in/courses/109106797
Humanities And Social Sciences,NOC:Time Value Of Money-Concepts And Calculations,Prof. Bikash Mohanty,IIT Roorkee,https://nptel.ac.in/courses/109107115
Humanities And Social Sciences,"NOC:Depreciation, Alternate Investment And Profitability Analysis",Prof. Bikash Mohanty,IIT Roorkee,https://nptel.ac.in/courses/109107119
Humanities And Social Sciences,NOC:Soft Skills,Prof. Binod Mishra,IIT Roorkee,https://nptel.ac.in/courses/109107121
Humanities And Social Sciences,NOC:Sociology Of Science,Prof. Aninday Jayant Mishra,IIT Roorkee,https://nptel.ac.in/courses/109107131
Humanities And Social Sciences,NOC:Perspectives On Neurolinguistic,Prof. Smita Jha,IIT Roorkee,https://nptel.ac.in/courses/109107132
Humanities And Social Sciences,"NOC:Literature, Culture And Media",Prof. Rashmi Gaur,IIT Roorkee,https://nptel.ac.in/courses/109107139
Humanities And Social Sciences,NOC:Body Language: Key To Professional Success,Prof. Rashmi Gaur,IIT Roorkee,https://nptel.ac.in/courses/109107154
Humanities And Social Sciences,NOC:Interpersonal Skills,Prof. Smita Jha,IIT Roorkee,https://nptel.ac.in/courses/109107155
Humanities And Social Sciences,NOC:International Trade - Theory And Empirics,Prof. Pratap C. Mohanty,IIT Roorkee,https://nptel.ac.in/courses/109107173
Humanities And Social Sciences,NOC:Handling Large-Scale Unit Level Data,Prof. Pratap C. Mohanty,IIT Roorkee,https://nptel.ac.in/courses/109107182
Humanities And Social Sciences,NOC:Public Speaking,Prof. Binod Mishra,IIT Roorkee,https://nptel.ac.in/courses/109107195
Humanities And Social Sciences,NOC:Partition Of India In Print Media And Cinema,Prof. Sarbani Banerjee,IIT Roorkee,https://nptel.ac.in/courses/109107196
Humanities And Social Sciences,NOC:Countering Stage Fright,Prof. Smita Jha,IIT Roorkee,https://nptel.ac.in/courses/109107203
Humanities And Social Sciences,NOC:Advance Course In Social Psychology,Prof. Pooja Garg,IIT Roorkee,https://nptel.ac.in/courses/109107204
Humanities And Social Sciences,NOC:Performative Gender And Religions In South Asia,Prof. Sarbani Banerjee,IIT Roorkee,https://nptel.ac.in/courses/109107205
Humanities And Social Sciences,NOC:The English Novel: Interdisciplinary Approaches,"Prof. Aruni Mahapatra , Prof. Smita Jha",IIT Roorkee,https://nptel.ac.in/courses/109107498
Humanities And Social Sciences,NOC:Memory,Prof. M. K. Asthana,IIT Roorkee,https://nptel.ac.in/courses/109107541
Humanities And Social Sciences,NOC:The Fiction Of Indian Diaspora,Prof. Nagendra Kumar,IIT Roorkee,https://nptel.ac.in/courses/109107730
Humanities And Social Sciences,NOC:Tribal Studies In India: Interdisciplinary Perspectives And Approaches,"Prof. Roluahpuia, Prof. Sarbani Banerjee",IIT Roorkee,https://nptel.ac.in/courses/109107734
Humanities And Social Sciences,NOC:Twentieth-Century English Poetry: Between Lyric And Epic,Prof. Aruni Mahapatra,IIT Roorkee,https://nptel.ac.in/courses/109107739
Humanities And Social Sciences,NOC:Advance Course In Organizational Behavior,Prof. Pooja Garg,IIT Roorkee,https://nptel.ac.in/courses/109107740
Humanities And Social Sciences,NOC:Research Methodology In Humanities And Social Sciences,Prof. Smita Jha,IIT Roorkee,https://nptel.ac.in/courses/109107741
Humanities And Social Sciences,NOC:Artistic Exploration In Scientific Research And Technology,Prof. Bitasta Das,IISc Bangalore,https://nptel.ac.in/courses/109108158
Humanities And Social Sciences,NOC:HR Analytics,"Prof. Abhishek Singh, Prof. Santosh Rangnekar",IIT Roorkee XLRI Jamshedpur,https://nptel.ac.in/courses/110107492
Humanities And Social Sciences,Contemporary Indian Philosophy,Dr. Ratikanta Panda,IIT Bombay,https://nptel.ac.in/courses/109101002
Humanities And Social Sciences,Contemporary Issues In Philosophy Of Mind & Cognition,"Dr. Rajakishore Nath, Dr. Ranjan K.Panda",IIT Bombay,https://nptel.ac.in/courses/109101003
Humanities And Social Sciences,Contemporary Issues In Philosophy Of Mind & Cognition,"Dr. Rajakishore Nath, Dr. Ranjan K.Panda",IIT Bombay,https://nptel.ac.in/courses/109101004
Humanities And Social Sciences,Health Psychology,Prof. Mrinmoyi Kulkarni,IIT Bombay,https://nptel.ac.in/courses/109101007
Humanities And Social Sciences,Social Cognition,Prof. Azizuddin Khan,IIT Bombay,https://nptel.ac.in/courses/109101015
Humanities And Social Sciences,Understanding Creativity And Creative Writing,Prof. Neelima Talwar,IIT Bombay,https://nptel.ac.in/courses/109101017
Humanities And Social Sciences,NOC: सन्धि Sandhi In Paninian Grammar,Prof. Malhar Kulkarni,IIT Bombay,https://nptel.ac.in/courses/109101195
Humanities And Social Sciences,NOC:समास Samāsa In PāṇInian Grammar- II,Prof. Malhar Kulkarni,IIT Bombay,https://nptel.ac.in/courses/109101203
Humanities And Social Sciences,"NOC:Text, Texuality And Digital Media",Prof. Arjun Gosh,IIT Delhi,https://nptel.ac.in/courses/109102156
Humanities And Social Sciences,NOC:Positive Psychology,Prof. Kamlesh Singh,IIT Delhi,https://nptel.ac.in/courses/109102157
Humanities And Social Sciences,Cultural Studies,Dr. Liza Das,IIT Guwahati,https://nptel.ac.in/courses/109103018
Humanities And Social Sciences,Cultural Studies,Dr. Liza Das,IIT Guwahati,https://nptel.ac.in/courses/109103019
Humanities And Social Sciences,English Language And Literature,"Dr. Krishna Barua, Dr. Liza Das",IIT Guwahati,https://nptel.ac.in/courses/109103020
Humanities And Social Sciences,Game Theory And Economics,Dr. Debarshi Das,IIT Guwahati,https://nptel.ac.in/courses/109103021
Humanities And Social Sciences,Indian Society - Issues And Problems,"Dr. Liza Das, Dr. Sambit Mallick",IIT Guwahati,https://nptel.ac.in/courses/109103022
Humanities And Social Sciences,Introduction To Sociology,Dr. Sambit Mallick,IIT Guwahati,https://nptel.ac.in/courses/109103023
Humanities And Social Sciences,"Science, Technology And Society","Dr. Sambit Mallick, Prof. Archana Barua",IIT Guwahati,https://nptel.ac.in/courses/109103024
Humanities And Social Sciences,NOC:Digital Human Modeling And Simulation For Virtual Ergonomics Evaluation,Prof. Sougata Karmakar,IIT Guwahati,https://nptel.ac.in/courses/109103101
Humanities And Social Sciences,"NOC:Science, Technology And Society",Prof. Sambit Mallick,IIT Guwahati,https://nptel.ac.in/courses/109103121
Humanities And Social Sciences,NOC:Gender And Literature,Prof. Avishek Parui,IIT Madras,https://nptel.ac.in/courses/109103122
Humanities And Social Sciences,NOC:Ecology And Society,Prof. Ngamjahao Kipgen,IIT Guwahati,https://nptel.ac.in/courses/109103123
Humanities And Social Sciences,NOC:Consumer Psychology,Prof. Naveen Kashyap,IIT Guwahati,https://nptel.ac.in/courses/109103136
Humanities And Social Sciences,NOC:Introduction To Modern Indian Drama,Prof. Kiran Keshavamurthy,IIT Guwahati,https://nptel.ac.in/courses/109103140
Humanities And Social Sciences,NOC:The Psychology Of Language,Prof. Naveen Kashyap,IIT Guwahati,https://nptel.ac.in/courses/109103152
Humanities And Social Sciences,NOC:Development Research Methods,Prof. Rajshree Bedamatta,IIT Guwahati,https://nptel.ac.in/courses/109103153
Humanities And Social Sciences,NOC:Introduction To Western Political Thought,Prof. Mithilesh Kumar Jha,IIT Guwahati,https://nptel.ac.in/courses/109103176
Humanities And Social Sciences,"NOC:Psychology Of Stress, Health And Well-Being",Prof. Dilwar Hussain,IIT Guwahati,https://nptel.ac.in/courses/109103182
Humanities And Social Sciences,NOC:Sociology Of Development,Prof. Sambit Mallick,IIT Guwahati,https://nptel.ac.in/courses/109103185
Humanities And Social Sciences,NOC:Environment And Development,Prof. Ngamjahao Kipgen,IIT Guwahati,https://nptel.ac.in/courses/109103186
Humanities And Social Sciences,NOC:Introduction To Market Structures,Prof. Amarjyoti Mahanta,IIT Guwahati,https://nptel.ac.in/courses/109103187
Humanities And Social Sciences,NOC:Mathematics For Economics - I,Prof. Debarshi Das,IIT Guwahati,https://nptel.ac.in/courses/109103188
Humanities And Social Sciences,NOC:Economics Of Health And Education,Prof. Rajshree Bedamatta,IIT Guwahati,https://nptel.ac.in/courses/109103501
Humanities And Social Sciences,NOC:Engineering Psychology,Prof. Naveen Kashyap,IIT Guwahati,https://nptel.ac.in/courses/109103540
Humanities And Social Sciences,NOC:Applied Positive Psychology,Prof. Dilwar Hussain,IIT Guwahati,https://nptel.ac.in/courses/109103736
Humanities And Social Sciences,NOC:Fundamentals Of Language Acquisition,Prof. Bidisha Som,IIT Guwahati,https://nptel.ac.in/courses/109103753
Humanities And Social Sciences,Biological Bases Of Behavior,Braj Bhushan,IIT Kanpur,https://nptel.ac.in/courses/109104029
Humanities And Social Sciences,Communication Skills,Dr. T. Ravichandran,IIT Kanpur,https://nptel.ac.in/courses/109104030
Humanities And Social Sciences,Communication Skills,Dr. T. Ravichandran,IIT Kanpur,https://nptel.ac.in/courses/109104031
Humanities And Social Sciences,Ethics,Dr. Vineet Sahu,IIT Kanpur,https://nptel.ac.in/courses/109104032
Humanities And Social Sciences,Game Theory For Economists,Dr. Sarani Saha,IIT Kanpur,https://nptel.ac.in/courses/109104034
Humanities And Social Sciences,NOC:International Economics,Prof. Somesh K. Mathur,IIT Kanpur,https://nptel.ac.in/courses/109104035
Humanities And Social Sciences,Introduction To Logic,Dr. A.V. Ravishankar Sarma,IIT Kanpur,https://nptel.ac.in/courses/109104040
Humanities And Social Sciences,Population And Society,Prof. A.K. Sharma,IIT Kanpur,https://nptel.ac.in/courses/109104044
Humanities And Social Sciences,Population And Society,Prof. A.K. Sharma,IIT Kanpur,https://nptel.ac.in/courses/109104045
Humanities And Social Sciences,Rural And Urban Sociology,Dr. Anindita Chakrabarti,IIT Kanpur,https://nptel.ac.in/courses/109104047
Humanities And Social Sciences,Social Psychology,Dr. Kumar Ravi Priya,IIT Kanpur,https://nptel.ac.in/courses/109104048
Humanities And Social Sciences,Translation Studies And Theory,Prof. Mini Chandran,IIT Kanpur,https://nptel.ac.in/courses/109104050
Humanities And Social Sciences,Exploring Human Values: Visions Of Happiness And Perfect Society,Prof. A.K. Sharma,IIT Kanpur,https://nptel.ac.in/courses/109104068
Humanities And Social Sciences,Psychology Of Adjustment,Braj Bhushan,IIT Kanpur,https://nptel.ac.in/courses/109104070
Humanities And Social Sciences,Public Economics,Prof. Tanika Chakrabarty,IIT Kanpur,https://nptel.ac.in/courses/109104071
Humanities And Social Sciences,History Of Modern Economic Thought,Dr.Anirban Mukherjee,IIT Kanpur,https://nptel.ac.in/courses/109104072
Humanities And Social Sciences,Introduction To Sociology,Prof. A.K. Sharma,IIT Kanpur,https://nptel.ac.in/courses/109104074
Humanities And Social Sciences,Money & Banking,Prof.Surajit Sinha,IIT Kanpur,https://nptel.ac.in/courses/109104076
Humanities And Social Sciences,NOC:Human Adjustment Processes,Braj Bhushan,IIT Kanpur,https://nptel.ac.in/courses/109104081
Humanities And Social Sciences,Selected Topics In Psychology,"Ajit Dalal, Alok Bajpai, Braj Bhushan, Girishwar Misra, JBP Sinha, Manas K Mandal, Rakesh K. Gupta, Ramadhar Singh, Vivek Benegal",IIT Kanpur,https://nptel.ac.in/courses/109104082
Humanities And Social Sciences,NOC:Practical English: Learning And Teaching(Course Sponsored By Aricent),Prof. Bhaskar Dasgupta,IIT Kanpur,https://nptel.ac.in/courses/109104090
Humanities And Social Sciences,NOC:Stress Management,Prof. Rajlakshmi Guha,IIT Kharagpur,https://nptel.ac.in/courses/121105009
Management,NOC:Introduction To Stochastic Processes,Prof. Manjesh Hanawal,IIT Bombay,https://nptel.ac.in/courses/110101141
Management,NOC:Introduction To System Dynamics Modeling,Prof. Jayendran Venkateswaran,IIT Bombay,https://nptel.ac.in/courses/110101142
Management,NOC:Quality Control And Improvement With MINITAB,Prof. Indrajit Mukherjee,IIT Bombay,https://nptel.ac.in/courses/110101150
Management,NOC:Advances In Strategic Human Resource Management (HRM),Prof. Ashish Pandey,IIT Bombay,https://nptel.ac.in/courses/110101164
Management,NOC:Yoga And Positive Psychology For Managing Career And Life,Prof. Ashish Pandey,IIT Bombay,https://nptel.ac.in/courses/110101165
Management,NOC:Supply Chain Digitization,"Prof. Debabrata Das, Prof. Priyanka Verma, Prof. Sushmita Narayana",IIT Bombay,https://nptel.ac.in/courses/110101436
Management,NOC:Business Forecasting,Prof. Pankaj Dutta,IIT Bombay,https://nptel.ac.in/courses/110101438
Management,NOC:Business Fundamentals For Entrepreneurs,Prof. Devdip Purkayastha,IIT Bombay,https://nptel.ac.in/courses/110101628
Management,NOC:Pre-Business School Statistics,Prof. Sudeep Bapat,IIT Bombay,https://nptel.ac.in/courses/110101915
Management,NOC:Healthcare Quality Management- Infection Control And Patient Safety,Prof. Dhananjay D Mankar,"Tata Institute Of Social Sciences, Mumbai",https://nptel.ac.in/courses/110101916
Management,NOC:Technology Commercialization & New Product Development,"Prof. Devdip Purkayastha, Prof. Rajkumar Hirwani",IIT Bombay,https://nptel.ac.in/courses/110101927
Management,NOC:Economic Growth And Development,Prof. Rajshree Bedamatta,IIT Guwahati,https://nptel.ac.in/courses/110103093
Management,NOC:Organizational Behaviour: Individual Dynamics In Organization,Prof. Abraham Cyril Issac,IIT Guwahati,https://nptel.ac.in/courses/110103433
Management,NOC:AI In Human Resource Management,Prof. Abraham Cyril Issac,IIT Guwahati,https://nptel.ac.in/courses/110103626
Management,NOC:Metrics And Analytics Of Marketing,Prof. Kuldeep Baishya,IIT Guwahati,https://nptel.ac.in/courses/110103917
Management,NOC:Marketing Management - II,"Dr. Shashi Shekhar Mishra, Prof. Jayanta Chatterjee",IIT Kanpur,https://nptel.ac.in/courses/110104070
Management,NOC:Systems Engineering: Theory & Practice,Prof. Deepu Philip,IIT Kanpur,https://nptel.ac.in/courses/110104074
Management,NOC:Management Of New Products And Services,Prof. Jayanta Chatterjee,IIT Kanpur,https://nptel.ac.in/courses/110104084
Management,NOC:Data Analysis And Decision Making - I,Prof. Raghunandan Sengupta,IIT Kanpur,https://nptel.ac.in/courses/110104094
Management,NOC:Management Of Field Sales,Prof. Jayanta Chatterjee,IIT Kanpur,https://nptel.ac.in/courses/110104117
Management,NOC:Advanced Financial Instruments For Sustainable Business And Decentralized Markets,Prof. Abhinava Tripathi,IIT Kanpur,https://nptel.ac.in/courses/110104437
Management,NOC:Advanced Financial Analytics,Prof. Abhinava Tripathi,IIT Kanpur,https://nptel.ac.in/courses/110104624
Management,NOC:Economic Analysis For Management,Prof. Vinay Ramani,IIT Kanpur,https://nptel.ac.in/courses/110104918
Management,NOC:Consumer Behaviour,Prof. Srabanti Mukherjee,IIT Kharagpur,https://nptel.ac.in/courses/110105074
Management,NOC:Foundation Course In Managerial Economics,Prof. Barnali Nag,IIT Kharagpur,https://nptel.ac.in/courses/110105075
Management,NOC:Services Marketing: A Practical Approach,Prof. Biplab Datta,IIT Kharagpur,https://nptel.ac.in/courses/110105078
Management,NOC:Business Ethics,Prof. Susmita Mukhopadhyay,IIT Kharagpur,https://nptel.ac.in/courses/110105079
Management,NOC:E-Business,Prof. Mamata Jenamani,IIT Kharagpur,https://nptel.ac.in/courses/110105083
Management,NOC:Quality Design And Control,Prof. Pradip Kumar Ray,IIT Kharagpur,https://nptel.ac.in/courses/110105088
Management,NOC:Business Analytics For Management Decision,Prof. Rudra P Pradhan,IIT Kharagpur,https://nptel.ac.in/courses/110105089
Management,NOC:Management Of Inventory Systems,Prof. PK Ray,IIT Kharagpur,https://nptel.ac.in/courses/110105095
Management,NOC:Ethics In Engineering Practice,Prof. Susmita Mukhopadhyay,IIT Kharagpur,https://nptel.ac.in/courses/110105097
Management,NOC:Managing Change In Organizations,Prof. Kbl Srivastava,IIT Kharagpur,https://nptel.ac.in/courses/110105120
Management,NOC:Financial Institutions And Markets,Prof. Jitendra Mahakud,IIT Kharagpur,https://nptel.ac.in/courses/110105121
Management,NOC:Sales And Distribution Management,Prof. Sangeeta Sahney,IIT Kharagpur,https://nptel.ac.in/courses/110105122
Management,NOC:Modelling And Analytics For Supply Chain Management,"Prof. Anupam Ghosh, Prof. Kunal Kanti Ghosh",IIT Kharagpur,https://nptel.ac.in/courses/110105141
Management,NOC:Marketing Analytics,Prof. Swagato Chatterjee,IIT Kharagpur,https://nptel.ac.in/courses/110105142
Management,NOC:Management Of Commercial Banking,Prof. Jitendra Mahakud,IIT Kharagpur,https://nptel.ac.in/courses/110105143
Management,NOC:International Marketing,Prof. Biswarup Ghosh,IIT Kharagpur,https://nptel.ac.in/courses/110105157
Management,NOC:Retail Management,Prof. Swagato Chatterjee,IIT Kharagpur,https://nptel.ac.in/courses/110105158
Management,NOC:Business Law For Managers,Prof. S. Srinivasan Prof. Kaushik Mukherjee,IIT Kharagpur,https://nptel.ac.in/courses/110105159
Management,NOC:Safety And Risk Analytics,Prof. Jhareswar Maiti,IIT Kharagpur,https://nptel.ac.in/courses/110105160
Management,NOC:Organizational Design Change And Transformation,"Prof. S. Srinivasan, Prof. Sangeeta Sahney, Prof. Susmita Mukhopadhyay",IIT Kharagpur,https://nptel.ac.in/courses/110105164
Management,"NOC:Mergers, Acquisitions And Corporate Restructuring",Prof. Chandra Sekhar Mishra,IIT Kharagpur,https://nptel.ac.in/courses/110105165
Management,NOC:Advertising & Promotions Management,Prof. Mrinalini Pandey,IIT-ISM Dhanbad,https://nptel.ac.in/courses/110105625
Management,NOC:International Human Resource Management,Prof. Mrinalini Pandey,IIT-ISM Dhanbad,https://nptel.ac.in/courses/110105919
Management,NOC:Fundamentals Of Digital Marketing,"Prof. Atanu Ghosh, Prof. Saini Das",IIT Kharagpur,https://nptel.ac.in/courses/110105920
Management,NOC:Introduction To Operations Research,Prof. G. Srinivasan,IIT Madras,https://nptel.ac.in/courses/110106062
Management,NOC:Design Thinking - A Primer,"Prof. Ashwin Mahalingam, Prof. Bala Ramadurai",IIT Madras,https://nptel.ac.in/courses/110106124
Management,NOC:Financial Accounting - IITMandi,Prof. Puran Singh,IIT Mandi,https://nptel.ac.in/courses/110106147
Management,NOC:Technology Forecasting For Strategic Decision Making _ An Introduction,"Prof. Bala Ramadurai, Prof. Dmitry KUCHARAVY",EM Strasbourg Business School (University Of Strasbourg) And IITM,https://nptel.ac.in/courses/110106150
Management,NOC:Leadership For India Inc: Practical Concepts And Constructs,Prof. C Bhaktavatsala Rao,IIT Madras,https://nptel.ac.in/courses/110106151
Management,NOC:Business Development: From Start To Scale,Prof. C Bhaktavatsala Rao,IIT Madras,https://nptel.ac.in/courses/110106164
Management,NOC:Applied Econometrics,Prof. Sabuj Kumar Mandal,IIT Madras,https://nptel.ac.in/courses/110106165
Management,NOC:Strategic Sourcing,Prof. Arshinder Kaur,IIT Madras,https://nptel.ac.in/courses/110106435
Management,NOC:Public Organization And Management,Prof Vaneet Kashyap,IIT Tirupati,https://nptel.ac.in/courses/110106629
Management,NOC:Financial Statement Analysis And Reporting,Prof. Anil K. Sharma,IIT Roorkee,https://nptel.ac.in/courses/110107073
Management,NOC:Supply Chain Analytics,Prof. Rajat Agrawal,IIT Roorkee,https://nptel.ac.in/courses/110107074
Management,NOC:Business Analytics And Data Mining Modeling Using R,Prof. Gaurav Dixit,IIT Roorkee,https://nptel.ac.in/courses/110107092
Management,NOC:Marketing Research And Analysis-II,Prof. Jogendra K. Nayak,IIT Roorkee,https://nptel.ac.in/courses/110107113
Management,NOC:Business Statistics,Prof. Mukesh Kumar Barua,IIT Roorkee,https://nptel.ac.in/courses/110107114
Management,NOC:MCDM Techniques Using R,Prof. Gaurav Dixit,IIT Roorkee,https://nptel.ac.in/courses/110107115
Management,NOC:Financial Derivatives & Risk Management,Prof. J. P. Singh,IIT Roorkee,https://nptel.ac.in/courses/110107128
Management,NOC:Production And Operation Management,Prof. Rajat Agarwal,IIT Roorkee,https://nptel.ac.in/courses/110107141
Management,NOC:Financial Management For Managers,Prof. Anil K. Sharma,IIT Roorkee,https://nptel.ac.in/courses/110107144
Management,NOC:International Business,Prof. Jogendra K. Nayak,IIT Roorkee,https://nptel.ac.in/courses/110107145
Management,NOC:Principles Of Management,Prof. Usha Lenka,IIT Roorkee,https://nptel.ac.in/courses/110107150
Management,NOC:Talent Acquisition And Management,Prof. S. Rangnekar,IIT Roorkee,https://nptel.ac.in/courses/110107152
Management,NOC:Integrated Marketing Communication,Prof. Vinay Sharma,IIT Roorkee,https://nptel.ac.in/courses/110107158
Management,NOC:Leadership And Team Effectiveness,Prof. Santosh Rangnekar,IIT Roorkee,https://nptel.ac.in/courses/110107159
Management,NOC:Designing Work Organization,Prof. Santosh Rangnekar,IIT Roorkee,https://nptel.ac.in/courses/110107169
Management,NOC:Project Management,Prof. Ramesh Anbanandam,IIT Roorkee,https://nptel.ac.in/courses/110107430
Management,NOC:Innovation In Marketing And Marketing Of Innovation,Prof. Vinay Sharma,IIT Roorkee,https://nptel.ac.in/courses/110107432
Management,NOC:Strategic Services Marketing,Prof. Kalpak Kulkarni,IIT Roorkee,https://nptel.ac.in/courses/110107434
Management,NOC:Operations And Revenue Analytics,Prof. Rajat Agrawal,IIT Roorkee,https://nptel.ac.in/courses/110107630
Management,"NOC:Organizations Theory, Structure And Design",Prof. Usha Lenka,IIT Roorkee,https://nptel.ac.in/courses/110107921
Management,NOC:Integrated Marketing Management,Prof. R. Srinivasan,IISc Bangalore,https://nptel.ac.in/courses/110108141
Management,Managerial Accounting,Dr. Varadraj Bapat,IIT Bombay,https://nptel.ac.in/courses/110101003
Management,Managerial Accounting,Dr. Varadraj Bapat,IIT Bombay,https://nptel.ac.in/courses/110101004
Management,Managerial Economics,Dr. Trupti Mishra,IIT Bombay,https://nptel.ac.in/courses/110101005
Management,Quality Management,Dr. Indrajit Mukherjee,IIT Bombay,https://nptel.ac.in/courses/110101010
Management,NOC:Financial Accounting,Prof. Varadraj Bapat,IIT Bombay,https://nptel.ac.in/courses/110101131
Management,NOC:Cost Accounting,Prof. Varadraj Bapat,IIT Bombay,https://nptel.ac.in/courses/110101132
Management,NOC:Organization Development And Change In 21st Century,Prof. Ashish Pandey,IIT Bombay,https://nptel.ac.in/courses/110101146
Management,NOC:Managerial Economics,Prof. Trupti Mishra,IIT Bombay,https://nptel.ac.in/courses/110101149
Management,NOC:Business And Sustainable Development,Prof. Trupti Mishra,IIT Bombay,https://nptel.ac.in/courses/110101153
Management,NOC:Business Fundamentals For Entrepreneurs (Part 1: Internal Operation),Prof. Devdip Purkayastha,IIT Bombay,https://nptel.ac.in/courses/110101167
Management,NOC:Business Fundamentals For Entrepreneurs (Part 2: External Operation),Prof. Devdip Purkayastha,IIT Bombay,https://nptel.ac.in/courses/110101439
Management,Organisation Management,Prof. Vinayshil Gautam,IIT Delhi,https://nptel.ac.in/courses/110102016
Management,Organisation Of Engineering Systems And Human Resources Management,Prof. Vinayshil Gautam,IIT Delhi,https://nptel.ac.in/courses/110102058
Management,NOC:Labour Welfare And Industrial Relations,Prof. Abraham Cyril Issac,IIT Guwahati,https://nptel.ac.in/courses/110103506
Management,NOC:Learning And Development In Organizations,Prof. Abraham Cyril Issac,IIT Guwahati,https://nptel.ac.in/courses/110103754
Management,Introduction To Stochastic Processes And Its Applications,Dr. Raghu Nandan Sengupta,IIT Kanpur,https://nptel.ac.in/courses/110104024
Management,NOC:Strategic Marketing - Contemporary Issues,Prof. Jayanta Chatterjee,IIT Kanpur,https://nptel.ac.in/courses/110104055
Management,NOC:Strategy: An Introduction To Game Theory,"Prof. Aditya K Jagannatham, Prof. Vimal Kumar",IIT Kanpur,https://nptel.ac.in/courses/110104063
Management,NOC:Managing Services(Course Sponsored By Aricent),Prof. Jayanta Chatterjee,IIT Kanpur,https://nptel.ac.in/courses/110104065
Management,NOC:Quantitative Finance,Prof. Raghunandan Sengupta,IIT Kanpur,https://nptel.ac.in/courses/110104066
Management,NOC:Marketing Management-I,"Prof. Jayanta Chatterjee, Prof. Shashi Shekhar Mishra",IIT Kanpur,https://nptel.ac.in/courses/110104068
Management,NOC:Project Management,Prof. Raghu Nandan Sengupta,IIT Kanpur,https://nptel.ac.in/courses/110104073
Management,NOC:Total Quality Management - I,Prof. Raghunandan Sengupta,IIT Kanpur,https://nptel.ac.in/courses/110104080
Management,NOC:Total Quality Management - II,Prof. Raghunandan Sengupta,IIT Kanpur,https://nptel.ac.in/courses/110104085
Management,"NOC:Practitioners Course In Descriptive, Predictive And Prescriptive Analytics","Dr. Amandeep Singh, Dr. Deepu Philip, Prof. Sanjeev Newar",IIT Kanpur,https://nptel.ac.in/courses/110104086
Management,NOC:Microeconomics: Theory & Applications,Prof. Deep Mukerjee,IIT Kanpur,https://nptel.ac.in/courses/110104093
Management,NOC:Economics Of Health And Health Care,Prof.Angan Sengupta,IIT Kanpur,https://nptel.ac.in/courses/110104095
Management,NOC:Simulation Of Business Systems: An Applied Approach,Prof. Deepu Philip,IIT Kanpur,https://nptel.ac.in/courses/110104096
Management,NOC:Data Analysis & Decision Making - II,Prof. Raghu Nandan Sengupta,IIT Kanpur,https://nptel.ac.in/courses/110104118
Management,NOC:Advanced Green Manufacturing Systems,"Dr. Amandeep Singh, Dr. Deepu Philip",IIT Kanpur,https://nptel.ac.in/courses/110104119
Management,NOC:Data Analysis & Decision Making - III,Prof. Raghunandan Sengupta,IIT Kanpur,https://nptel.ac.in/courses/110104125
Management,NOC:Artificial Intelligence (AI) For Investments,Prof. Abhinava Tripathi,IIT Kanpur,https://nptel.ac.in/courses/110104164
Management,NOC:Brand Management,Prof. Abhishek Kumar,IIT Kanpur,https://nptel.ac.in/courses/110104167
Management,NOC:Advanced Business Decision Support Systems,"Dr. Amandeep Singh Oberoi , Dr. Prabal Pratap Singh, Prof. Deepu Philip",IIT Kanpur,https://nptel.ac.in/courses/110104168
Management,NOC:Advanced Algorithmic Trading And Portfolio Management,Prof. Abhinava Tripathi,IIT Kanpur,https://nptel.ac.in/courses/110104169
Management,NOC:Multivariate Procedures With R,Prof. Shalabh,IIT Kanpur,https://nptel.ac.in/courses/110104440
Management,NOC:Business Marketing - Technology Focus,Prof. Jayanta Chatterjee,IIT Kanpur,https://nptel.ac.in/courses/110104507
Management,NOC:Advanced R Programming For Data Analytics In Business,Prof. Abhinava Tripathi,IIT Kanpur,https://nptel.ac.in/courses/110104513
Management,"NOC:Application Of Forecasting, Regression And Time Series Models",Prof. Raghu Nandan Sengupta,IIT Kanpur,https://nptel.ac.in/courses/110104743
Management,Consumer Behaviour,Dr. Sangeeta Sahney,IIT Kharagpur,https://nptel.ac.in/courses/110105029
Management,Econometric Modelling,Dr. Rudra P. Pradhan,IIT Kharagpur,https://nptel.ac.in/courses/110105030
Management,International Finance,"Dr. Arun K. Misra, Dr. Prabina Rajib",IIT Kharagpur,https://nptel.ac.in/courses/110105031
Management,Organizational Behaviour,Dr. Susmita Mukhopadhyay,IIT Kharagpur,https://nptel.ac.in/courses/110105033
Management,Organizational Behaviour,Dr. Susmita Mukhopadhyay,IIT Kharagpur,https://nptel.ac.in/courses/110105034
Management,Security Analysis And Portfolio Management,"Dr. Chandra Sekhar Mishra, Dr. Jitendra Mahakud",IIT Kharagpur,https://nptel.ac.in/courses/110105035
Management,Security Analysis And Portfolio Management,"Dr. Chandra Sekhar Mishra, Dr. Jitendra Mahakud",IIT Kharagpur,https://nptel.ac.in/courses/110105036
Management,Services Marketing,Dr. Biplab Datta,IIT Kharagpur,https://nptel.ac.in/courses/110105038
Management,NOC:Six Sigma,Prof. Tapan P. Bagchi,IIT Kharagpur,https://nptel.ac.in/courses/110105039
Management,International Business Communication,Prof. A Malik,IIT Kharagpur,https://nptel.ac.in/courses/110105051
Management,International Business Communication,Prof. A Malik,IIT Kharagpur,https://nptel.ac.in/courses/110105052
Management,Econometric Modelling,Dr. Rudra P. Pradhan,IIT Kharagpur,https://nptel.ac.in/courses/110105053
Management,Consumer Behaviour,Dr. Sangeeta Sahney,IIT Kharagpur,https://nptel.ac.in/courses/110105054
Management,International Finance,Dr. Arun K. Misra,IIT Kharagpur,https://nptel.ac.in/courses/110105057
Management,Applied Multivariate Statistical Modeling,Dr J Maiti,IIT Kharagpur,https://nptel.ac.in/courses/110105060
Management,Economics / Management / Entrepreneurship,Prof. P.K.J. Mohapatra,IIT Kharagpur,https://nptel.ac.in/courses/110105067
Management,NOC:Principles Of Human Resource Management,Prof. A Malik,IIT Kharagpur,https://nptel.ac.in/courses/110105069
Management,NOC:Commodity Derivatives And Risk Management,Prof. Prabina Rajib,IIT Kharagpur,https://nptel.ac.in/courses/110105071
Management,NOC:Strategic Communication For Sustainable Development,Prof. A Malik,IIT Kharagpur,https://nptel.ac.in/courses/110105073
Management,NOC:Knowledge Management,Prof. K B L Srivastava,IIT Kharagpur,https://nptel.ac.in/courses/110105076
Management,NOC:Gender Justice And Workplace Security,Prof. Dipa Dube,IIT Kharagpur,https://nptel.ac.in/courses/110105080
Management,NOC:Corporate Social Responsibility,Prof. Aradhna Malik,IIT Kharagpur,https://nptel.ac.in/courses/110105081
Management,NOC:Decision Modeling,Prof. Biswajit Mahanty,IIT Kharagpur,https://nptel.ac.in/courses/110105082
Management,NOC:Design And Analysis Of Experiments,Prof. Jhareswar Maiti,IIT Kharagpur,https://nptel.ac.in/courses/110105087
Management,NOC:Soft Skills For Business Negotiations And Marketing Strategies,Prof. Uttam Kumar Banerjee,IIT Kharagpur,https://nptel.ac.in/courses/110105090
Management,NOC:Research Writing,Prof. Aradhna Malik,IIT Kharagpur,https://nptel.ac.in/courses/110105091
Management,NOC:Engineering Econometrics,Prof. Rudra P Pradhan,IIT Kharagpur,https://nptel.ac.in/courses/110105093
Management,NOC:Industrial Safety Engineering,Prof. Jhareswar Maiti,IIT Kharagpur,https://nptel.ac.in/courses/110105094
Management,NOC:Selected Topics In Decision Modeling,Prof. Biswajit Mahanty,IIT Kharagpur,https://nptel.ac.in/courses/110105096
Management,NOC:Six Sigma,Prof. Jitesh J Thakkar,IIT Kharagpur,https://nptel.ac.in/courses/110105123
Management,NOC:Performance And Reward Management,Prof. Susmita Mukhopadhyay,IIT Kharagpur,https://nptel.ac.in/courses/110105137
Management,NOC:The Ethical Corporation,Prof Chhanda Chakraborti,IIT Kharagpur,https://nptel.ac.in/courses/110105138
Management,NOC:Intellectual Property Rights And Competition Law,"Prof. K. D. Raju, Prof. Niharika Sahoo Bhattacharya",IIT Kharagpur,https://nptel.ac.in/courses/110105139
Management,NOC:Patent Search For Engineers And Lawyers,"Prof. M Padmavati, Prof. Shreya Matilal",IIT Kharagpur,https://nptel.ac.in/courses/110105140
Management,NOC:Behavioral And Personal Finance,Prof. Abhijeet Chandra,IIT Kharagpur,https://nptel.ac.in/courses/110105144
Management,NOC:Customer Relationship Management,Prof. Swagato Chatterjee,IIT Kharagpur,https://nptel.ac.in/courses/110105145
Management,NOC:Principles Of Management - IITKGP,"Dr. Susmita Mukhopadhyay, Prof. S. Srinivasan",IIT Kharagpur,https://nptel.ac.in/courses/110105146
Management,NOC:Decision Support System For Managers,"Prof Sujoy Bhattacharya, Prof. Anupam Ghosh, Prof. Kunal Kanti Ghosh",IIT Kharagpur,https://nptel.ac.in/courses/110105147
Management,NOC:Management Information System,"Prof. Kunal Kanti Ghosh, Prof. Saini Das, Prof. Surojit Mukherjee",IIT Kharagpur,https://nptel.ac.in/courses/110105148
Management,NOC:Applied Econometrics,Prof. Tutan Ahmed,IIT Kharagpur,https://nptel.ac.in/courses/110105153
Management,NOC:Organizational Behaviour - II,"Prof. S. Srinivasan, Prof. Sangeeta Sahney, Prof. Susmita Mukhopadhyay",IIT Kharagpur,https://nptel.ac.in/courses/110105154
Management,NOC:Automation In Production Systems And Management,Prof. Pradip Kumar Ray,IIT Kharagpur,https://nptel.ac.in/courses/110105155
Management,NOC:Corporate Finance,Prof. Abhijeet Chandra,IIT Kharagpur,https://nptel.ac.in/courses/110105156
Management,NOC:Strategic Management For Competitive Advantage,Prof. Sanjib Chowdhury,IIT Kharagpur,https://nptel.ac.in/courses/110105161
Management,NOC:Human Factors Engineering,"Prof. Pradip Kumar Ray, Prof. Virendra Kumar Tewari",IIT Kharagpur,https://nptel.ac.in/courses/110105162
Management,NOC:Invest Management,Prof. Abhijeet Chandra,IIT Kharagpur,https://nptel.ac.in/courses/110105166
Management,"NOC:Project Management : Planning, Execution, Evaluation And Control",Prof. Sanjib Chowdhury,IIT Kharagpur,https://nptel.ac.in/courses/110105167
Management,NOC:Commodity Derivatives & Risk Management,Prof. Prabina Rajib,IIT Kharagpur,https://nptel.ac.in/courses/110105168
Management,"NOC:Service Management: Integrating Strategy, Operations, And Technology",Prof. Sanjib Chowdhury,IIT Kharagpur,https://nptel.ac.in/courses/110105508
Management,NOC:वित्तीयप्रबंधन (Financial Management – In Hindi),Prof. Abhijeet Chandra,IIT Kharagpur,https://nptel.ac.in/courses/110105510
Management,NOC:Production And Operations Management: Theory And Application,Prof. Sanjib Chowdhury,IIT Kharagpur,https://nptel.ac.in/courses/110105755
Management,NOC:Foundation Of Digital Business,Prof. Surojit Mookherjee,IIT Kharagpur,https://nptel.ac.in/courses/110105756
Management,Bank Management,Prof. R. Madhumathi,IIT Madras,https://nptel.ac.in/courses/110106040
Management,Infrastructure Finance,Dr. A. Thillai Rajan,IIT Madras,https://nptel.ac.in/courses/110106043
Management,Manufacturing Systems Management,Prof. G. Srinivasan,IIT Madras,https://nptel.ac.in/courses/110106044
Management,NOC:Operations And Supply Chain Management,Prof. G. Srinivasan,IIT Madras,https://nptel.ac.in/courses/110106045
Management,Services Operations Management,Dr. Arshinder Kaur,IIT Madras,https://nptel.ac.in/courses/110106046
Management,Business Analysis For Engineers,Dr. S. Vaidhyasubramaniam,IIT Madras,https://nptel.ac.in/courses/110106050
Management,Operations Research Applications &Ndash; Linear And Integer Programming,Prof. G. Srinivasan,IIT Madras,https://nptel.ac.in/courses/110106059
Management,NOC:Introduction To Data Analytics(Course Sponsored By Aricent),"Dr. Balaraman Ravindran, Prof. Nandan Sudarsanam",IIT Madras,https://nptel.ac.in/courses/110106064
Management,NOC:Introduction To Data Analytics,"Dr. Balaraman Ravindran, Prof. Nandan Sudarsanam",IIT Madras,https://nptel.ac.in/courses/110106072
Management,NOC:Decision-Making Under Uncertainty,Prof. N. Gautam,Syracuse University,https://nptel.ac.in/courses/110106134
Management,NOC:Decision Making Using Financial Accounting,Prof. G Arun Kumar,IIT Madras,https://nptel.ac.in/courses/110106135
Management,NOC:Entrepreneurship,Prof. C Bhaktavatsala Rao,IIT Madras,https://nptel.ac.in/courses/110106141
Management,NOC:Organizational Behaviour,Prof. M. P. Ganesh,IIT Hyderabad,https://nptel.ac.in/courses/110106145
Management,NOC:The Future Of Manufacturing Business: Role Of Digital Technologies,"Prof. R. K. Amit, Prof. U. Chandrasekhar",IITM & Wipro 3D,https://nptel.ac.in/courses/110106146
Management,NOC:Strategy And Technology: A Practical Primer,Prof. C Bhaktavatsala Rao,IIT Madras,https://nptel.ac.in/courses/110106157
Management,NOC:Working In Contemporary Teams,"Prof.Chitra Dey, Prof.M. P Ganesh",IIT Hyderabad And Anna University,https://nptel.ac.in/courses/110106167
Management,NOC:Fundamentals Of Cost Accounting,Prof. Arindam Banerjee,The Institute Of Cost Accountants Of India (ICMAI),https://nptel.ac.in/courses/110106511
Management,NOC:Introduction To GST,Prof. Anil Sharma,The Institute Of Cost Accountants Of India (ICMAI),https://nptel.ac.in/courses/110106512
Management,NOC:Research For Marketing Decisions,Prof. Vaibhav Chawla,IIT Madras,https://nptel.ac.in/courses/110106514
Management,Research For Marketing Decisions,Prof. Vaibhav Chawla,IIT Madras,https://nptel.ac.in/courses/110106656
Management,NOC:Marketing Research And Analysis,Prof. J.K.Nayak,IIT Roorkee,https://nptel.ac.in/courses/110107080
Management,NOC:Project Management For Managers,Prof. Mukesh Kumar Barua,IIT Roorkee,https://nptel.ac.in/courses/110107081
Management,NOC:Working Capital Management,Prof. Anil K. Sharma,IIT Roorkee,https://nptel.ac.in/courses/110107093
Management,"NOC:Innovation, Business Models And Entrepreneurship","Prof. Rajat Agrawal, Prof. Vinay Sharma",IIT Roorkee,https://nptel.ac.in/courses/110107094
Management,NOC:Business Analytics & Data Mining Modeling Using R Part II,Prof. Gaurav Dixit,IIT Roorkee,https://nptel.ac.in/courses/110107095
Management,NOC:Manufacturing Strategy,Prof. Rajat Agrawal,IIT Roorkee,https://nptel.ac.in/courses/110107116
Management,NOC:Training Of Trainers,Prof. Santosh Rangnekar,IIT Roorkee,https://nptel.ac.in/courses/110107126
Management,NOC:Management Accounting,Prof. Anil K. Sharma,IIT Roorkee,https://nptel.ac.in/courses/110107127
Management,NOC:Business Analytics & Text Mining Modeling Using Python,Prof. Gaurav Dixit,IIT Roorkee,https://nptel.ac.in/courses/110107129
Management,NOC:Toyota Production System,Prof. Rajat Agrawal,IIT Roorkee,https://nptel.ac.in/courses/110107130
Management,NOC:Managerial Skills For Interpersonal Dynamics,Prof. Santosh Rangnekar,IIT Roorkee,https://nptel.ac.in/courses/110107143
Management,NOC:Path Integral Methods In Physics & Finance,Prof. J. P. Singh,IIT Roorkee,https://nptel.ac.in/courses/110107146
Management,NOC:Econometric Modelling,Prof. Sujata Kar,IIT Roorkee,https://nptel.ac.in/courses/110107153
Management,NOC:Security Analysis & Portfolio Management,Prof. J. P Singh,IIT Roorkee,https://nptel.ac.in/courses/110107154
Management,NOC:Decision Making With Spreadsheet,Prof. Ramesh Anbanandam,IIT Roorkee,https://nptel.ac.in/courses/110107157
Management,NOC:Product And Brand Management,Prof. Vinay Sharma,IIT Roorkee,https://nptel.ac.in/courses/110107161
Management,NOC:Quantitative Investment Management,Prof. J. P Singh,IIT Roorkee,https://nptel.ac.in/courses/110107162
Management,NOC:Strategic Sales Management,"Prof. Kalpak Kulkarni, Prof. Sourabh Arora",IIT Roorkee,https://nptel.ac.in/courses/110107163
Management,NOC:Retail Marketing Strategy,Prof. Sourabh Arora,IIT Roorkee,https://nptel.ac.in/courses/110107167
Management,NOC:Business To Business Marketing (B2B),Prof. Jogendra Kumar Nayak,IIT Roorkee,https://nptel.ac.in/courses/110107168
Management,NOC:Strategic Management,Prof. Vinay Sharma,IIT Roorkee,https://nptel.ac.in/courses/110107509
Management,NOC:Project Selection And Finance For Professionals,Prof. Anil Kumar Sharma,IIT Roorkee,https://nptel.ac.in/courses/110107757
Management,NOC:Principles Of Behavioral Economics,Prof. Sujata Kar,IIT Roorkee,https://nptel.ac.in/courses/110107759
Management,Strategic Management,Prof. R. Srinivasan,IISc Bangalore,https://nptel.ac.in/courses/110108047
Management,Global Supply Chain Management,Prof. N.Viswanadham,IISc Bangalore,https://nptel.ac.in/courses/110108056
Management,NOC:Strategic Management - The Competitive Edge,Prof. R Srinivasan,IISc Bangalore,https://nptel.ac.in/courses/110108161
Management,NOC:Descriptive Statistics With R Software,"Prof. Prashant Jha, Prof. Shalabh",IIT Kanpur,https://nptel.ac.in/courses/111104120
Management,NOC:Matrix Solver,Prof. Somnath Roy,IIT Kharagpur,https://nptel.ac.in/courses/111105111
Mathematics,NOC:Basic Linear Algebra,Prof. I.K.Rana,IIT Bombay,https://nptel.ac.in/courses/111101115
Mathematics,NOC:Basic Real Analysis,Prof. I. K. Rana,IIT Bombay,https://nptel.ac.in/courses/111101134
Mathematics,NOC:An Introduction To Point-Set-Topology Part-I,Prof. Anant R Shastri,IIT Bombay,https://nptel.ac.in/courses/111101158
Mathematics,NOC:Fourier Analysis And Its Applications,Prof. G. K Srinivasan,IIT Bombay,https://nptel.ac.in/courses/111101164
Mathematics,NOC:Numerical Analysis,Prof. S. Baskar,IIT Bombay,https://nptel.ac.in/courses/111101165
Mathematics,NOC:High Performance Scientific Computing,Prof. Shivasubramanian Gopalakrishnan,IIT Bombay,https://nptel.ac.in/courses/111101611
Mathematics,NOC:Statistical Inference,Prof. Nilladri Chaterjee,IIT Delhi,https://nptel.ac.in/courses/111102112
Mathematics,NOC:Advanced Probability Theory,Prof. Niladri Chatterjee,IIT Delhi,https://nptel.ac.in/courses/111102134
Mathematics,NOC:Scientific Computing Using Matlab,"Prof. Mani Mehra, Prof. Vivek Kumar Aggarwal",IIT Delhi Delhi Technological University,https://nptel.ac.in/courses/111102137
Mathematics,NOC:Introduction To Probability Theory And Statistics,Prof. S Dharmaraja,IIT Delhi,https://nptel.ac.in/courses/111102160
Mathematics,NOC:Scientific Computing Using Python (In Hindi),"Prof. Mani Mehra, Prof. Vivek K. Aggarwal",IIT Delhi Delhi Technological University,https://nptel.ac.in/courses/111102613
Mathematics,NOC:Discrete-Time Markov Chains And Poisson Processes,Prof. Ayon Ganguly Prof. Subhamay Saha,IIT Guwahati,https://nptel.ac.in/courses/111103158
Mathematics,NOC:Introduction To Queueing Theory,Prof. N. Selvaraju,IIT Guwahati,https://nptel.ac.in/courses/111103159
Mathematics,NOC:Probability And Stochastics For Finance,Prof.Joydeep Dutta,IIT Kanpur,https://nptel.ac.in/courses/111104089
Mathematics,NOC:Essentials Of Data Science With R Software _ 1: Probability And Statistical Inference,Prof. Shalabh,IIT Kanpur,https://nptel.ac.in/courses/111104146
Mathematics,NOC:Essentials Of Data Science With R Software _ 2: Sampling Theory And Linear Regression Analysis,Prof. Shalabh,IIT Kanpur,https://nptel.ac.in/courses/111104147
Mathematics,NOC:An Introduction To Hyperbolic Geometry,Prof. Abhijit Pal,IIT Kanpur,https://nptel.ac.in/courses/111104164
Mathematics,NOC:Set Theory And Mathematical Logic,Prof. Amit Kuber,IIT Kanpur,https://nptel.ac.in/courses/111104416
Mathematics,NOC:Optimization Algorithms: Theory And Software Implementation,Prof. Thirumulanathan D,IIT Kanpur,https://nptel.ac.in/courses/111104644
Mathematics,NOC:An Introduction To Number Theory,Prof. Somnath Jha,IIT Kanpur,https://nptel.ac.in/courses/111104900
Mathematics,NOC:Probability And Statistics,Prof. Somesh Kumar,IIT Kharagpur,https://nptel.ac.in/courses/111105090
Mathematics,NOC:Applied Multivariate Statistical Modeling,Prof. Jhareswar Maiti,IIT Kharagpur,https://nptel.ac.in/courses/111105091
Mathematics,NOC:Partial Differential Equations (PDE) For Engineers: Solution By Separation Of Variables,Prof. Sirshendu De,IIT Kharagpur,https://nptel.ac.in/courses/111105093
Mathematics,NOC:Constrained And Unconstrained Optimization,"Dr. Debjani Chakraborty, Prof. A. Goswami",IIT Kharagpur,https://nptel.ac.in/courses/111105100
Mathematics,NOC:Transform Calculus And Its Applications In Differential Equations,Prof. Adrijit Goswami,IIT Kharagpur,https://nptel.ac.in/courses/111105123
Mathematics,NOC:Engineering Mathematics II,Prof. Jitendra Kumar,IIT Kharagpur,https://nptel.ac.in/courses/111105134
Mathematics,NOC:Advanced Computational Techniques,Prof. Somnath Bhattacharyya,IIT Kharagpur,https://nptel.ac.in/courses/111105164
Mathematics,NOC:Applied Linear Algebra In AI And ML,Prof. Swanand Khare,IIT Kharagpur,https://nptel.ac.in/courses/111105165
Mathematics,NOC:Advanced Engineering Mathematics,Prof. H S Mahato,IIT Kharagpur,https://nptel.ac.in/courses/111105167
Mathematics,NOC:Numerical Linear Algebra And Application,Prof. Srinivasa Rao Pentyala,IIT-ISM Dhanbad,https://nptel.ac.in/courses/111105417
Mathematics,NOC:Functional Analysis And Its Applications,Prof. Akhilesh Prasad,IIT-ISM Dhanbad,https://nptel.ac.in/courses/111105610
Mathematics,NOC:Soft Computing Techniques,Prof. Santimoy Kundu,IIT-ISM Dhanbad,https://nptel.ac.in/courses/111105614
Mathematics,NOC:Applied Stochastic Processes,"Prof. Amitalok Jayant Budkuley, Prof. Swanand Ravindra Khare",IIT Kharagpur,https://nptel.ac.in/courses/111105901
Mathematics,NOC:Software Reliability,Prof. Subhashis Chatterjee,IIT-ISM Dhanbad,https://nptel.ac.in/courses/111105902
Mathematics,NOC:Graph Theory,Prof. Soumen Maity,IISER Pune,https://nptel.ac.in/courses/111106102
Mathematics,NOC:Transform Techniques For Engineers,Prof. Srinivasa Rao Manam,IIT Madras,https://nptel.ac.in/courses/111106111
Mathematics,NOC:Introduction To Probability And Statistics,Prof. G. Srinivasan,IIT Madras,https://nptel.ac.in/courses/111106112
Mathematics,NOC:Introduction To Rings And Fields,Prof. Krishna Hanumanthu,Chennai Mathematical Institute,https://nptel.ac.in/courses/111106131
Mathematics,NOC:Probabilistic Methods In PDE,Prof. Anindya Goswami,IISER Pune,https://nptel.ac.in/courses/111106134
Mathematics,NOC:Linear Algebra,Prof. Pranav Haridas,Kerala School Of Mathematics,https://nptel.ac.in/courses/111106135
Mathematics,NOC:Real Analysis I,Prof. Jaikrishnan J,IIT Palakkad,https://nptel.ac.in/courses/111106142
Mathematics,NOC:Introduction To Galois Theory,Prof. Krishna Hanumanthu,Chennai Mathematical Institute,https://nptel.ac.in/courses/111106145
Mathematics,NOC:Basic Calculus _ 1,Prof. Arindama Singh,IIT Madras,https://nptel.ac.in/courses/111106146
Mathematics,NOC:Functional Analysis,Prof. Kesavan,IMSc,https://nptel.ac.in/courses/111106147
Mathematics,NOC:Mathematical Methods In Physics 1,Prof. Auditya Sharma,IISER Bhopal,https://nptel.ac.in/courses/111106148
Mathematics,NOC:Computational Mathematics With SageMath,Prof. Ajit Kumar,"Institute Of Chemical Technology, Mumbai",https://nptel.ac.in/courses/111106149
Mathematics,NOC:Probability -I With Examples Using R,Prof. Siva Athreya,ISI Bangalore,https://nptel.ac.in/courses/111106150
Mathematics,NOC:Algebra _ II,"Prof. Amritanshu Prasad, Prof. S. Viswanath",IMSc,https://nptel.ac.in/courses/111106151
Mathematics,NOC:Algebraic Combinatorics,Prof. Amritanshu Prasad Prof. Sankaran Viswanath,IMSc,https://nptel.ac.in/courses/111106158
Mathematics,NOC:Predictive Analytics - Regression And Classification,Prof. Sourish Das,Chennai Mathematical Institute,https://nptel.ac.in/courses/111106164
Mathematics,NOC:Introduction To Statistics,Prof. Sameen Naqvi,IIT Hyderabad,https://nptel.ac.in/courses/111106415
Mathematics,NOC:An Introduction To Matrix Lie Groups,Prof. Krishnendu Gongopadhyay,IISER Mohali,https://nptel.ac.in/courses/111106904
Mathematics,NOC:Introduction To Algebraic Topology,Prof. Arpan Kabiraj,IIT Palakkad,https://nptel.ac.in/courses/111106905
Mathematics,NOC:Probability Theory With Actuarial Applications,Prof. Neelesh S. Upadhye,IIT Madras,https://nptel.ac.in/courses/111106929
Mathematics,NOC:Financial Mathematics For Actuaries,Prof. Neelesh S. Upadhye,IIT Madras,https://nptel.ac.in/courses/111106930
Mathematics,NOC:Numerical Linear Algebra,"Prof.D. N Pandey, Prof. P.N. Agrawal",IIT Roorkee,https://nptel.ac.in/courses/111107106
Mathematics,NOC:Numerical Methods: Finite Difference Approach,Prof. Ameeya Kumar Nayak,IIT Roorkee,https://nptel.ac.in/courses/111107107
Mathematics,NOC:Multivariable Calculus,"Dr. Sanjeev Kumar, Prof. S. K. Gupta",IIT Roorkee,https://nptel.ac.in/courses/111107108
Mathematics,NOC:Ordinary And Partial Differential Equations And Applications,"Prof.D. N Pandey, Prof. P.N. Agrawal",IIT Roorkee,https://nptel.ac.in/courses/111107111
Mathematics,NOC:Mathematical Modelling: Analysis And Applications,Prof. Ameeya Kumar Nayak,IIT Roorkee,https://nptel.ac.in/courses/111107113
Mathematics,NOC:Dynamical System And Control,"Prof.D. N Pandey, Dr. N. Sukavanam",IIT Roorkee,https://nptel.ac.in/courses/111107118
Mathematics,NOC:Advanced Linear Algebra,Prof. Premananda Bera,IIT Roorkee,https://nptel.ac.in/courses/111107164
Mathematics,NOC:Introduction To Algebraic Geometry And Commutative Algebra,Prof. Dilip P. Patil,IISc Bangalore,https://nptel.ac.in/courses/111108136
Mathematics,NOC:First Course On Partial Differential Equations _ I,"Prof. A. K. Nandakumaran, Prof. P. S. Datti",IISc Bangalore,https://nptel.ac.in/courses/111108144
Mathematics,NOC:Advanced Course On Partial Differential Equations - II,"Prof. A K Nandakumaran, Prof. P.S. Datti",IISc Bangalore,https://nptel.ac.in/courses/111108412
Mathematics,NOC:Introduction To Group Theory,Prof. R Venkatesh,IISc Bangalore,https://nptel.ac.in/courses/111108413
Mathematics,NOC:Introduction To Lie Algebras,Prof. R Venkatesh,IISc Bangalore,https://nptel.ac.in/courses/111108414
Mathematics,NOC:Algebraic Number Theory,Prof. Mahesh Kakde,IISc Bangalore,https://nptel.ac.in/courses/111108609
Mathematics,NOC:Representation Theory Of Finite Groups,Prof. R. Venkatesh,IISc Bangalore,https://nptel.ac.in/courses/111108898
Mathematics,NOC:Riemannian Geometry,Prof. Ved Vivek Datar,IISc Bangalore,https://nptel.ac.in/courses/111108899
Mathematics,NOC:Calculus Of One Real Variable,Prof. Joydeep Dutta,IIT Kanpur,https://nptel.ac.in/courses/109104124
Mathematics,Algebra II,Prof. Jugal K. Verma,IIT Bombay,https://nptel.ac.in/courses/111101001
Mathematics,Algebraic Topology,Prof. G.K. Srinivasan,IIT Bombay,https://nptel.ac.in/courses/111101002
Mathematics,Elementary Numerical Analysis,Prof. Rekha P. Kulkarni,IIT Bombay,https://nptel.ac.in/courses/111101003
Mathematics,Introduction To Probability Theory,Dr. K. Suresh Kumar,IIT Bombay,https://nptel.ac.in/courses/111101004
Mathematics,Measure And Integration,Prof. Inder K Rana,IIT Bombay,https://nptel.ac.in/courses/111101005
Mathematics,Mathematics In India - From Vedic Period To Modern Times,"Prof. M.D.Srinivas , Prof.K.Ramasubramanian, Prof.M.S.Sriram",IIT Bombay,https://nptel.ac.in/courses/111101080
Mathematics,NOC:Measure Theory,Prof. Inder Kumar Rana,IIT Bombay,https://nptel.ac.in/courses/111101100
Mathematics,"NOC:Calculus For Economics,Commerce And Management",Prof. Inder Kumar Rana,IIT Bombay,https://nptel.ac.in/courses/111101109
Mathematics,NOC:Commutative Algebra,Prof. Dilip P. Patil,IIT Bombay,https://nptel.ac.in/courses/111101116
Mathematics,NOC:Galois Theory,Prof. Dilip Patil,IIT Bombay,https://nptel.ac.in/courses/111101117
Mathematics,NOC:A Basic Course In Number Theory,Prof. Shripad Garge,IIT Bombay,https://nptel.ac.in/courses/111101137
Mathematics,NOC:Introduction To Algebraic Topology (Part_I),Prof. Anant R. Shastri,IIT Bombay,https://nptel.ac.in/courses/111101144
Mathematics,NOC:Introduction To Algebraic Topology (Part-II),Prof. Anant R. Shastri,IIT Bombay,https://nptel.ac.in/courses/111101152
Mathematics,NOC:Partial Differential Equations,Prof. Sivaji Ganesh,IIT Bombay,https://nptel.ac.in/courses/111101153
Mathematics,NOC:An Introduction To Point-Set-Topology Part-II,Prof. Anant R Shastri,IIT Bombay,https://nptel.ac.in/courses/111101160
Mathematics,NOC:Point Set Topology,Prof. Ronnie Sebastian,IIT Bombay,https://nptel.ac.in/courses/111101168
Mathematics,Advanced Abstract Algebra,"Dr. Kanchan Joshi, Dr. R. K. Sharma",IIT Delhi,https://nptel.ac.in/courses/111102009
Mathematics,Linear Algebra,"Dr. R. K. Sharma, Dr. Wagish Shukla",IIT Delhi,https://nptel.ac.in/courses/111102011
Mathematics,Linear Programming Problems,Dr. Aparna Mehra,IIT Delhi,https://nptel.ac.in/courses/111102012
Mathematics,Stochastic Processes,Dr. S. Dharmaraja,IIT Delhi,https://nptel.ac.in/courses/111102014
Mathematics,NOC:Stochastic Processes - 1,Prof. S Dharmaraja,IIT Delhi,https://nptel.ac.in/courses/111102096
Mathematics,NOC:Stochastic Processes,Prof. Dharmaraja,IIT Delhi,https://nptel.ac.in/courses/111102098
Mathematics,NOC:Chaotic Dynamical Systems,Prof. Anima Nagar,IIT Delhi,https://nptel.ac.in/courses/111102110
Mathematics,NOC:Introduction To Probability Theory And Stochastic Processes,Prof. S Dharmaraja,IIT Delhi,https://nptel.ac.in/courses/111102111
Mathematics,NOC:Integral Transforms And Their Applications,Prof. Sarthok Sircar,IIIT Delhi,https://nptel.ac.in/courses/111102129
Mathematics,"NOC:Introduction To Fuzzy Set Theory, Arithmetic And Logic",Prof. Niladri Chaterjee,IIT Delhi,https://nptel.ac.in/courses/111102130
Mathematics,NOC:Introduction To Methods Of Applied Mathematics,"Prof. Mani Mehra, Prof. Vivek Kumar Aggarwal",IIT Delhi,https://nptel.ac.in/courses/111102133
Mathematics,NOC:Non-Parametric Statistical Inference,Prof. Niladri Chatterjee,IIT Delhi,https://nptel.ac.in/courses/111102143
Mathematics,NOC:Matrix Computation And Its Applications,"Prof. Mani Mehra, Prof. Vivek Kumar Aggarwal",IIT Delhi,https://nptel.ac.in/courses/111102152
Mathematics,NOC:Introduction To Probability Theory And Stochastic Processes (Tamil),Prof. S Dharmaraja,IIT Delhi,https://nptel.ac.in/courses/111102518
Mathematics,NOC:Introduction To Probability & Statistics (In Hindi),Prof. Abhay Gopal Bhatt,ISI Delhi,https://nptel.ac.in/courses/111102798
Mathematics,Formal Languages And Automata Theory,"Dr. Diganta Goswami, Dr. K.V. Krishna",IIT Guwahati,https://nptel.ac.in/courses/111103016
Mathematics,Number Theory,Dr. Anupam Saikia,IIT Guwahati,https://nptel.ac.in/courses/111103020
Mathematics,Partial Differential Equations,Dr. Rajen Kumar Sinha,IIT Guwahati,https://nptel.ac.in/courses/111103021
Mathematics,Stochastic Processes,"Dr. N. Selvaraju, Dr. S. Dharmaraja",IIT Guwahati,https://nptel.ac.in/courses/111103022
Mathematics,Complex Analysis,Prof. P. A. S. Sree Krishna,IIT Guwahati,https://nptel.ac.in/courses/111103070
Mathematics,NOC:Mathematical Finance,"Dr. N. Selvaraju, Prof. Siddhartha Pratim Chakrabarty",IIT Guwahati,https://nptel.ac.in/courses/111103126
Mathematics,NOC:Mathematical Portfolio Theory,Prof. Siddhartha Pratim Chakrabarty,IIT Guwahati,https://nptel.ac.in/courses/111103137
Mathematics,NOC:Calculus - II,"Prof. Arup Chattopadhyay, Prof. M. Guru Prem Prasad",IIT Guwahati,https://nptel.ac.in/courses/111103764
Mathematics,Applied Multivariate Analysis,"Dr. Amit Mitra, Dr. Sharmishtha Mitra",IIT Kanpur,https://nptel.ac.in/courses/111104024
Mathematics,Calculus Of Variations And Integral Equations,"Dr. Malay Banerjee, Prof. D. Bahuguna",IIT Kanpur,https://nptel.ac.in/courses/111104025
Mathematics,Discrete Mathematics,Prof. A.K. Lal,IIT Kanpur,https://nptel.ac.in/courses/111104026
Mathematics,Linear Programming And Extensions,Prof. Prabha Sharma,IIT Kanpur,https://nptel.ac.in/courses/111104027
Mathematics,Numerical Solution Of ODEs,Prof. M.K. Kadalbajoo,IIT Kanpur,https://nptel.ac.in/courses/111104030
Mathematics,Ordinary Differential Equations,Prof. V. Raghavendra,IIT Kanpur,https://nptel.ac.in/courses/111104031
Mathematics,Probability And Distributions,Prof. Neeraj Misra,IIT Kanpur,https://nptel.ac.in/courses/111104032
Mathematics,NOC:Convex Optimization,Prof. Joydeep Dutta,IIT Kanpur,https://nptel.ac.in/courses/111104068
Mathematics,Foundations Of Optimization,Dr. Joydeep Dutta,IIT Kanpur,https://nptel.ac.in/courses/111104071
Mathematics,Econometric Theory,Prof. Shalabh,IIT Kanpur,https://nptel.ac.in/courses/111104072
Mathematics,Sampling Theory,Prof. Shalabh,IIT Kanpur,https://nptel.ac.in/courses/111104073
Mathematics,NOC:Linear Regression Analysis,Prof. Shalabh,IIT Kanpur,https://nptel.ac.in/courses/111104074
Mathematics,Analysis Of Variance And Design Of Experiment-I,Prof. Shalabh,IIT Kanpur,https://nptel.ac.in/courses/111104075
Mathematics,Analysis Of Variance And Design Of Experiment-II,Prof. Shalabh,IIT Kanpur,https://nptel.ac.in/courses/111104078
Mathematics,Probability Theory And Applications,Prof. Prabha Sharma,IIT Kanpur,https://nptel.ac.in/courses/111104079
Mathematics,"NOC:Basic Calculus For Engineers, Scientists And Economists",Prof. Joydeep Dutta,IIT Kanpur,https://nptel.ac.in/courses/111104085
Mathematics,NOC:Differential Calculus In Several Variables,Prof. S Dutta,IIT Kanpur,https://nptel.ac.in/courses/111104092
Mathematics,NOC:Curves And Surfaces,Prof. Sudipta Dutta,IIT Kanpur,https://nptel.ac.in/courses/111104095
Mathematics,NOC:Linear Regression Analysis And Forecasting,Prof. Shalabh,IIT Kanpur,https://nptel.ac.in/courses/111104098
Mathematics,NOC:Introduction To R Software,Prof. Shalabh,IIT Kanpur,https://nptel.ac.in/courses/111104100
Mathematics,NOC:Calculus Of Several Real Variables,Prof. Joydeep Dutta,IIT Kanpur,https://nptel.ac.in/courses/111104125
Mathematics,NOC:Linear Algebra,Prof. Arbind Kumar Lal,IIT Kanpur,https://nptel.ac.in/courses/111104137
Mathematics,NOC:Computational Number Theory And Algebra,Prof. Nitin Saxena,IIT Kanpur,https://nptel.ac.in/courses/111104138
Mathematics,NOC:Basic Calculus 1 And 2,Prof. Parasar Mohanty,IIT Kanpur,https://nptel.ac.in/courses/111104144
Mathematics,NOC:Advanced Partial Differential Equations,Prof. Kaushik Bal,IIT Kanpur,https://nptel.ac.in/courses/111104145
Mathematics,NOC:Measure Theoretic Probability 1,Prof. Suprio Bhar,IIT Kanpur,https://nptel.ac.in/courses/111104152
Mathematics,NOC:Foundations Of R Software,Prof. Shalabh,IIT Kanpur,https://nptel.ac.in/courses/111104160
Mathematics,NOC:Foundations Of R Software (In Hindi Language),Prof. Shalabh,IIT Kanpur,https://nptel.ac.in/courses/111104161
Mathematics,NOC:A Primer To Mathematical Optimization,Prof. Debdas Ghosh,IIT(BHU) Varanasi,https://nptel.ac.in/courses/111104165
Mathematics,NOC:Measure Theoretic Probability 2,Prof. Suprio Bhar,IIT Kanpur,https://nptel.ac.in/courses/111104168
Mathematics,NOC:Introduction To Fourier Analysis,Prof. Parasar Mohanty,IIT Kanpur,https://nptel.ac.in/courses/111104519
Mathematics,NOC:Ordinary Differential Equations,Prof. Kaushik Bal,IIT Kanpur,https://nptel.ac.in/courses/111104521
Mathematics,NOC:Category Theory,Prof. Amit Kuber,IIT Kanpur,https://nptel.ac.in/courses/111104524
Mathematics,NOC:Multivariate Procedures With R (In Hindi Language),Prof. Shalabh,IIT Kanpur,https://nptel.ac.in/courses/111104612
Mathematics,NOC:Geometry Of Curves And Surfaces,Prof. Abhijit Pal,IIT Kanpur,https://nptel.ac.in/courses/111104765
Mathematics,NOC:Partial Differential Equations,Prof. Kaushik Bal,IIT Kanpur,https://nptel.ac.in/courses/111104766
Mathematics,Advanced Engineering Mathematics,"Dr. P. Panigrahi, Prof. J. Kumar, Prof. P.D. Srivastava, Prof. Somesh Kumar",IIT Kharagpur,https://nptel.ac.in/courses/111105035
Mathematics,Functional Analysis,Prof. P.D. Srivastava,IIT Kharagpur,https://nptel.ac.in/courses/111105037
Mathematics,Numerical Methods Of Ordinary And Partial Differential Equations,Dr. G.P. Raja Sekhar,IIT Kharagpur,https://nptel.ac.in/courses/111105038
Mathematics,Optimization,"Dr. Debjani Chakraborty, Prof. A. Goswami",IIT Kharagpur,https://nptel.ac.in/courses/111105039
Mathematics,Probability And Statistics,Prof. Somesh Kumar,IIT Kharagpur,https://nptel.ac.in/courses/111105041
Mathematics,NOC:Regression Analysis,Prof. Soumen Maity,IISER Pune,https://nptel.ac.in/courses/111105042
Mathematics,Statistical Inference,Prof. Somesh Kumar,IIT Kharagpur,https://nptel.ac.in/courses/111105043
Mathematics,A Basic Course In Real Analysis,Prof. P.D. Srivastava,IIT Kharagpur,https://nptel.ac.in/courses/111105069
Mathematics,Statistical Methods For Scientists And Engineers,Prof. Somesh Kumar,IIT Kharagpur,https://nptel.ac.in/courses/111105077
Mathematics,NOC:Introductory Course In Real Analysis,Prof. P D Srivastava,IIT Kharagpur,https://nptel.ac.in/courses/111105098
Mathematics,NOC:Modeling Transport Phenomena Of Microparticles,"Dr. G.P. Raja Sekhar, Prof. Somnath Bhattacharyya",IIT Kharagpur,https://nptel.ac.in/courses/111105099
Mathematics,NOC:Introduction To Abstract And Linear Algebra,Prof. Sourav Mukhopadhyay,IIT Kharagpur,https://nptel.ac.in/courses/111105112
Mathematics,NOC:Engineering Mathematics - I,Prof. Jitendra Kumar,IIT Kharagpur,https://nptel.ac.in/courses/111105121
Mathematics,NOC:Integral And Vector Calculus,Prof. Hari Shankar Mahato,IIT Kharagpur,https://nptel.ac.in/courses/111105122
Mathematics,NOC:Statistical Inference,Prof. Somesh Kumar,IIT Kharagpur,https://nptel.ac.in/courses/111105124
Mathematics,NOC:Mathematical Methods For Boundary Value Problems,Prof. Somnath Bhattacharyya,IIT Kharagpur,https://nptel.ac.in/courses/111105132
Mathematics,NOC:Advanced Calculus For Engineers,"Prof. Jitendra Kumar, Prof. Somesh Kumar",IIT Kharagpur,https://nptel.ac.in/courses/111105160
Mathematics,NOC:Rings And Modules,"Prof. Mousumi Mandal, Prof. Ramakrishna Nanduri",IIT Kharagpur,https://nptel.ac.in/courses/111105161
Mathematics,NOC:Introduction To Boundary Integral Methods,Prof. G. P. Raja Sekhar,IIT Kharagpur,https://nptel.ac.in/courses/111105166
Mathematics,NOC:Essentials Of Topology,Prof. S. P. Tiwari,IIT-ISM Dhanbad,https://nptel.ac.in/courses/111105169
Mathematics,NOC:Mathematics For Machine Learning,"Prof. Debashree Guha Adhya, Prof. Debjani Chakraborty",IIT Kharagpur,https://nptel.ac.in/courses/111105489
Mathematics,NOC:Advanced Theory Of Ordinary Differential Equations,Prof. Hari Shankar Mahato,IIT Kharagpur,https://nptel.ac.in/courses/111105522
Mathematics,NOC:Basics Of Nonparametric Tests With Applications By R,Prof. Saran Ishika Maiti,"Visva Bharati University, Santiniketan",https://nptel.ac.in/courses/111105762
Mathematics,An Introduction To Riemann Surfaces And Algebraic Curves: Complex 1-Tori And Elliptic Curves,Dr. T.E. Venkata Balaji,IIT Madras,https://nptel.ac.in/courses/111106044
Mathematics,Fourier Analysis,"Dr. R. Radha, Dr. S. Thangavelu",IIT Madras,https://nptel.ac.in/courses/111106046
Mathematics,Functional Analysis,Prof. M.T. Nair,IIT Madras,https://nptel.ac.in/courses/111106047
Mathematics,Graph Theory,Prof. S.A. Choudum,IIT Madras,https://nptel.ac.in/courses/111106050
Mathematics,Linear Algebra,Dr. K.C. Sivakumar,IIT Madras,https://nptel.ac.in/courses/111106051
Mathematics,Mathematical Logic,Prof. Arindama Singh,IIT Madras,https://nptel.ac.in/courses/111106052
Mathematics,Real Analysis,Prof. S.H. Kulkarni,IIT Madras,https://nptel.ac.in/courses/111106053
Mathematics,Topology,Prof. P. Veeramani,IIT Madras,https://nptel.ac.in/courses/111106054
Mathematics,Dynamic Data Assimilation: An Introduction,Prof. S. Lakshmivarahan,IIT Madras,https://nptel.ac.in/courses/111106082
Mathematics,NOC:An Invitation To Mathematics,Prof. Sankaran Vishwanath,IMSc,https://nptel.ac.in/courses/111106083
Mathematics,"Advanced Complex Analysis - Part 1:Zeros Of Analytic Functions,Analytic Continuation, Monodromy, Hyperbolic Geometry And The Reimann Mapping Theorem",Dr. T.E. Venkata Balaji,IIT Madras,https://nptel.ac.in/courses/111106084
Mathematics,NOC:Discrete Mathematics,Prof. SouravChakraborty,Chennai Mathematical Institute,https://nptel.ac.in/courses/111106086
Mathematics,"Advanced Complex Analysis - Part 2: Compactness Of Meromorphic Functions In The Spherical Metric, Spherical Derivative, Normality, Theorems Of Marty-Zalcman-Montel-Picard-Royden-Schottky",Dr. T.E. Venkata Balaji,IIT Madras,https://nptel.ac.in/courses/111106094
Mathematics,"Basic Algebraic Geometry : Varieties, Morphisms, Local Rings, Function Fields And Nonsingularity",Dr. T.E. Venkata Balaji,IIT Madras,https://nptel.ac.in/courses/111106097
Mathematics,NOC:Introduction To Commutative Algebra,Prof. A. V. Jayanthan,IIT Madras,https://nptel.ac.in/courses/111106098
Mathematics,NOC:Differential Equations For Engineers,Prof. Srinivasa Rao Manam,IIT Madras,https://nptel.ac.in/courses/111106100
Mathematics,NOC:Numerical Analysis,Prof. R. Usha,IIT Madras,https://nptel.ac.in/courses/111106101
Mathematics,NOC:Introduction To Abstract Group Theory,Prof. Krishna Hanumanthu,Chennai Mathematical Institute,https://nptel.ac.in/courses/111106113
Mathematics,"NOC:Groups : Motion, Symmetry And Puzzles",Prof. Amit Kulshrestha,IISER Mohali,https://nptel.ac.in/courses/111106114
Mathematics,NOC:Algebra - I,"Prof. Amritanshu Prasad, Prof. S. Viswanath",IMSc,https://nptel.ac.in/courses/111106137
Mathematics,NOC:Computational Commutative Algebra,Prof. Manoj Kummini,Chennai Mathematical Institute,https://nptel.ac.in/courses/111106138
Mathematics,NOC:Laplace Transform,Prof. Indrava Roy,IMSc,https://nptel.ac.in/courses/111106139
Mathematics,NOC:Measure Theory,Prof. Indrava Roy,IMSc,https://nptel.ac.in/courses/111106140
Mathematics,NOC:Complex Analysis,Prof. Pranav Haridas,Kerala School Of Mathematics,https://nptel.ac.in/courses/111106141
Mathematics,NOC:Variational Calculus And Its Applications In Control Theory And Nanomechanics,Prof. Sarthok Sircar,IIIT Delhi,https://nptel.ac.in/courses/111106144
Mathematics,NOC:Mathematical Methods In Physics 2,Prof. Auditya Sharma,IISER Bhopal,https://nptel.ac.in/courses/111106152
Mathematics,NOC:Real Analysis II,Prof. Jaikrishnan J,IIT Palakkad,https://nptel.ac.in/courses/111106153
Mathematics,NOC:Sobolev Spaces And Partial Differential Equations,Prof. S. Kesavan,IMSc,https://nptel.ac.in/courses/111106154
Mathematics,NOC:Combinatorics,Prof. Narayanan N,IIT Madras,https://nptel.ac.in/courses/111106155
Mathematics,NOC:Geometry Of Vision,Prof. Vijay Ravikumar,Azim Premji University,https://nptel.ac.in/courses/111106156
Mathematics,NOC:An Invitation To Topology,Prof. Indrava Roy,IMSc,https://nptel.ac.in/courses/111106159
Mathematics,NOC:Operator Theory,Prof. G. Ramesh,IIT Hyderabad,https://nptel.ac.in/courses/111106160
Mathematics,NOC:Measure And Integration,Prof. S. Kesavan,IMSc,https://nptel.ac.in/courses/111106161
Mathematics,NOC:Approximate Reasoning Using Fuzzy Set Theory,Prof. Balasubramaniam Jayaram,IIT Hyderabad,https://nptel.ac.in/courses/111106162
Mathematics,NOC:Probability - II With Examples Using R,Prof Siva Athreya,ISI Bangalore,https://nptel.ac.in/courses/111106163
Mathematics,NOC:Introduction To Algebraic Geometry,Prof. Arijit Dey,IIT Madras,https://nptel.ac.in/courses/111106168
Mathematics,NOC:Probability Theory For Data Science,Prof. Ishapathik Das,IIT Tirupati,https://nptel.ac.in/courses/111106525
Mathematics,NOC:Algebra 1: Foundations,Prof. Jaikrishnan J,IIT Palakkad,https://nptel.ac.in/courses/111106763
Mathematics,Complex Analysis,"Dr. A. Swaminathan, Dr. V. K. Katiyar",IIT Roorkee,https://nptel.ac.in/courses/111107056
Mathematics,Discrete Mathematics,"Dr. Aditi Gangopadhyay, Dr. Sugata Gangopadhyay",IIT Roorkee,https://nptel.ac.in/courses/111107058
Mathematics,Numerical Analysis,"Dr. Sandip Banerjee, Prof. Roshan Lal",IIT Roorkee,https://nptel.ac.in/courses/111107062
Mathematics,Numerical Solution Of Ordinary And Partial Differential Equations,"Dr. Rama Bhargava, Dr. Sunita Gakkhar",IIT Roorkee,https://nptel.ac.in/courses/111107063
Mathematics,NOC:Mathematical Methods And Its Applications,"Prof. P.N. Agarwal, Prof. S. K. Gupta",IIT Roorkee,https://nptel.ac.in/courses/111107098
Mathematics,"NOC:Integral Equations, Calculus Of Variations And Its Applications","Prof.D. N Pandey, Prof. P.N. Agarwal",IIT Roorkee,https://nptel.ac.in/courses/111107103
Mathematics,NOC:Nonlinear Programming,Prof. S. K. Gupta,IIT Roorkee,https://nptel.ac.in/courses/111107104
Mathematics,NOC:Numerical Methods,"Prof. Ameeya Kumar Nayak, Prof. Sanjeev Kumar",IIT Roorkee,https://nptel.ac.in/courses/111107105
Mathematics,NOC:Matrix Analysis With Applications,"Dr. Sanjeev Kumar, Prof. S. K. Gupta",IIT Roorkee,https://nptel.ac.in/courses/111107112
Mathematics,NOC:Advanced Engineering Mathematics,Prof. P.N. Agarwal,IIT Roorkee,https://nptel.ac.in/courses/111107119
Mathematics,NOC:Higher Engineering Mathematics,Prof. P. N. Agrawal,IIT Roorkee,https://nptel.ac.in/courses/111107127
Mathematics,NOC:Operations Research,Prof. Kusum Deep,IIT Roorkee,https://nptel.ac.in/courses/111107128
Mathematics,NOC:Essential Mathematics For Machine Learning,"Prof. S.K. Gupta, Prof. Sanjeev Kumar",IIT Roorkee,https://nptel.ac.in/courses/111107137
Mathematics,NOC:EXCELing With Mathematical Modeling,Prof. Sandip Banerjee,IIT Roorkee,https://nptel.ac.in/courses/111107523
Mathematics,Advanced Matrix Theory And Linear Algebra For Engineers,Prof. Vittal Rao,IISc Bangalore,https://nptel.ac.in/courses/111108066
Mathematics,Ordinary Differential Equations And Applications,"A. K. Nandakumaran, P. S. Datti, Raju K. George",IISc Bangalore,https://nptel.ac.in/courses/111108081
Mathematics,NOC:Linear Algebra,Prof. Dilip P. Patil,IISc Bangalore,https://nptel.ac.in/courses/111108098
Mathematics,NOC:An Introduction To Smooth Manifolds,Prof. Harish Seshadri,IISc Bangalore,https://nptel.ac.in/courses/111108134
Mathematics,NOC:Measure Theory,Prof. E. K. Narayanan,IISc Bangalore,https://nptel.ac.in/courses/111108135
Mathematics,NOC:First Course On Partial Differential Equations - II,"Prof. A. K. Nandakumaran, Prof. P.S. Datti",IISc Bangalore,https://nptel.ac.in/courses/111108152
Mathematics,Matrix Theory,Prof. Chandra Murthy,IISc Bangalore,https://nptel.ac.in/courses/111108157
Mathematics,NOC:C* Algebras And Spectral Theorem,Prof. E K Narayanan,IISc Bangalore,https://nptel.ac.in/courses/111108164
Mathematics,NOC:Advanced Partial Differential Equations – (Part I: Distributions And Sobolev Spaces),"Prof. P.S. Datti, Prof. A. K. Nandakumaran",IISc Bangalore,https://nptel.ac.in/courses/111108168
Mathematics,NOC:Representation Theory Of General Linear Lie Algebra,Prof. R. Venkatesh,IISc Bangalore,https://nptel.ac.in/courses/111108520
Mechanical Engineering,NOC:Optimization From Fundamentals,Prof. Ankur A. Kulkarni,IIT Bombay,https://nptel.ac.in/courses/112101298
Mechanical Engineering,NOC:Navigating The Latest Trends In Additive Manufacturing Landscape,"Prof. Akshatha Hulmani Dayananda, Prof. Alankar",IIT Bombay-Wipro 3D,https://nptel.ac.in/courses/112101623
Mechanical Engineering,NOC:Essentials Of Turbulence,Prof. Abhilash J. Chandy,IIT Bombay,https://nptel.ac.in/courses/112101906
Mechanical Engineering,NOC:Convective Heat Transfer: Fundamentals And Some Applications,"Prof. Arunkumar Sridharan, Prof. S.V. Prabhu, Prof. Shankar Krishnan",IIT Bombay,https://nptel.ac.in/courses/112101907
Mechanical Engineering,NOC:Thermodynamics,Prof. S.R. Kale,IIT Delhi,https://nptel.ac.in/courses/112102255
Mechanical Engineering,NOC:Introduction To Uncertainty Analysis And Experimentation,Prof. S.R. Kale,IIT Delhi,https://nptel.ac.in/courses/112102298
Mechanical Engineering,NOC:Ideal Fluid Flows Using Complex Analysis,Prof. Amit Gupta,IIT Delhi,https://nptel.ac.in/courses/112102316
Mechanical Engineering,NOC:Data-Enabled Tribological Engineering: From Experiments To Predictive Models,Prof. (HAG) Harish Hirani,IIT Delhi,https://nptel.ac.in/courses/112102428
Mechanical Engineering,NOC:Fundamentals Of Nuclear Power Generation,Prof. Dipankar N. Basu,IIT Guwahati,https://nptel.ac.in/courses/112103243
Mechanical Engineering,NOC:Introduction To Machining And Machining Fluids,Prof. Mamilla Ravi Sankar,IIT Guwahati,https://nptel.ac.in/courses/112103245
Mechanical Engineering,NOC:Mechanics Of Machining,Prof. Uday S. Dixit,IIT Guwahati,https://nptel.ac.in/courses/112103248
Mechanical Engineering,NOC:Introduction To Abrasive Machining And Finishing Processes,Prof. Mamilla Ravi Sankar,IIT Guwahati,https://nptel.ac.in/courses/112103250
Mechanical Engineering,NOC:Theory Of Rectangular Plates-Part1,Prof. Poonam Kumari,IIT Guwahati,https://nptel.ac.in/courses/112103251
Mechanical Engineering,NOC:IC Engines And Gas Turbines,"Dr. Vinayak Kulkarni, Prof. Pranab K. Mondal",IIT Guwahati,https://nptel.ac.in/courses/112103262
Mechanical Engineering,NOC:Fundamental Of Welding Science And Technology,Prof. Pankaj Biswas,IIT Guwahati,https://nptel.ac.in/courses/112103263
Mechanical Engineering,NOC:Computational Fluid Dynamics For Incompressible Flows,Prof. Amaresh Dalal,IIT Guwahati,https://nptel.ac.in/courses/112103289
Mechanical Engineering,NOC:Fundamentals Of Compressible Flow,Prof. Niranjan Sahoo,IIT Guwahati,https://nptel.ac.in/courses/112103294
Mechanical Engineering,NOC:Theory Of Composite Shells,Prof. Poonam Kumari,IIT Guwahati,https://nptel.ac.in/courses/112103298
Mechanical Engineering,NOC:Finite Element Modeling Of Welding Processes,Prof. Swarup Bag,IIT Guwahati,https://nptel.ac.in/courses/112103299
Mechanical Engineering,NOC:Nonlinear Vibration,Prof. S. K. Dwivedy,IIT Guwahati,https://nptel.ac.in/courses/112103300
Mechanical Engineering,NOC:Evolutionary Computation For Single And Multi-Objective Optimization,Prof. Deepak Sharma,IIT Guwahati,https://nptel.ac.in/courses/112103301
Mechanical Engineering,NOC:Viscous Fluid Flow,Prof. Amaresh Dalal,IIT Guwahati,https://nptel.ac.in/courses/112103302
Mechanical Engineering,NOC:Mechanics Of Fiber Reinforced Polymer Composite Structures,Prof. Debabrata Chakraborty,IIT Guwahati,https://nptel.ac.in/courses/112103308
Mechanical Engineering,NOC:Thermal Engineering: Basic And Applied,Prof. Pranab K. Mondal,IIT Guwahati,https://nptel.ac.in/courses/112103316
Mechanical Engineering,NOC:Mechanics Of Sheet Metal Forming,Prof. R Ganesh Narayanan,IIT Guwahati,https://nptel.ac.in/courses/112103420
Mechanical Engineering,NOC:Power Plant System Engineering,Prof. Niranjan Sahoo,IIT Guwahati,https://nptel.ac.in/courses/112103421
Mechanical Engineering,NOC:Introduction To Solidification Processing,Prof. Swarup Bag,IIT Guwahati,https://nptel.ac.in/courses/112103427
Mechanical Engineering,NOC:Engine System And Performance,Prof. Pranab K. Mondal,IIT Guwahati,https://nptel.ac.in/courses/112103617
Mechanical Engineering,NOC:Fundamentals Of Thermo-Mechanical & Fatigue Analysis Of Welded Structure,Prof. Pankaj Biswas,IIT Guwahati,https://nptel.ac.in/courses/112103618
Mechanical Engineering,NOC:Manufacturing Process Technology -Part I,Prof. Shantanu Bhattacharya,IIT Kanpur,https://nptel.ac.in/courses/112104195
Mechanical Engineering,NOC:Nature And Properties Of Materials,Prof. Bishakh Bhattacharya,IIT Kanpur,https://nptel.ac.in/courses/112104203
Mechanical Engineering,NOC:Manufacturing Process Technology - II,Prof. Shantanu Bhattacharya,IIT Kanpur,https://nptel.ac.in/courses/112104204
Mechanical Engineering,NOC:Basics Of Finite Element Analysis - II,Prof. Nachiketa Tiwari,IIT Kanpur,https://nptel.ac.in/courses/112104205
Mechanical Engineering,NOC:Phase Transformation In Materials,Prof. Krishanu Biswas,IIT Kanpur,https://nptel.ac.in/courses/112104220
Mechanical Engineering,NOC:Noise Management & Control,Prof. Nachiketa Tiwari,IIT Kanpur,https://nptel.ac.in/courses/112104227
Mechanical Engineering,NOC:Design Practice,Prof. Shantanu Bhattacharya,IIT Kanpur,https://nptel.ac.in/courses/112104228
Mechanical Engineering,NOC:Product Design And Manufacturing,"Dr. Amandeep Singh, Prof. J. Ramkumar",IIT Kanpur,https://nptel.ac.in/courses/112104230
Mechanical Engineering,NOC:Turbulent Combustion: Theory And Modelling,Prof. Ashoke De,IIT Kanpur,https://nptel.ac.in/courses/112104272
Mechanical Engineering,NOC:Manufacturing Automation,Prof. Sounak Kumar Choudhury,IIT Kanpur,https://nptel.ac.in/courses/112104288
Mechanical Engineering,NOC:Computer Integrated Manufacturing,"Prof. Amandeep Singh, Prof. J. Ramkumar",IIT Kanpur,https://nptel.ac.in/courses/112104289
Mechanical Engineering,NOC:Machining Science,Prof. Sounak Kumar Choudhury,IIT Kanpur,https://nptel.ac.in/courses/112104290
Mechanical Engineering,NOC:Elements Of Solar Energy Conversion,Prof. Jishnu Bhattacharya,IIT Kanpur,https://nptel.ac.in/courses/112104300
Mechanical Engineering,NOC:Advanced Robotics,Prof. Ashish Dutta,IIT Kanpur,https://nptel.ac.in/courses/112104316
Mechanical Engineering,NOC:Engineering Thermodynamics In Hindi,Prof. Jayant K. Singh,IIT Kanpur,https://nptel.ac.in/courses/112104418
Mechanical Engineering,NOC:Advanced Machining Processes,Prof. Shantanu Bhattacharya,IIT Kanpur,https://nptel.ac.in/courses/112104425
Mechanical Engineering,NOC:Advanced Robotics Applications,Prof. Ashish Dutta,IIT Kanpur,https://nptel.ac.in/courses/112104620
Mechanical Engineering,NOC:Introduction To Mechanical Micro Machining,Prof. Ajay M Sidpara,IIT Kharagpur,https://nptel.ac.in/courses/112105231
Mechanical Engineering,NOC:Machinery Fault Diagnosis And Signal Processing,Prof. Amiya Ranjan Mohanty,IIT Kharagpur,https://nptel.ac.in/courses/112105232
Mechanical Engineering,NOC:Metal Cutting And Machine Tools,Prof. Asimava Roy Choudhury,IIT Kharagpur,https://nptel.ac.in/courses/112105233
Mechanical Engineering,NOC:Electronic Packaging And Manufacturing,"Prof. A Bhattacharya, Prof. Goutam Chakraborty",IIT Kharagpur,https://nptel.ac.in/courses/112105267
Mechanical Engineering,NOC:Kinematics Of Mechanisms And Machines,Prof. A. Dasgupta,IIT Kharagpur,https://nptel.ac.in/courses/112105268
Mechanical Engineering,NOC:Introduction To Fluid Mechanics,Prof. Suman Chakraborty,IIT Kharagpur,https://nptel.ac.in/courses/112105269
Mechanical Engineering,NOC:Conduction And Convection Heat Transfer,"Prof. S. Chakraborty, Prof. Sankar Kumar Som",IIT Kharagpur,https://nptel.ac.in/courses/112105271
Mechanical Engineering,NOC:Finite Element Method,Prof. Biswanath Banerjee Prof. Amit Shaw,IIT Kharagpur,https://nptel.ac.in/courses/112105308
Mechanical Engineering,NOC:Product Engineering And Design Thinking,"Prof. Prabir Sarkar, Prof. Pranab K Dan",IIT Kharagpur,https://nptel.ac.in/courses/112105316
Mechanical Engineering,NOC:Cryogenic Hydrogen Technology,Prof. Indranil Ghosh,IIT Kharagpur,https://nptel.ac.in/courses/112105422
Mechanical Engineering,NOC:Industrial Hydraulics And Automation,"Prof. Ajit Kumar, Prof. Niranjan Kumar",IIT-ISM Dhanbad,https://nptel.ac.in/courses/112105423
Mechanical Engineering,Collaborative Robots (COBOTS): Theory And Practice,Prof. Arun Dayal Udai,IIT-ISM Dhanbad,https://nptel.ac.in/courses/112105621
Mechanical Engineering,NOC:Finite Element Method In Thermal Engineering,Prof. Subhankar Sen,IIT-ISM Dhanbad,https://nptel.ac.in/courses/112105908
Mechanical Engineering,NOC:Gas Turbines & Jet Engines,Prof. Anirban Bhattacharya,IIT Bhubaneswar,https://nptel.ac.in/courses/112105909
Mechanical Engineering,NOC:Computer Integrated Manufacturing: From Concept To Implementation,Prof. Sankha Deb,IIT Kharagpur,https://nptel.ac.in/courses/112105910
Mechanical Engineering,NOC:Engineering Mechanics Statics And Dynamics,Prof. Anubhab Roy,IIT Madras,https://nptel.ac.in/courses/112106180
Mechanical Engineering,NOC:Transport Phenomena In Materials,Prof. G. Phanikumar,IIT Madras,https://nptel.ac.in/courses/112106237
Mechanical Engineering,NOC:Experimental Stress Analysis: An Overview,Prof. K. Ramesh,IIT Madras,https://nptel.ac.in/courses/112106247
Mechanical Engineering,NOC:Fundamentals Of Combustion For Propulsion,"Prof. H S Mukunda, Prof. S Varunkumar",IIT Madras,https://nptel.ac.in/courses/112106290
Mechanical Engineering,NOC:Wheeled Mobile Robots,"Prof. Asokan Thondiyath, Prof. Santhakumar Mohan",IITM IIT Palakkad,https://nptel.ac.in/courses/112106298
Mechanical Engineering,NOC:Fundamentals Of Combustion,Prof. V. Raghavan,IIT Madras,https://nptel.ac.in/courses/112106299
Mechanical Engineering,NOC:Oil Hydraulics And Pneumatics,Prof. Somashekhar S,IIT Madras,https://nptel.ac.in/courses/112106300
Mechanical Engineering,NOC:Strength Of Materials - IITM,"Prof. Hariprasad, Prof. K. Ramesh",IIT Madras,https://nptel.ac.in/courses/112106319
Mechanical Engineering,NOC:Applied Thermodynamics,Prof. V. Raghavan,IIT Madras,https://nptel.ac.in/courses/112106419
Mechanical Engineering,NOC:Design Of Mechanical Transmission Systems,Prof. Ramkumar,IIT Madras,https://nptel.ac.in/courses/112106424
Mechanical Engineering,"NOC:Manufacturing Of Turbines (Gas, Steam, Hydro And Wind)",Prof. Sunny Zafar,IIT Mandi,https://nptel.ac.in/courses/112106622
Mechanical Engineering,NOC:Microhydrodynamics,Prof. Anubhab Roy,IIT Madras,https://nptel.ac.in/courses/112106911
Mechanical Engineering,NOC:Foundations Of Continuum Mechanics,Prof. Gaurav Bhutani,IIT Mandi,https://nptel.ac.in/courses/112106912
Mechanical Engineering,NOC:Autotronics,Prof. Palani Iyamperumal Anand,IIT Indore,https://nptel.ac.in/courses/112106913
Mechanical Engineering,NOC:Advanced Refrigeration Systems,Prof. Jahar Sarkar,IIT (BHU) Varanasi,https://nptel.ac.in/courses/112106914
Mechanical Engineering,NOC:Two Phase Flow And Heat Transfer,Prof. Arup Kumar Das,IIT Roorkee,https://nptel.ac.in/courses/112107207
Mechanical Engineering,NOC:Convective Heat Transfer,Prof. Arup Kumar Das,IIT Roorkee,https://nptel.ac.in/courses/112107211
Mechanical Engineering,NOC:Modelling And Simulation Of Dynamic Systems,Prof. Pushparaj Mani Pathak,IIT Roorkee,https://nptel.ac.in/courses/112107214
Mechanical Engineering,NOC:Principles Of Casting Technology,Prof. P. K. Jha,IIT Roorkee,https://nptel.ac.in/courses/112107215
Mechanical Engineering,NOC:Steam And Gas Power Systems,Prof. Ravi Kumar,IIT Roorkee,https://nptel.ac.in/courses/112107216
Mechanical Engineering,NOC:Processing Of Polymers And Polymer Composites,Prof. Inderdeep Singh,IIT Roorkee,https://nptel.ac.in/courses/112107221
Mechanical Engineering,NOC:Operations Management,Prof. Inderdeep Singh,IIT Roorkee,https://nptel.ac.in/courses/112107238
Mechanical Engineering,NOC:Automatic Control,Prof. Anil Kumar,IIT Roorkee,https://nptel.ac.in/courses/112107240
Mechanical Engineering,NOC:Failure Analysis And Prevention,Prof. D. K. Dwivedi,IIT Roorkee,https://nptel.ac.in/courses/112107241
Mechanical Engineering,NOC:Mechanical Measurement System,Prof. Ravi Kumar,IIT Roorkee,https://nptel.ac.in/courses/112107242
Mechanical Engineering,"NOC:Fundamentals Of Surface Engineering: Mechanisms,Processes And Characterizations",Prof. D. K. Dwivedi,IIT Roorkee,https://nptel.ac.in/courses/112107248
Mechanical Engineering,NOC:Manufacturing Guidelines For Product Design,Prof. Inderdeep Singh,IIT Roorkee,https://nptel.ac.in/courses/112107258
Mechanical Engineering,NOC:Inspection And Quality Control In Manufacturing,Prof. Kaushik Pal,IIT Roorkee,https://nptel.ac.in/courses/112107259
Mechanical Engineering,NOC:Financial Mathematics,Prof. P. K. Jha,IIT Roorkee,https://nptel.ac.in/courses/112107260
Mechanical Engineering,NOC:Robotics And Control : Theory And Practice,"Prof. M. Felix Orlando, Prof. N. Sukavanam",IIT Roorkee,https://nptel.ac.in/courses/112107289
Mechanical Engineering,NOC:Acoustic Materials And Metamaterials,Prof. Sneha Singh,IIT Roorkee,https://nptel.ac.in/courses/112107290
Mechanical Engineering,NOC:Principles Of Industrial Engineering,Prof. D K Dwivedi,IIT Roorkee,https://nptel.ac.in/courses/112107292
Mechanical Engineering,NOC:Mechatronics,Prof. Pushparaj Mani Pathak,IIT Roorkee,https://nptel.ac.in/courses/112107298
Mechanical Engineering,NOC:Noise Control In Mechanical Systems,Prof. Sneha Singh,IIT Roorkee,https://nptel.ac.in/courses/112107619
Mechanical Engineering,NOC:Heat Transfer And Combustion In Multiphase Systems,Prof. Saptarshi Basu,IISc Bangalore,https://nptel.ac.in/courses/112108212
Mechanical Engineering,NOC:Introduction To Soft Matter,Prof. Aloke Kumar,IISc Bangalore,https://nptel.ac.in/courses/112108289
Mechanical Engineering,NOC:Robotics: Basics And Selected Advanced Concepts,Prof. Ashitava Ghosal,IISc Bangalore,https://nptel.ac.in/courses/112108298
Mechanical Engineering,NOC:Sound And Structural Vibration,Prof. Venkata R. Sonti,IISc Bangalore,https://nptel.ac.in/courses/112108308
Mechanical Engineering,NOC:Dynamics And Control Of Mechanical Systems,Prof. Ashitava Ghosal,IISc Bangalore,https://nptel.ac.in/courses/112108313
Mechanical Engineering,NOC:Statistical Thermodynamics For Engineers,Prof. Saptarshi Basu,IISc Bangalore,https://nptel.ac.in/courses/112108317
Mechanical Engineering,NOC:Advanced Measurement Techniques In Fluid Mechanics And Heat Transfer,Prof Saptarshi Basu,IISc Bangalore,https://nptel.ac.in/courses/112108615
Mechanical Engineering,NOC:Dynamic Behaviour Of Materials,Prof. Prasenjit Khanikar,IIT Guwahati,https://nptel.ac.in/courses/112103278
Mechanical Engineering,NOC:Plastic Working Of Metallic Materials,Prof. P. S. Robi,IIT Guwahati,https://nptel.ac.in/courses/112103279
Mechanical Engineering,NOC:Aircraft Propulsion,Prof. Vinayak N. Kulkarni,IIT Guwahati,https://nptel.ac.in/courses/112103281
Mechanical Engineering,NOC:Experimental Methods In Fluid Mechanics,Prof. Pranab K. Mondal,IIT Guwahati,https://nptel.ac.in/courses/112103290
Mechanical Engineering,NOC:Automation In Manufacturing,Prof. Shrikrishna N. Joshi,IIT Guwahati,https://nptel.ac.in/courses/112103293
Mechanical Engineering,NOC:Finite Element Method: Variational Methods To Computer Programming,"Prof. Arup Nandy, Prof. Atanu Banerjee",IIT Guwahati,https://nptel.ac.in/courses/112103295
Mechanical Engineering,NOC:Computational Continuum Mechanics,Prof. Sachin Singh Gautam,IIT Guwahati,https://nptel.ac.in/courses/112103296
Mechanical Engineering,NOC:Fundamentals Of Convective Heat Transfer,Prof. Amaresh Dalal,IIT Guwahati,https://nptel.ac.in/courses/112103297
Mechanical Engineering,NOC:Welding Application Technology,Prof. Pankaj Biswas,IIT Guwahati,https://nptel.ac.in/courses/112103305
Mechanical Engineering,NOC:Fundamentals Of Additive Manufacturing Technologies,Prof. Sajan Kapil,IIT Guwahati,https://nptel.ac.in/courses/112103306
Mechanical Engineering,NOC:Applied Thermodynamics,"Prof. Niranjan Sahoo, Prof. Pranab Kumar Mondal",IIT Guwahati,https://nptel.ac.in/courses/112103307
Mechanical Engineering,NOC:Laser Based Manufacturing,Prof. Shrikrishna N. Joshi,IIT Guwahati,https://nptel.ac.in/courses/112103312
Mechanical Engineering,NOC:Advanced Thermodynamics And Combustion,Prof. Niranjan Sahoo,IIT Guwahati,https://nptel.ac.in/courses/112103313
Mechanical Engineering,"NOC:Materials Processing (Casting, Forming And Welding)",Prof. Swarup Bag,IIT Guwahati,https://nptel.ac.in/courses/112103528
Mechanical Engineering,NOC:Industrial Engineering And Operations Research,Prof. Uday Shanker Dixit,IIT Guwahati,https://nptel.ac.in/courses/112103774
Mechanical Engineering,NOC:Acoustics,Prof. Nachiketa Tiwari,IIT Kanpur,https://nptel.ac.in/courses/112104026
Mechanical Engineering,Advanced Machining Processes,Prof. Vijay K. Jain,IIT Kanpur,https://nptel.ac.in/courses/112104028
Mechanical Engineering,NOC:Biomicroelectromechanical Systems,Prof. Shantanu Bhattacharya,IIT Kanpur,https://nptel.ac.in/courses/112104029
Mechanical Engineering,Computational Fluid Dynamics And Heat Transfer,Prof. Gautam Biswas,IIT Kanpur,https://nptel.ac.in/courses/112104030
Mechanical Engineering,Computer Aided Engineering Design,Dr. Anupam Saxena,IIT Kanpur,https://nptel.ac.in/courses/112104031
Mechanical Engineering,Engine Combustion,Prof. B.P. Pundir,IIT Kanpur,https://nptel.ac.in/courses/112104033
Mechanical Engineering,NOC:Mathematical Methods In Engineering And Science,Prof. Bhaskar Dasgupta,IIT Kanpur,https://nptel.ac.in/courses/112104035
Mechanical Engineering,Optical Measurement Techniques In Thermal Sciences,"Prof. K. Muralidhar, Prof. P.K. Panigrahi",IIT Kanpur,https://nptel.ac.in/courses/112104039
Mechanical Engineering,Principles Of Vibration Control,Prof. Bishakh Bhattacharya,IIT Kanpur,https://nptel.ac.in/courses/112104040
Mechanical Engineering,Basic Thermodynamics,"Prof. Gautam Biswas, Prof. Y.V.C. Rao",IIT Kanpur,https://nptel.ac.in/courses/112104113
Mechanical Engineering,Dynamics Of Machines,Prof. Amitabha Ghosh,IIT Kanpur,https://nptel.ac.in/courses/112104114
Mechanical Engineering,Finite Element Method,Prof. C.S. Upadhyay,IIT Kanpur,https://nptel.ac.in/courses/112104115
Mechanical Engineering,Finite Element Method,Prof. P.M. Dixit,IIT Kanpur,https://nptel.ac.in/courses/112104116
Mechanical Engineering,Fluid Machinery,"Prof. Gautam Biswas, Prof. S. Sarkar, Prof. Suman Chakraborty",IIT Kanpur,https://nptel.ac.in/courses/112104117
Mechanical Engineering,Fluid Mechanics,"Prof. Gautam Biswas, Prof. Suman Chakraborty",IIT Kanpur,https://nptel.ac.in/courses/112104118
Mechanical Engineering,Introduction To Turbulence,Prof. Gautam Biswas,IIT Kanpur,https://nptel.ac.in/courses/112104120
Mechanical Engineering,Kinematics Of Machines,Prof. Ashok K Mallik,IIT Kanpur,https://nptel.ac.in/courses/112104121
Mechanical Engineering,Materials Selection And Design,Prof. Bishakh Bhattacharya,IIT Kanpur,https://nptel.ac.in/courses/112104122
Mechanical Engineering,Modelling And Control Of Dynamic Electro-Mechanical System,Prof. Bishakh Bhattacharya,IIT Kanpur,https://nptel.ac.in/courses/112104158
Mechanical Engineering,Convective Heat And Mass Transfer,"Dr. Amaresh Dalal, Prof. Gautam Biswas",IIT Kanpur,https://nptel.ac.in/courses/112104159
Mechanical Engineering,Structural Health Monitoring Of Composites,"Prof. Anand Kumar , Prof. Bishakh Bhattacharya",IIT Kanpur,https://nptel.ac.in/courses/112104160
Mechanical Engineering,Mechanics Of Laminated Composite Structure,Prof. Nachiketa Tiwari,IIT Kanpur,https://nptel.ac.in/courses/112104161
Mechanical Engineering,Advanced Manufacturing Process For Micro System Fabrication,Dr. Shantanu Bhattacharya,IIT Kanpur,https://nptel.ac.in/courses/112104162
Mechanical Engineering,Introduction To Composites,Prof. Nachiketa Tiwari,IIT Kanpur,https://nptel.ac.in/courses/112104168
Mechanical Engineering,Engineering Drawing,Dr. Anupam Saxena,IIT Kanpur,https://nptel.ac.in/courses/112104172
Mechanical Engineering,"Smart Material, Adaptive Structures And Intelligent Mechanical Systems - IITK","Prof. Bishakh Bhattacharya, Prof. Nachiketa Tiwari",IIT Kanpur,https://nptel.ac.in/courses/112104173
Mechanical Engineering,Sound Propagation Through Media,Prof. Nachiketa Tiwari,IIT Kanpur,https://nptel.ac.in/courses/112104176
Mechanical Engineering,NOC:BioMEMS And Microsystems,Prof. Shantanu Bhattacharya,IIT Kanpur,https://nptel.ac.in/courses/112104181
Mechanical Engineering,NOC:Manufacturing Systems Technology Part I,Prof. Shantanu Bhattacharya,IIT Kanpur,https://nptel.ac.in/courses/112104188
Mechanical Engineering,NOC:Manufacturing Systems Technology Part II,Prof. Shantanu Bhattacharya,IIT Kanpur,https://nptel.ac.in/courses/112104189
Mechanical Engineering,NOC:Basics Of Finite Element Analysis-I,Prof. Nachiketa Tiwari,IIT Kanpur,https://nptel.ac.in/courses/112104193
Mechanical Engineering,NOC:Basics Of Noise And Its Measurements,Prof. Nachiketa Tiwari,IIT Kanpur,https://nptel.ac.in/courses/112104194
Mechanical Engineering,Manufacturing Systems Technology I & II,,IIT Kanpur,https://nptel.ac.in/courses/112104197
Mechanical Engineering,NOC:Principles Of Vibration Control,Prof. Bishakh Bhattacharya,IIT Kanpur,https://nptel.ac.in/courses/112104211
Mechanical Engineering,NOC:Fundamentals Of Acoustics,Prof. Nachiketa Tiwari,IIT Kanpur,https://nptel.ac.in/courses/112104212
Mechanical Engineering,NOC:Heat Treatment And Surface Hardening - II,Dr. Kallol Mondal,IIT Kanpur,https://nptel.ac.in/courses/112104219
Mechanical Engineering,NOC:Manufacturing Of Composites,Prof. J. Ramkumar,IIT Kanpur,https://nptel.ac.in/courses/112104221
Mechanical Engineering,NOC:Applied Ergonomics,Dr. Shantanu Bhattacharya,IIT Kanpur,https://nptel.ac.in/courses/112104222
Mechanical Engineering,NOC:Sustainability Through Green Manufacturing Systems: An Applied Approach,"Dr. Amandeep Singh, Dr. Deepu Philip",IIT Kanpur,https://nptel.ac.in/courses/112104225
Mechanical Engineering,NOC:Introduction To Composites,Prof. Nachiketa Tiwari,IIT Kanpur,https://nptel.ac.in/courses/112104229
Mechanical Engineering,NOC:Phase Equilibria In Materials (Nature & Properties Of Materials-II),Prof. Ashish Garg,IIT Kanpur,https://nptel.ac.in/courses/112104248
Mechanical Engineering,NOC:Advanced Composites,Prof. Nachiketa Tiwari,IIT Kanpur,https://nptel.ac.in/courses/112104249
Mechanical Engineering,NOC:Engineering Metrology,"Dr. Amandeep Singh, Prof. J. Ramkumar",IIT Kanpur,https://nptel.ac.in/courses/112104250
Mechanical Engineering,NOC:Smart Materials And Intelligent System Design,Prof. Bisakh Bhattacharya,IIT Kanpur,https://nptel.ac.in/courses/112104251
Mechanical Engineering,NOC:Design Practice - II,Prof. Shantanu Bhattacharya,IIT Kanpur,https://nptel.ac.in/courses/112104252
Mechanical Engineering,NOC:Rapid Manufacturing,"Prof. Amandeep Singh, Prof. J. Ramkumar",IIT Kanpur,https://nptel.ac.in/courses/112104265
Mechanical Engineering,NOC:Foundations Of Cognitive Robotics,Prof. Bishakh Bhattacharya,IIT Kanpur,https://nptel.ac.in/courses/112104293
Mechanical Engineering,NOC:Introduction To Robotics,Prof. Ashish Dutta,IIT Kanpur,https://nptel.ac.in/courses/112104298
Mechanical Engineering,NOC:Muffler Acoustics – Application To Automotive Exhaust Noise Control,Prof. Akhilesh Mimani,IIT Kanpur,https://nptel.ac.in/courses/112104299
Mechanical Engineering,NOC:Manufacturing Processes _ Casting And Joining,Prof. Sounak Kumar Choudhury,IIT Kanpur,https://nptel.ac.in/courses/112104301
Mechanical Engineering,NOC:Computational Fluid Dynamics And Heat Transfer,Prof. Gautam Biswas,IIT Kanpur,https://nptel.ac.in/courses/112104302
Mechanical Engineering,NOC:Production Technology: Theory And Practice,Prof. Sounak Kumar Choudhury,IIT Kanpur,https://nptel.ac.in/courses/112104304
Mechanical Engineering,NOC:Introduction To Turbomachinery,Prof. Subrata Sarkar,IIT Kanpur,https://nptel.ac.in/courses/112104305
Mechanical Engineering,NOC:Robot Motion Planning,Prof. Ashish Dutta,IIT Kanpur,https://nptel.ac.in/courses/112104308
Mechanical Engineering,NOC:Metal Additive Manufacturing,"Prof. Amandeep Singh Oberoi, Prof. Janakranjan Ramkumar",IIT Kanpur,https://nptel.ac.in/courses/112104312
Mechanical Engineering,NOC:Conduction And Convection: Fundamentals And Applications,"Prof. Gautam Biswas, Prof.Sameer Khandekar",IIT Kanpur,https://nptel.ac.in/courses/112104313
Mechanical Engineering,NOC:Applied Numerical Methods,Prof. Malay K. Das,IIT Kanpur,https://nptel.ac.in/courses/112104318
Mechanical Engineering,NOC:Social Innovation In Industry 4.0,"Prof. Amandeep Singh Oberoi, Prof. Janakranjan Ramkumar",IIT Kanpur,https://nptel.ac.in/courses/112104319
Mechanical Engineering,NOC:Basics Of Mechanical Engineering - 1,"Prof. Amandeep Singh Oberoi, Prof. Janakranjan Ramkumar",IIT Kanpur,https://nptel.ac.in/courses/112104526
Mechanical Engineering,NOC:Basics Of Mechanical Engineering - 2,"Prof. Amandeep Singh Oberoi, Prof. Janakranjan Ramkumar",IIT Kanpur,https://nptel.ac.in/courses/112104616
Mechanical Engineering,NOC:Basics Of Mechanical Engineering - 3,"Prof. Amandeep Singh Oberoi, Prof. Janakranjan Ramkumar",IIT Kanpur,https://nptel.ac.in/courses/112104769
Mechanical Engineering,Computational Fluid Dynamics,Prof. S. Chakraborty,IIT Kharagpur,https://nptel.ac.in/courses/112105045
Mechanical Engineering,Fundamentals Of Industrial Oil Hydraulics And Pneumatics,Prof. R.N. Maiti,IIT Kharagpur,https://nptel.ac.in/courses/112105046
Mechanical Engineering,Fundamentals Of Industrial Oil Hydraulics And Pneumatics,Prof. R.N. Maiti,IIT Kharagpur,https://nptel.ac.in/courses/112105047
Mechanical Engineering,Machinery Fault Diagnosis And Signal Processing,Prof. A.R. Mohanty,IIT Kharagpur,https://nptel.ac.in/courses/112105048
Mechanical Engineering,Solar Energy Technology,Prof. V.V. Satyamurty,IIT Kharagpur,https://nptel.ac.in/courses/112105050
Mechanical Engineering,Solar Energy Technology,Prof. V.V. Satyamurty,IIT Kharagpur,https://nptel.ac.in/courses/112105051
Mechanical Engineering,Technology Of Surface Coating,Prof. A.K. Chattopadhyay,IIT Kharagpur,https://nptel.ac.in/courses/112105053
Mechanical Engineering,Vibration Of Structures,Prof. A. Dasgupta,IIT Kharagpur,https://nptel.ac.in/courses/112105054
Mechanical Engineering,Vibration Of Structures,Prof. A. Dasgupta,IIT Kharagpur,https://nptel.ac.in/courses/112105055
Mechanical Engineering,Basic Thermodynamics,Prof. Suman Chakraborty,IIT Kharagpur,https://nptel.ac.in/courses/112105123
Mechanical Engineering,Design Of Machine Elements I,"Prof. B. Maiti, Prof. G. Chakraborty, Prof. S.K. Roychowdhury",IIT Kharagpur,https://nptel.ac.in/courses/112105124
Mechanical Engineering,Design Of Machine Elements I,"Prof. B. Maiti, Prof. G. Chakraborty, Prof. S.K. Roychowdhury",IIT Kharagpur,https://nptel.ac.in/courses/112105125
Mechanical Engineering,Manufacturing Processes II,"Prof. A.B. Chattopadhyay, Prof. A.K. Chattopadhyay, Prof. S. Paul",IIT Kharagpur,https://nptel.ac.in/courses/112105126
Mechanical Engineering,Manufacturing Processes II,"Prof. A.B. Chattopadhyay, Prof. A.K. Chattopadhyay, Prof. S. Paul",IIT Kharagpur,https://nptel.ac.in/courses/112105127
Mechanical Engineering,Refrigeration And Air Conditioning,"Prof. M. Ramgopal, Prof. R.C. Arora",IIT Kharagpur,https://nptel.ac.in/courses/112105128
Mechanical Engineering,Refrigeration And Air Conditioning,Prof. M. Ramgopal,IIT Kharagpur,https://nptel.ac.in/courses/112105129
Mechanical Engineering,Mechanics,Prof. A. Dasgupta,IIT Kharagpur,https://nptel.ac.in/courses/112105164
Mechanical Engineering,Wave Propagation In Continuous Media,"Prof. A. Dasgupta, Prof. S.P. Kastagir",IIT Kharagpur,https://nptel.ac.in/courses/112105165
Mechanical Engineering,Fluid Mechanics,Prof. Suman Chakraborty,IIT Kharagpur,https://nptel.ac.in/courses/112105171
Mechanical Engineering,Introduction To Fluid Machines And Compressible Flow,Prof. Suman Chakraborty,IIT Kharagpur,https://nptel.ac.in/courses/112105182
Mechanical Engineering,Introduction To Fluid Mechanics And Fluid Engineering,Prof. S. Chakraborty,IIT Kharagpur,https://nptel.ac.in/courses/112105183
Mechanical Engineering,Micro Fluidics,Prof. S. Chakraborty,IIT Kharagpur,https://nptel.ac.in/courses/112105187
Mechanical Engineering,NOC:Vibrations Of Structures,Prof. A. Dasgupta,IIT Kharagpur,https://nptel.ac.in/courses/112105197
Mechanical Engineering,NOC:Fluid Machines,Prof. Suman Chakraborty,IIT Kharagpur,https://nptel.ac.in/courses/112105206
Mechanical Engineering,NOC:Computer Numerical Control (CNC) Of Machine Tools And Processes,Prof. Asimava Roy Choudhury,IIT Kharagpur,https://nptel.ac.in/courses/112105211
Mechanical Engineering,"NOC:Non Traditional Abrasive Machining Processes- Ultrasonic, Abrasive Jet And Abrasive Water Jet Machining",Prof. Asimava Roy Choudhury,IIT Kharagpur,https://nptel.ac.in/courses/112105212
Mechanical Engineering,NOC:Advanced Fluid Mechanics,Prof. Suman Chakraborty,IIT Kharagpur,https://nptel.ac.in/courses/112105218
Mechanical Engineering,NOC:Spur And Helical Gear Cutting,Prof. Asimava Roychoudhury,IIT Kharagpur,https://nptel.ac.in/courses/112105219
Mechanical Engineering,NOC:Laws Of Thermodynamics,Prof. Suman Chakraborty,IIT Kharagpur,https://nptel.ac.in/courses/112105220
Mechanical Engineering,NOC:Energy Conservation And Waste Heat Recovery,"Prof. A Bhattacharya, Prof. Prasanta Kumar Das",IIT Kharagpur,https://nptel.ac.in/courses/112105221
Mechanical Engineering,NOC:Gear And Gear Unit Design : Theory And Practice,Prof. Rathindranath Maiti,IIT Kharagpur,https://nptel.ac.in/courses/112105234
Mechanical Engineering,NOC:Traditional And Non-Traditional Optimization Tools,Prof. Dilip Kumar Pratihar,IIT Kharagpur,https://nptel.ac.in/courses/112105235
Mechanical Engineering,NOC:Mechanism And Robot Kinematics,Prof. Anirvan Dasgupta,IIT Kharagpur,https://nptel.ac.in/courses/112105236
Mechanical Engineering,NOC:Heat Exchangers: Fundamentals And Design Analysis,"Prof. Indranil Ghosh, Prof. Prasanta Kumar Das",IIT Kharagpur,https://nptel.ac.in/courses/112105248
Mechanical Engineering,NOC:Robotics,Prof. Dk Pratihar,IIT Kharagpur,https://nptel.ac.in/courses/112105249
Mechanical Engineering,NOC: Computational Fluid Dynamics,Prof. Suman Chakraborty,IIT Kharagpur,https://nptel.ac.in/courses/112105254
Mechanical Engineering,NOC:Concepts Of Thermodynamics,"Prof. Aditya Bandopadhyay, Prof. Suman Chakraborty",IIT Kharagpur,https://nptel.ac.in/courses/112105266
Mechanical Engineering,NOC:Advanced Concepts In Fluid Mechanics,"Prof. Aditya Bandopadhyay, Prof. S. Chakraborty",IIT Kharagpur,https://nptel.ac.in/courses/112105287
Mechanical Engineering,NOC:High Performance Computing For Scientists And Engineers,Prof. Somnath Roy,IIT Kharagpur,https://nptel.ac.in/courses/112105293
Mechanical Engineering,NOC:Engineering Drawing And Computer Graphics,Prof. Rajaram Lakkaraju,IIT Kharagpur,https://nptel.ac.in/courses/112105294
Mechanical Engineering,NOC:Tools In Scientific Computing,Prof. Aditya Bandopadhyay,IIT Kharagpur,https://nptel.ac.in/courses/112105299
Mechanical Engineering,NOC:Advanced Dynamics,Prof. Anirvan DasGupta,IIT Kharagpur,https://nptel.ac.in/courses/112105304
Mechanical Engineering,NOC:Biomechanics Of Joints And Orthopaedic Implants,Prof. Sanjay Gupta,IIT Kharagpur,https://nptel.ac.in/courses/112105305
Mechanical Engineering,"NOC:Elements Of Metal Cutting, Machine Tools, Gear Cutting And CNC Machining",Prof. Asimava Roy Choudhury,IIT Kharagpur,https://nptel.ac.in/courses/112105306
Mechanical Engineering,NOC:Microfluidics And Nanofluidics,Prof. Suman Chakraborty,IIT Kharagpur,https://nptel.ac.in/courses/112105318
Mechanical Engineering,NOC:Industrial Robotics : Theories For Implementation,Prof. Arun Dayal Udai,IIT-ISM Dhanbad,https://nptel.ac.in/courses/112105319
Mechanical Engineering,NOC:Applied Elasticity,Prof. Soham Roychowdhury,IIT Bhubaneshwar,https://nptel.ac.in/courses/112105770
Mechanical Engineering,NOC:Fundamentals Of Heat Transfer,Prof. Somnath Roy,IIT Kharagpur,https://nptel.ac.in/courses/112105771
Mechanical Engineering,Advanced Gas Dynamics,Dr. Rinku Mukherjee,IIT Madras,https://nptel.ac.in/courses/112106056
Mechanical Engineering,Computational Fluid Dynamics For Turbomachinery,"Dr. Y.V.S.S. Sanyasiraju, Prof. B.V.S.S.S. Prasad",IIT Madras,https://nptel.ac.in/courses/112106061
Mechanical Engineering,NOC:Design And Optimization Of Energy Systems,Prof. C. Balaji,IIT Madras,https://nptel.ac.in/courses/112106064
Mechanical Engineering,NOC:Engineering Fracture Mechanics,"Prof. Hariprasad, Prof. K. Ramesh",IIT Madras,https://nptel.ac.in/courses/112106065
Mechanical Engineering,Experimental Stress Analysis,Prof. K. Ramesh,IIT Madras,https://nptel.ac.in/courses/112106068
Mechanical Engineering,Random Vibrations & Failure Analysis,Dr. Sayan Gupta,IIT Madras,https://nptel.ac.in/courses/112106072
Mechanical Engineering,Rocket Propulsion,Prof. K. Ramamurthi,IIT Madras,https://nptel.ac.in/courses/112106073
Mechanical Engineering,Advanced Finite Elements Analysis,Dr. R. Krishnakumar,IIT Madras,https://nptel.ac.in/courses/112106130
Mechanical Engineering,Advanced Operations Research,Prof. G. Srinivasan,IIT Madras,https://nptel.ac.in/courses/112106131
Mechanical Engineering,Applied Thermodynamics,"Prof. J.M. Mallikarjuna, Prof. T. Sundararajan, Prof. U.S. Premananda Shet",IIT Madras,https://nptel.ac.in/courses/112106133
Mechanical Engineering,Fundamentals Of Operations Research,Prof. G. Srinivasan,IIT Madras,https://nptel.ac.in/courses/112106134
Mechanical Engineering,Introduction To Finite Element Method,Dr. R. Krishnakumar,IIT Madras,https://nptel.ac.in/courses/112106135
Mechanical Engineering,Machine Design II,"Prof. K. Gopinath, Prof. M.M. Mayuram",IIT Madras,https://nptel.ac.in/courses/112106137
Mechanical Engineering,Mechanical Measurements And Metrology,"Prof. S.P. Venkateshan, Prof. Shunmugam M. S",IIT Madras,https://nptel.ac.in/courses/112106138
Mechanical Engineering,Mechanical Measurements And Metrology,"Prof. S.P. Venkateshan, Prof. Shunmugam M. S",IIT Madras,https://nptel.ac.in/courses/112106139
Mechanical Engineering,Principles Of Mechanical Measurements,Prof. R. Raman,IIT Madras,https://nptel.ac.in/courses/112106140
Mechanical Engineering,Strength Of Materials,Prof. M.S. Sivakumar,IIT Madras,https://nptel.ac.in/courses/112106141
Mechanical Engineering,Forming,Dr. R. Chandramouli,IIT Madras,https://nptel.ac.in/courses/112106153
Mechanical Engineering,NOC:Spray Theory And Applications,Prof. Mahesh V Panchagnula,IIT Madras,https://nptel.ac.in/courses/112106154
Mechanical Engineering,Conduction And Radiation,Prof. C. Balaji,IIT Madras,https://nptel.ac.in/courses/112106155
Mechanical Engineering,Gas Dynamics And Propulsion,Prof. V. Babu,IIT Madras,https://nptel.ac.in/courses/112106166
Mechanical Engineering,Microfluidics,Dr. Ashis Kumar Sen,IIT Madras,https://nptel.ac.in/courses/112106169
Mechanical Engineering,Convective Heat Transfer,"Dr. Arvind Pattamatta, Prof. Ajit K. Kolar",IIT Madras,https://nptel.ac.in/courses/112106170
Mechanical Engineering,Fluid Power Control,Prof. Jagadeesha T,IIT Madras,https://nptel.ac.in/courses/112106175
Mechanical Engineering,NOC:Explosions And Safety,"Prof. K. Ramamurthi, Prof. Prasad Patnaik BSV",IIT Madras,https://nptel.ac.in/courses/112106177
Mechanical Engineering,Metrology,Dr. K. Sadashivappa,IIT Madras,https://nptel.ac.in/courses/112106179
Mechanical Engineering,NOC:Foundation Of Computational Fluid Dynamics,Prof. Vengadesan,IIT Madras,https://nptel.ac.in/courses/112106186
Mechanical Engineering,NOC:Introduction To Boundary Layers,Prof. Rinku Mukherjee,IIT Madras,https://nptel.ac.in/courses/112106190
Mechanical Engineering,NOC:Fundamentals Of Gas Dynamics,Prof. Sameen. A,IIT Madras,https://nptel.ac.in/courses/112106196
Mechanical Engineering,NOC:Experimental Stress Analysis:An Overview,Prof. K. Ramesh,IIT Madras,https://nptel.ac.in/courses/112106198
Mechanical Engineering,NOC:Fluid Dynamics And Turbomachines,"Prof. Dhiman Chatterjee, Prof. Shamit Bakshi",IIT Madras,https://nptel.ac.in/courses/112106200
Mechanical Engineering,NOC:Micro And Nano Scale Energy Transport,Prof. Arvind Pattamatta,IIT Madras,https://nptel.ac.in/courses/112106222
Mechanical Engineering,NOC:Electron Diffraction And Imaging,Prof. Sundararaman M,IIT Madras,https://nptel.ac.in/courses/112106223
Mechanical Engineering,NOC:Acoustic And Noise Control,Prof. Abijith Sarkar,IIT Madras,https://nptel.ac.in/courses/112106225
Mechanical Engineering,NOC:Steel Quality : Role Of Secondary Refining & Continuous Casting,Prof. Santanu Kr. Ray,IIT Madras,https://nptel.ac.in/courses/112106226
Mechanical Engineering,NOC:Mechanics Of Human Movement,Prof. Sujatha Srinivasan,IIT Madras,https://nptel.ac.in/courses/112106248
Mechanical Engineering,"NOC:Design For Quality, Manufacturing And Assembly",Prof. Palaniappan Ramu,IIT Madras,https://nptel.ac.in/courses/112106249
Mechanical Engineering,NOC:Surrogates And Approximations In Engineering Design,Prof. Palaniappaan Ramu,IIT Madras,https://nptel.ac.in/courses/112106250
Mechanical Engineering,NOC: Steel Quality : Role Of Secondary Refining & Continuous Casting,Prof. Santanu Kr. Ray,IIT Madras,https://nptel.ac.in/courses/112106253
Mechanical Engineering,Theory Of Mechanisms,Prof. Sujatha Srinivasan,IIT Madras,https://nptel.ac.in/courses/112106270
Mechanical Engineering,NOC:Engineering Mechanics,"Prof. K. Ramesh, Prof. Tarkes Dora Pallicity",IIT Madras,https://nptel.ac.in/courses/112106286
Mechanical Engineering,NOC:Foundations Of Computational Materials Modelling,Prof. Narasimhan Swaminathan,IIT Madras,https://nptel.ac.in/courses/112106289
Mechanical Engineering,NOC:Basics Of Materials Engineering,Prof. Ratna Kumar Annabattula,IIT Madras,https://nptel.ac.in/courses/112106293
Mechanical Engineering,NOC:Computational Fluid Dynamics Using Finite Volume Method,Prof. Kameswararao Anupindi,IIT Madras,https://nptel.ac.in/courses/112106294
Mechanical Engineering,Introduction To Turbomachines,Prof. Babu Viswanathan,IIT Madras,https://nptel.ac.in/courses/112106303
Mechanical Engineering,NOC:Mechanics And Control Of Robotic Manipulators,Prof. Santhakumar Mohan,IIT Palakkad,https://nptel.ac.in/courses/112106304
Mechanical Engineering,Inverse Methods In Heat Transfer,"Prof. C.Balaji, Prof.S. Balaji",IIT Madras,https://nptel.ac.in/courses/112106309
Mechanical Engineering,Engineering Thermodynamics,Prof. Babu Viswanathan,IIT Madras,https://nptel.ac.in/courses/112106310
Mechanical Engineering,Applied Mechanics - Fluid Mechanics Laboratory,,IIT Madras,https://nptel.ac.in/courses/112106311
Mechanical Engineering,NOC:Interfacial Fluid Mechanics,Prof. Harish N Dixit,IIT Hyderabad,https://nptel.ac.in/courses/112106312
Mechanical Engineering,Applied Thermodynamics,Prof. Babu Viswanathan,IIT Madras,https://nptel.ac.in/courses/112106314
Mechanical Engineering,Heat Transfer,Prof .Dr.C. Balaji,IIT Madras,https://nptel.ac.in/courses/112106315
Mechanical Engineering,NOC:Inverse Methods In Heat Transfer,Prof. Balaji Srinivasan,IIT Madras,https://nptel.ac.in/courses/112106316
Mechanical Engineering,NOC:Sustainable Energy Technology,Prof. Sayak Banerjee,IIT Hyderabad,https://nptel.ac.in/courses/112106318
Mechanical Engineering,NOC:Engineering Thermodynamics,Prof. V. Raghavan,IIT Madras,https://nptel.ac.in/courses/112106320
Mechanical Engineering,NOC:Theory Of Fire Propagation (Fire Dynamics),Prof. V. Raghavan,IIT Madras,https://nptel.ac.in/courses/112106321
Mechanical Engineering,Data-Driven Models For Unsteady Fluid Flow,Assistant Professor.Aditya G. Nair,University Of Nevada Reno,https://nptel.ac.in/courses/112106322
Mechanical Engineering,NOC:Turbulence Modeling,Prof. Vagesh D Narasimhamurthy,IIT Madras,https://nptel.ac.in/courses/112106453
Mechanical Engineering,NOC:Advanced Fluid Mechanics,Prof. Anubhab Roy,IIT Madras,https://nptel.ac.in/courses/112106768
Mechanical Engineering,NOC:Microrobotics,Prof. I. A. Palani,IIT Indore,https://nptel.ac.in/courses/112106772
Mechanical Engineering,Advanced Manufacturing Processes,"Dr. A. K. Sharma, Dr. Pradeep Kumar",IIT Roorkee,https://nptel.ac.in/courses/112107077
Mechanical Engineering,Advanced Manufacturing Processes,Dr. A. K. Sharma,IIT Roorkee,https://nptel.ac.in/courses/112107078
Mechanical Engineering,Computational Fluid Dynamics,Dr. K. M. Singh,IIT Roorkee,https://nptel.ac.in/courses/112107079
Mechanical Engineering,Computational Fluid Dynamics,Dr. K. M. Singh,IIT Roorkee,https://nptel.ac.in/courses/112107080
Mechanical Engineering,Metal Casting,Dr. D. B. Karunakar,IIT Roorkee,https://nptel.ac.in/courses/112107083
Mechanical Engineering,Metal Casting,"Dr. D. B. Karunakar, Dr. Pradeep Kumar",IIT Roorkee,https://nptel.ac.in/courses/112107084
Mechanical Engineering,Processing Of Non Metals,Dr. Inderdeep Singh,IIT Roorkee,https://nptel.ac.in/courses/112107085
Mechanical Engineering,Processing Of Non Metals,Dr. Inderdeep Singh,IIT Roorkee,https://nptel.ac.in/courses/112107086
Mechanical Engineering,Vibration Control,Dr. S. P. Harsha,IIT Roorkee,https://nptel.ac.in/courses/112107087
Mechanical Engineering,Vibration Control,Dr. S. P. Harsha,IIT Roorkee,https://nptel.ac.in/courses/112107088
Mechanical Engineering,Welding Engineering,Dr. D. K. Dwivedi,IIT Roorkee,https://nptel.ac.in/courses/112107089
Mechanical Engineering,Welding Engineering,Dr. D. K. Dwivedi,IIT Roorkee,https://nptel.ac.in/courses/112107090
Mechanical Engineering,Industrial Engineering,"Dr. Pradeep Kumar, Prof. H.S. Shan, Prof. P.K. Jain",IIT Roorkee,https://nptel.ac.in/courses/112107142
Mechanical Engineering,Industrial Engineering,"Dr. D. K. Dwivedi, Dr. Inderdeep Singh , Dr. Pradeep Kumar, Prof. P.K. Jain",IIT Roorkee,https://nptel.ac.in/courses/112107143
Mechanical Engineering,Manufacturing Processes I,"Dr. Pradeep Kumar, Prof. H.S. Shan, Prof. S.R. Gupta",IIT Roorkee,https://nptel.ac.in/courses/112107144
Mechanical Engineering,Manufacturing Processes I,"Dr. D. B. Karunakar, Dr. D. K. Dwivedi, Dr. Inderdeep Singh",IIT Roorkee,https://nptel.ac.in/courses/112107145
Mechanical Engineering,Strength Of Materials,Dr. Satish C Sharma,IIT Roorkee,https://nptel.ac.in/courses/112107146
Mechanical Engineering,Strength Of Materials,Dr. S. P. Harsha,IIT Roorkee,https://nptel.ac.in/courses/112107147
Mechanical Engineering,NOC:Refrigeration And Air-Conditioning,Prof. Ravi Kumar,IIT Roorkee,https://nptel.ac.in/courses/112107208
Mechanical Engineering,NOC:Engineering Economic Analysis,Prof. Pradeep K. Jha,IIT Roorkee,https://nptel.ac.in/courses/112107209
Mechanical Engineering,NOC:Introduction To Mechanical Vibration,Prof. Anil Kumar,IIT Roorkee,https://nptel.ac.in/courses/112107212
Mechanical Engineering,NOC:Joining Technologies For Metals,Prof. D. K. Dwivedi,IIT Roorkee,https://nptel.ac.in/courses/112107213
Mechanical Engineering,NOC:Product Design And Development,Prof. Inderdeep Singh,IIT Roorkee,https://nptel.ac.in/courses/112107217
Mechanical Engineering,NOC:Fundamentals Of Manufacturing Processes,"Prof. D. K. Dwivedi, Prof. Shamik Basak",IIT Roorkee,https://nptel.ac.in/courses/112107219
Mechanical Engineering,NOC:Modelling And Simulation Of Discrete Event System,Prof. P. Kumar Jha,IIT Roorkee,https://nptel.ac.in/courses/112107220
Mechanical Engineering,NOC:Theory Of Production Processes,Prof. P. K. Jha,IIT Roorkee,https://nptel.ac.in/courses/112107239
Mechanical Engineering,NOC:Work System Design,Prof. Inderdeep Singh,IIT Roorkee,https://nptel.ac.in/courses/112107249
Mechanical Engineering,NOC:Principles Of Metal Forming Technology,Prof. P. K. Jha,IIT Roorkee,https://nptel.ac.in/courses/112107250
Mechanical Engineering,NOC:Radiative Heat Transfer,Prof. Ankit Bansal,IIT Roorkee,https://nptel.ac.in/courses/112107256
Mechanical Engineering,NOC:Weldability Of Metals,Prof. D. K. Dwivedi,IIT Roorkee,https://nptel.ac.in/courses/112107257
Mechanical Engineering,NOC:Product Design Using Value Engineering,Prof. Inderdeep Singh,IIT Roorkee,https://nptel.ac.in/courses/112107282
Mechanical Engineering,NOC:Selection Of Nanomaterials For Energy Harvesting And Storage Application,Prof. Kaushik Pal,IIT Roorkee,https://nptel.ac.in/courses/112107283
Mechanical Engineering,NOC:Power Plant Engineering,Prof. Ravi Kumar,IIT Roorkee,https://nptel.ac.in/courses/112107291
Mechanical Engineering,NOC:Mechanics,Prof. Anjani Kumar Tiwari,IIT Roorkee,https://nptel.ac.in/courses/112107539
Mechanical Engineering,"NOC:Material Processing (Metallurgical Aspects): Fundamental, And Practical",Prof. Dheerendra Kumar Dwivedi,IIT Roorkee,https://nptel.ac.in/courses/112107767
Mechanical Engineering,Computational Heat Transfer And Fluid Flow,Prof. Pradip Dutta,IISc Bangalore,https://nptel.ac.in/courses/112108091
Mechanical Engineering,Micro And Smart Systems,"Dr. K.J. Vinoy, Prof. G.K. Anathasuresh, Prof. K.N. Bhat, Prof. S. Gopalakrishnan",IISc Bangalore,https://nptel.ac.in/courses/112108092
Mechanical Engineering,Robotics: Advanced Concepts And Analysis,Prof. Ashitava Ghosal,IISc Bangalore,https://nptel.ac.in/courses/112108093
Mechanical Engineering,Basic Thermodynamics,"Prof. K. Srinivasan, Prof. Pradip Dutta",IISc Bangalore,https://nptel.ac.in/courses/112108148
Mechanical Engineering,Heat And Mass Transfer,Prof. Pradip Dutta,IISc Bangalore,https://nptel.ac.in/courses/112108149
Mechanical Engineering,Materials Science,Prof. Satish V Kailas,IISc Bangalore,https://nptel.ac.in/courses/112108150
Mechanical Engineering,NOC:Variational Methods In Mechanics,Prof. G.K. Anathasuresh,IISc Bangalore,https://nptel.ac.in/courses/112108201
Mechanical Engineering,NOC:Compliant Mechanisms: Principles And Design,Prof. G. K. Ananthasuresh,IISc Bangalore,https://nptel.ac.in/courses/112108211
Mechanical Engineering,NOC:Convective Heat Transfer,Prof. Saptarshi Basu,IISc Bangalore,https://nptel.ac.in/courses/112108246
Mechanical Engineering,NOC:A Short Lecture Series On Contour Integration In The Complex Plane,Prof. Venkata Sonti,IISc Bangalore,https://nptel.ac.in/courses/112108285
Mechanical Engineering,NOC:Vibrations Of Plates And Shells,Prof. Venkata R. Sonti,IISc Bangalore,https://nptel.ac.in/courses/112108312
Mechanical Engineering,NOC:Optical Methods For Solid And Fluid Mechanics,"Prof. Aloke Kumar, Prof. Koushik Viswanathan",IISc Bangalore,https://nptel.ac.in/courses/112108316
Mechanical Engineering,NOC:Fundamentals Of Acoustics,Prof. Venkata R. Sonti,IISc Bangalore,https://nptel.ac.in/courses/112108527
Mechanical Engineering,NOC:Structural Analysis Of Nanomaterials,Prof. Kaushik Pal,IIT Roorkee,https://nptel.ac.in/courses/113107081
Mechanical Engineering,Second Level Course In Heat Transfer,Prof. R.P. Vedula,IIT Bombay,https://nptel.ac.in/courses/112101001
Mechanical Engineering,Convective Heat And Mass Transfer,Prof. A.W. Date,IIT Bombay,https://nptel.ac.in/courses/112101002
Mechanical Engineering,Cryogenic Engineering,Prof. M.D. Atrey,IIT Bombay,https://nptel.ac.in/courses/112101004
Mechanical Engineering,Design For Manufacturing,Prof. A. De,IIT Bombay,https://nptel.ac.in/courses/112101005
Mechanical Engineering,Introduction To Nuclear Engineering,Prof. Kannan.N.Iyer,IIT Bombay,https://nptel.ac.in/courses/112101007
Mechanical Engineering,Advanced Strength Of Materials,Prof. S.K. Maiti,IIT Bombay,https://nptel.ac.in/courses/112101095
Mechanical Engineering,Dynamics Of Machines,"Prof. C. Amarnath, Prof. K. Kurien Issac, Prof. P. Seshu",IIT Bombay,https://nptel.ac.in/courses/112101096
Mechanical Engineering,Heat And Mass Transfer,"Prof. S.P. Sukhatme, Prof. U.N. Gaitonde",IIT Bombay,https://nptel.ac.in/courses/112101097
Mechanical Engineering,Robotics,"Prof. B. Seth, Prof. C. Amarnath, Prof. K. Kurien Issac, Prof. P. Seshu, Prof. P.S. Gandhi",IIT Bombay,https://nptel.ac.in/courses/112101098
Mechanical Engineering,Robotics,"Prof. B. Seth, Prof. C. Amarnath, Prof. K. Kurien Issac, Prof. P. Seshu, Prof. P.S. Gandhi",IIT Bombay,https://nptel.ac.in/courses/112101099
Mechanical Engineering,NOC:Design Of Mechatronic Systems,Prof. Prasanna Gandhi,IIT Bombay,https://nptel.ac.in/courses/112101304
Mechanical Engineering,NOC:Nonlinear Adaptive Control,Prof. Srikant Sukumar,IIT Bombay,https://nptel.ac.in/courses/112101312
Mechanical Engineering,NOC:Nonlinear Control Design,Prof. Srikant Sukumar,IIT Bombay,https://nptel.ac.in/courses/112101429
Mechanical Engineering,Automation & Controls,Dr. S. Jha,IIT Delhi,https://nptel.ac.in/courses/112102011
Mechanical Engineering,Tribology,Dr. Harish Hirani,IIT Delhi,https://nptel.ac.in/courses/112102014
Mechanical Engineering,Tribology,Dr. Harish Hirani,IIT Delhi,https://nptel.ac.in/courses/112102015
Mechanical Engineering,Computer Aided Design And Manufacturing,"Prof. Anoop Chawla, Prof. P.V. Madhusudan Rao",IIT Delhi,https://nptel.ac.in/courses/112102101
Mechanical Engineering,Computer Aided Design And Manufacturing I,Prof. Anoop Chawla,IIT Delhi,https://nptel.ac.in/courses/112102102
Mechanical Engineering,Computer Aided Design And Manufacturing II,Prof. P.V. Madhusudan Rao,IIT Delhi,https://nptel.ac.in/courses/112102103
Mechanical Engineering,Project And Production Management,Prof. Arun Kanda,IIT Delhi,https://nptel.ac.in/courses/112102106
Mechanical Engineering,Project And Production Management,"Prof. Arun Kanda, Prof. S.G. Deshmukh",IIT Delhi,https://nptel.ac.in/courses/112102107
Mechanical Engineering,NOC:RAC Product Design,"Prof. Sanjeev Jain, Prof. Bhupinder Godara",IIT Delhi,https://nptel.ac.in/courses/112102248
Mechanical Engineering,NOC:Solid Mechanics,Prof. Ajeet Kumar,IIT Delhi,https://nptel.ac.in/courses/112102284
Mechanical Engineering,NOC:Engineering Graphics And Design,Prof. Naresh Datla And Prof. S.R. Kale,IIT Delhi,https://nptel.ac.in/courses/112102304
Mechanical Engineering,NOC:Experimental Modal Analysis,Prof. Subodh V. Modak,IIT Delhi,https://nptel.ac.in/courses/112102318
Mechanical Engineering,NOC:Mechanical Behavior Of Polymers And Composites,Prof. Naresh V Datla,IIT Delhi,https://nptel.ac.in/courses/112102319
Mechanical Engineering,NOC:Design Of Precision Machines,Prof. Jitendra P. Khatait,IIT Delhi,https://nptel.ac.in/courses/112102773
Mechanical Engineering,Advanced Engineering Thermodynamics,Prof. P. Mahanta,IIT Guwahati,https://nptel.ac.in/courses/112103016
Mechanical Engineering,Engineering Drawing,Prof. P.S. Robi,IIT Guwahati,https://nptel.ac.in/courses/112103019
Mechanical Engineering,Gas Dynamics,Dr. Vinayak Kulkarni,IIT Guwahati,https://nptel.ac.in/courses/112103021
Mechanical Engineering,Nonlinear Vibration,Prof. S.K. Dwivedy,IIT Guwahati,https://nptel.ac.in/courses/112103022
Mechanical Engineering,Nonlinear Vibration,Prof. S.K. Dwivedy,IIT Guwahati,https://nptel.ac.in/courses/112103023
Mechanical Engineering,Theory & Practice Of Rotor Dynamics,Prof. Rajiv Tiwari,IIT Guwahati,https://nptel.ac.in/courses/112103024
Mechanical Engineering,Theory & Practice Of Rotor Dynamics,Prof. Rajiv Tiwari,IIT Guwahati,https://nptel.ac.in/courses/112103025
Mechanical Engineering,Engineering Mechanics,"Dr. G. Saravana Kumar, Prof. U.S. Dixit",IIT Guwahati,https://nptel.ac.in/courses/112103108
Mechanical Engineering,Engineering Mechanics,Prof. U.S. Dixit,IIT Guwahati,https://nptel.ac.in/courses/112103109
Mechanical Engineering,Mechanical Vibrations,"Prof. Rajiv Tiwari, Prof. S.K. Dwivedy",IIT Guwahati,https://nptel.ac.in/courses/112103111
Mechanical Engineering,Mechanical Vibrations,"Prof. Rajiv Tiwari, Prof. S.K. Dwivedy",IIT Guwahati,https://nptel.ac.in/courses/112103112
Mechanical Engineering,Continuum Mechanics,A. Narayana Reddy,IIT Guwahati,https://nptel.ac.in/courses/112103167
Mechanical Engineering,Mechatronics And Manufacturing Automation,Dr. Shrikrishna N. Joshi,IIT Guwahati,https://nptel.ac.in/courses/112103174
Mechanical Engineering,NOC:Advanced Machining Processes,Prof. Manas Das,IIT Guwahati,https://nptel.ac.in/courses/112103202
Mechanical Engineering,NOC:Advances In Welding And Joining Technologies,Prof. Swarup Bag,IIT Guwahati,https://nptel.ac.in/courses/112103244
Mechanical Engineering,NOC:Principle Of Hydraulic Machines And System Design,Prof. Pranab K. Mondal,IIT Guwahati,https://nptel.ac.in/courses/112103249
Mechanical Engineering,NOC:Principles Of Mechanical Measurement,Prof. Dipankar N. Basu,IIT Guwahati,https://nptel.ac.in/courses/112103261
Mechanical Engineering,NOC:Polymer Assisted Abrasive Finishing Processes,Prof. M. Ravi Sankar,IIT Guwahati,https://nptel.ac.in/courses/112103264
Mechanical Engineering,NOC:Mathematical Modeling Of Manufacturing Processes,Prof. Swarup Bag,IIT Guwahati,https://nptel.ac.in/courses/112103273
Mechanical Engineering,NOC:Two-Phase Flow With Phase Change In Conventional And Miniature Channels,Prof. Manmohan Pandey,IIT Guwahati,https://nptel.ac.in/courses/112103274
Mechanical Engineering,NOC:Applied Thermodynamics For Engineers,Prof. Dipankar N. Basu,IIT Guwahati,https://nptel.ac.in/courses/112103275
Mechanical Engineering,NOC:Fundamentals Of Conduction And Radiation,"Prof. Amaresh Dalal, Prof. Dipankar N Basu",IIT Guwahati,https://nptel.ac.in/courses/112103276
Mechanical Engineering,NOC:Steam Power Engineering,Prof. Vinayak N. Kulkarni,IIT Guwahati,https://nptel.ac.in/courses/112103277
Mechanical Engineering,NOC:Thermodynamics,Prof. Anand T. N. C,IIT Palakkad,https://nptel.ac.in/courses/127106135
Metallurgy And Material Science,"NOC:Dealing With Materials Data : Collection, Analysis And Interpretation","Dr. M.P. Gururajan, Prof. Hina Gokhale",IIT Bombay,https://nptel.ac.in/courses/113101096
Metallurgy And Material Science,NOC:Aqueous Corrosion And Its Control,Prof. V. S. Raja,IIT Bombay,https://nptel.ac.in/courses/113101098
Metallurgy And Material Science,NOC:Cathodic Protection Engineering,Prof. V.S. Raja,IIT Bombay,https://nptel.ac.in/courses/113101099
Metallurgy And Material Science,NOC:Introduction To Materials Science And Engineering,Prof. Rajesh Prasad,IIT Delhi,https://nptel.ac.in/courses/113102080
Metallurgy And Material Science,NOC:Introduction To Crystal Elasticity And Crystal Plasticity,Prof. Swarup Bag,IIT Guwahati,https://nptel.ac.in/courses/113103072
Metallurgy And Material Science,NOC:Phase Diagrams In Materials Science And Engineering,Prof. Krishanu Biswas,IIT Kanpur,https://nptel.ac.in/courses/113104068
Metallurgy And Material Science,NOC:Corrosion - Part I,Prof. Kallol Mondal,IIT Kanpur,https://nptel.ac.in/courses/113104082
Metallurgy And Material Science,"NOC:Solar Photovoltaics: Principles, Technologies & Materials",Prof. Ashish Garg,IIT Kanpur,https://nptel.ac.in/courses/113104084
Metallurgy And Material Science,NOC:Defects In Crystalline Solids (Part-II),Prof. Shashank Shekhar,IIT Kanpur,https://nptel.ac.in/courses/113104085
Metallurgy And Material Science,NOC:Properties Of Materials (Nature And Properties Of Materials : III),Prof. Ashish Garg,IIT Kanpur,https://nptel.ac.in/courses/113104096
Metallurgy And Material Science,NOC:Diffusion In Multicomponent Solids,Prof. Kaustubh Kulkarni,IIT Kanpur,https://nptel.ac.in/courses/113104097
Metallurgy And Material Science,NOC:Mechanical Behaviour Of Materials (Part – I),Prof. Shashank Shekhar Prof. Sudhanshu Shekhar Singh,IIT Kanpur,https://nptel.ac.in/courses/113104104
Metallurgy And Material Science,NOC:Corrosion Protection Methods,Prof. Kallol Mondal,IIT Kanpur,https://nptel.ac.in/courses/113104108
Metallurgy And Material Science,"NOC:Crystal Symmetry, X-Ray Diffraction And Physical Properties",Prof. Sandeep Sangal,IIT Kanpur,https://nptel.ac.in/courses/113104634
Metallurgy And Material Science,NOC:Mechanical Behavior Of Materials (Hindi),Prof. Niraj Mohan Chawake,IIT Kanpur,https://nptel.ac.in/courses/113104636
Metallurgy And Material Science,NOC:Surface Engineering For Corrosion And Wear Resistance Application,"Prof. I. Manna, Prof. Jyotsna Dutta Majumder",IIT Kharagpur,https://nptel.ac.in/courses/113105086
Metallurgy And Material Science,NOC:Bulk Material Transport And Handling Systems,Prof. Khanindra Pathak,IIT Kharagpur,https://nptel.ac.in/courses/113105104
Metallurgy And Material Science,NOC:Principles Of Extractive Metallurgy,Prof. Tarun Kumar Kundu,IIT Kharagpur,https://nptel.ac.in/courses/113105441
Metallurgy And Material Science,NOC:Clean Coal Technology,Prof. Barun Kumar Nandi,IIT-ISM Dhanbad,https://nptel.ac.in/courses/113105633
Metallurgy And Material Science,NOC:Material Characterization,Prof.S. Sankaran,IIT Madras,https://nptel.ac.in/courses/113106034
Metallurgy And Material Science,NOC:Fundamentals Of Electronic Materials And Devices,Prof. Parasuraman Swaminathan,IIT Madras,https://nptel.ac.in/courses/113106065
Metallurgy And Material Science,NOC:Theory And Practice Of Non Destructive Testing,Prof. Ranjit Bauri,IIT Madras,https://nptel.ac.in/courses/113106070
Metallurgy And Material Science,NOC:Welding Processes,Prof. Murugaiyan Amirthalingam,IIT Madras,https://nptel.ac.in/courses/113106087
Metallurgy And Material Science,NOC:Carbon Materials And Manufacturing,Prof. Swati Sharma,IIT Mandi,https://nptel.ac.in/courses/113106099
Metallurgy And Material Science,NOC:Diffusion In Solids,Prof. Mayur Vaidya,IIT Hyderabad,https://nptel.ac.in/courses/113106635
Metallurgy And Material Science,NOC:Transmission Electron Microscopy: Theory Of Imaging To Advanced Applications,Prof. Sai Rama Krishna Malladi,IIT Hyderabad,https://nptel.ac.in/courses/113106924
Metallurgy And Material Science,NOC:Surface Engineering Of Nanomaterials,Prof. Kaushik Pal,IIT Roorkee,https://nptel.ac.in/courses/113107075
Metallurgy And Material Science,NOC:Material Science And Engineering,Prof. Vivek Pancholi,IIT Roorkee,https://nptel.ac.in/courses/113107078
Metallurgy And Material Science,NOC:Welding Metallurgy,Prof. P. K. Jha,IIT Roorkee,https://nptel.ac.in/courses/113107092
Metallurgy And Material Science,NOC:Advanced Manufacturing And Process Modelling,Prof. Prosenjit Das,IISc Bangalore,https://nptel.ac.in/courses/113108631
Metallurgy And Material Science,NOC:Advances In Additive Manufacturing Of Materials: Current Status And Emerging Opportunities,Prof. Bikramjit Basu,IISc Bangalore,https://nptel.ac.in/courses/113108632
Metallurgy And Material Science,NOC:Materials Informatics,Prof. Sai Gautam Gopalakrishnan,IISc Bangalore,https://nptel.ac.in/courses/113108922
Metallurgy And Material Science,NOC:X-Ray Crystallography & Diffraction,"Prof. Ranjit Kumar Ray, Prof. Sankaran. S",IIEST Shibpur,https://nptel.ac.in/courses/112106227
Metallurgy And Material Science,Computational Approach To Materials Science And Engineering,"Dr. M.P. Gururajan, Dr. Prita Pant",IIT Bombay,https://nptel.ac.in/courses/113101002
Metallurgy And Material Science,Phase Transformations And Heat Treatment,Dr. M.P. Gururajan,IIT Bombay,https://nptel.ac.in/courses/113101003
Metallurgy And Material Science,"NOC:Phase Field Modelling: The Materials Science, Mathematics And Computational Aspects",Prof. M.P. Gururajan,IIT Bombay,https://nptel.ac.in/courses/113101072
Metallurgy And Material Science,"NOC:Crystals, Symmetry And Tensors",Prof. Rajesh Prasad,IIT Delhi,https://nptel.ac.in/courses/113102108
Metallurgy And Material Science,NOC:Corrosion/Environmental Degradation/Surface Engineering,Prof. (HAG) Harish Hirani,IIT Delhi,https://nptel.ac.in/courses/113102109
Metallurgy And Material Science,Advanced Characterization Techniques,"Dr. Krishanu Biswas, Prof.N.P.Gurao",IIT Kanpur,https://nptel.ac.in/courses/113104004
Metallurgy And Material Science,Electroceramics,Dr. Ashish Garg,IIT Kanpur,https://nptel.ac.in/courses/113104005
Metallurgy And Material Science,NOC:Electroceramics,Prof. Ashish Garg,IIT Kanpur,https://nptel.ac.in/courses/113104006
Metallurgy And Material Science,Fuels Refractory And Furnaces,Prof. Satish Ch. Koria,IIT Kanpur,https://nptel.ac.in/courses/113104008
Metallurgy And Material Science,Introduction To Biomaterials,"Dr. Birkamjit Basu, Dr. Kantesh Balani",IIT Kanpur,https://nptel.ac.in/courses/113104009
Metallurgy And Material Science,Materials And Energy Balance In Metallurgical Processes,Prof. Satish Ch. Koria,IIT Kanpur,https://nptel.ac.in/courses/113104010
Metallurgy And Material Science,Optoelectronic Materials And Devices,"Prof. Deepak Gupta, Prof. Monica Katiyar",IIT Kanpur,https://nptel.ac.in/courses/113104012
Metallurgy And Material Science,Steel Making,"Prof. Dipak Mazumdar, Prof. Satish Ch. Koria",IIT Kanpur,https://nptel.ac.in/courses/113104013
Metallurgy And Material Science,Structure Of Materials,Dr. Anandh Subramaniam,IIT Kanpur,https://nptel.ac.in/courses/113104014
Metallurgy And Material Science,"Fuel,Furnace And Refractory",Prof. Satish Ch. Koria,IIT Kanpur,https://nptel.ac.in/courses/113104058
Metallurgy And Material Science,Steel Making,Prof. Satish Ch. Koria,IIT Kanpur,https://nptel.ac.in/courses/113104059
Metallurgy And Material Science,Materials And Heat Balance In Metallurgical Processes,Prof. Satish Ch. Koria,IIT Kanpur,https://nptel.ac.in/courses/113104060
Metallurgy And Material Science,Environmental Degradation Of Materials,Dr. Kallol Mondal,IIT Kanpur,https://nptel.ac.in/courses/113104061
Metallurgy And Material Science,NOC:Fundamentals Of Material Processing - I,Prof. Shashank Shekhar,IIT Kanpur,https://nptel.ac.in/courses/113104073
Metallurgy And Material Science,NOC:Heat Treatment And Surface Hardening - I,"Dr. Kallol Mondal, Prof. Sandeep Sangal",IIT Kanpur,https://nptel.ac.in/courses/113104074
Metallurgy And Material Science,NOC:Fundamentals Of Material Processing - Part 2,"Prof. Jitesh J Thakkar , Prof. Shashank Shekhar",IIT Kanpur,https://nptel.ac.in/courses/113104075
Metallurgy And Material Science,NOC:Nature And Properties Of Materials-An Introductory Course,Prof. Ashish Garg,IIT Kanpur,https://nptel.ac.in/courses/113104076
Metallurgy And Material Science,NOC:Defects In Crystalline Solids (Part-I),Prof. Shashank Shekhar,IIT Kanpur,https://nptel.ac.in/courses/113104081
Metallurgy And Material Science,NOC:Corrosion - Part II,Prof. Kallol Mondal,IIT Kanpur,https://nptel.ac.in/courses/113104089
Metallurgy And Material Science,NOC:Fundamentals And Applications Of Dielectric Ceramics,Prof. Ashish Garg,IIT Kanpur,https://nptel.ac.in/courses/113104090
Metallurgy And Material Science,NOC:Corrosion Failures And Analysis,Prof. Kallol Mondal,IIT Kanpur,https://nptel.ac.in/courses/113104101
Metallurgy And Material Science,NOC:Nanomaterials And Their Properties,Prof. Krishanu Biswas,IIT Kanpur,https://nptel.ac.in/courses/113104102
Metallurgy And Material Science,NOC:Mechanical Behaviour Of Materials (Part - II),"Prof. Shashank Shekhar, Prof. Sudhanshu Shekhar Singh",IIT Kanpur,https://nptel.ac.in/courses/113104105
Metallurgy And Material Science,NOC:Electronic Properties Of The Materials: Computational Approach,Prof. Somnath Bhowmick,IIT Kanpur,https://nptel.ac.in/courses/113104106
Metallurgy And Material Science,NOC:Phase Diagrams In Single Component And Binary Systems In Bengali,Prof. Kallol Mondal,IIT Kanpur,https://nptel.ac.in/courses/113104516
Metallurgy And Material Science,NOC:Artificial Intelligence And Machine Learning In Materials Engineering,Prof. Krishanu Biswas,IIT Kanpur,https://nptel.ac.in/courses/113104517
Metallurgy And Material Science,NOC:Metallurgical And Electronic Waste Recycling,Prof. Arunabh Meshram,IIT Kanpur,https://nptel.ac.in/courses/113104529
Metallurgy And Material Science,NOC:Introductory Materials Informatics,"Prof. Krishanu Biswas, Prof. Pratik Kumar Ray",IIT Kanpur / IIT Ropar,https://nptel.ac.in/courses/113104761
Metallurgy And Material Science,NOC:Phase Diagrams In Single Component And Binary Systems,Prof. Kallol Mondal,IIT Kanpur,https://nptel.ac.in/courses/113104775
Metallurgy And Material Science,Advanced Ceramics For Strategic Applications,Prof. H.S. Maiti,IIT Kharagpur,https://nptel.ac.in/courses/113105015
Metallurgy And Material Science,Non-Ferrous Extractive Metallurgy,"Mr. L Pugazhenthy, Prof. H.S. Ray",IIT Kharagpur,https://nptel.ac.in/courses/113105021
Metallurgy And Material Science,Principles Of Physical Metallurgy,Prof. R.N. Ghosh,IIT Kharagpur,https://nptel.ac.in/courses/113105023
Metallurgy And Material Science,Principles Of Physical Metallurgy,Prof. R.N. Ghosh,IIT Kharagpur,https://nptel.ac.in/courses/113105024
Metallurgy And Material Science,Processing Of Semiconducting Materials,Dr. Pallab Banerji,IIT Kharagpur,https://nptel.ac.in/courses/113105025
Metallurgy And Material Science,Science And Technology Of Polymers,Prof. B. Adhikari,IIT Kharagpur,https://nptel.ac.in/courses/113105028
Metallurgy And Material Science,Advanced Materials And Processes,Prof. B.S. Murty,IIT Kharagpur,https://nptel.ac.in/courses/113105057
Metallurgy And Material Science,NOC:Principles Of Polymer Synthesis,Prof. Rajat K Das,IIT Kharagpur,https://nptel.ac.in/courses/113105077
Metallurgy And Material Science,NOC:Advanced Materials And Processes,Prof. Jayanta Das,IIT Kharagpur,https://nptel.ac.in/courses/113105081
Metallurgy And Material Science,NOC:Ironmaking And Steelmaking,Prof. Gour Gopal Roy,IIT Kharagpur,https://nptel.ac.in/courses/113105098
Metallurgy And Material Science,NOC:Non _ Metallic Materials,Prof. Subhasish Basu Majumder,IIT Kharagpur,https://nptel.ac.in/courses/113105099
Metallurgy And Material Science,NOC:Scanning Electron / Ion / Probe Microscopy In Materials Characterization,Prof. Debabrata Pradhan,IIT Kharagpur,https://nptel.ac.in/courses/113105100
Metallurgy And Material Science,NOC:Techniques Of Material Characterization,Prof. Shibayan Roy,IIT Kharagpur,https://nptel.ac.in/courses/113105101
Metallurgy And Material Science,NOC:Electrochemical Energy Storage,Prof. Subhasish Basu Majumder,IIT Kharagpur,https://nptel.ac.in/courses/113105102
Metallurgy And Material Science,NOC:Texture In Materials,Prof. Somjeet Biswas,IIT Kharagpur,https://nptel.ac.in/courses/113105103
Metallurgy And Material Science,NOC:Environmental Degradation And Surface Engineering,"Prof. Indranil Manna, Prof. Jyotsna Dutta Majumdar",IIT Kharagpur,https://nptel.ac.in/courses/113105105
Metallurgy And Material Science,"NOC:Fracture, Fatigue And Failure Of Materials",Prof. Indrani Sen,IIT Kharagpur,https://nptel.ac.in/courses/113105106
Metallurgy And Material Science,NOC:Mine Closure And Sustainability Planning,Prof. Khanindra Pathak,IIT Kharagpur,https://nptel.ac.in/courses/113105107
Metallurgy And Material Science,NOC:Fundamentals Of Composite And Cellular Materials,"Prof. Siddhartha Roy, Prof. Tapas Laha",IIT Kharagpur,https://nptel.ac.in/courses/113105109
Metallurgy And Material Science,NOC:Advanced Metallurgical Thermodynamics,Prof. B. S. Murty,IIT Madras,https://nptel.ac.in/courses/113106031
Metallurgy And Material Science,Introduction To Materials Science And Engineering,Dr. Ranjit Bauri,IIT Madras,https://nptel.ac.in/courses/113106032
Metallurgy And Material Science,NOC:Physics Of Materials,Prof. Prathap Haridoss,IIT Madras,https://nptel.ac.in/courses/113106039
Metallurgy And Material Science,Physics Of Materials,Dr. Prathap Haridoss,IIT Madras,https://nptel.ac.in/courses/113106040
Metallurgy And Material Science,NOC:Fundamentals Of Electronic Device Fabrication,Prof. Parasuraman Swaminathan,IIT Madras,https://nptel.ac.in/courses/113106062
Metallurgy And Material Science,NOC:Fundamentals Of Optical And Scanning Electron Microscopy,Prof. Sankaran,IIT Madras,https://nptel.ac.in/courses/113106064
Metallurgy And Material Science,NOC:Introduction To Reciprocal Space,Prof. Prathap Haridoss,IIT Madras,https://nptel.ac.in/courses/113106066
Metallurgy And Material Science,NOC:Analysis And Modeling Of Welding,Prof. Gandham Phanikumar,IIT Madras,https://nptel.ac.in/courses/113106067
Metallurgy And Material Science,NOC:Fundamentals Of X-Ray Diffraction And Transmission Electron Microscopy,Prof. Sankaran,IIT Madras,https://nptel.ac.in/courses/113106069
Metallurgy And Material Science,NOC:Defects In Materials,Prof. Sundararaman M,IIT Madras,https://nptel.ac.in/courses/113106075
Metallurgy And Material Science,NOC:Elementary Stereology For Quantitative Metallography,Prof. Sandeep Sangal Prof. Sankaran,IIT Madras,https://nptel.ac.in/courses/113106081
Metallurgy And Material Science,NOC:Welding Of Advanced High Strength Steels For Automotive Applications,Prof. Murugaiyan Amirthalingam,IIT Madras,https://nptel.ac.in/courses/113106082
Metallurgy And Material Science,NOC:Creep Deformation Of Materials,Prof. Srikant Gollapudi,IIT Bhubaneshwar,https://nptel.ac.in/courses/113106088
Metallurgy And Material Science,"NOC:Nanotechnology, Science And Applications",Prof. Prathap Haridoss,IIT Madras,https://nptel.ac.in/courses/113106093
Metallurgy And Material Science,NOC:Powder Metallurgy,Prof. Ranjit Bauri,IIT Madras,https://nptel.ac.in/courses/113106098
Metallurgy And Material Science,NOC:Mechanical Behavior Of Materials,Prof. S. Sankaran,IIT Madras,https://nptel.ac.in/courses/113106101
Metallurgy And Material Science,NOC:Aluminium Based Alloys And Metal Matrix Composites,Prof. Ranjit Bauri,IIT Madras,https://nptel.ac.in/courses/113106105
Metallurgy And Material Science,NOC:Welding Science And Technology(In Tamil) இணைப்பியலின் தொழில்நுட்பமும் அதன் அறிவியலும்,Prof. Murugaiyan Amirthalingam,IIT Madras,https://nptel.ac.in/courses/113106106
Metallurgy And Material Science,NOC:Thermodynamics And Kinetics Of Materials,Prof. Saswata Bhattacharya,IIT Hyderabad,https://nptel.ac.in/courses/113106109
Metallurgy And Material Science,NOC:Computational Thermodynamics And Kinetics Of Materials,Prof. K. Guruvidyathri,University Of Hyderabad,https://nptel.ac.in/courses/113106776
Metallurgy And Material Science,Fundamentals Of Electronic Device Fabrication,Prof. Parasuraman S,IIT Madras,https://nptel.ac.in/courses/113106788
Metallurgy And Material Science,NOC:Thermo-Mechanical And Thermo-Chemical Processes,"Prof. S. R. Meka, Prof. Vivek Pancholi",IIT Roorkee,https://nptel.ac.in/courses/113107091
Metallurgy And Material Science,NOC:Modeling Of Tundish Steelmaking Process In Continuous Casting,Prof. Pradeep Kumar Jha,IIT Roorkee,https://nptel.ac.in/courses/113107096
Metallurgy And Material Science,Advances In Corrosion Engineering,Prof. K.A. Natarajan,IISc Bangalore,https://nptel.ac.in/courses/113108051
Metallurgy And Material Science,Diffusion In Solids,Dr. Aloke Paul,IISc Bangalore,https://nptel.ac.in/courses/113108052
Metallurgy And Material Science,Introduction To Crystallographic Texture And Related Phenomenon,Dr. Satyam Suwas,IISc Bangalore,https://nptel.ac.in/courses/113108054
Metallurgy And Material Science,Metals Biotechnology,Prof. K.A. Natarajan,IISc Bangalore,https://nptel.ac.in/courses/113108055
Metallurgy And Material Science,NOC:Biomaterials For Bone Tissue Engineering Applications,Prof. Bikramjit Basu,IISc Bangalore,https://nptel.ac.in/courses/113108071
Metallurgy And Material Science,NOC:Ironmaking,Prof Govind S Gupta,IISc Bangalore,https://nptel.ac.in/courses/113108079
Metallurgy And Material Science,NOC:Friction And Wear Of Materials: Principles And Case Studies,"Prof. Bikramjit Basu, Prof. Dr. B. V. Manoj Kumar",IIT Roorkee,https://nptel.ac.in/courses/113108083
Metallurgy And Material Science,"NOC:Materials Design For Electronic, Electromechanical And Optical Functions",Prof. Pavan Nukala,IISc Bangalore,https://nptel.ac.in/courses/113108515
Metallurgy And Material Science,NOC:Advanced Material Characterization By Atom Probe Tomography And Electron Microscopy,Prof. Surendra Kumar Makineni,IISc Bangalore,https://nptel.ac.in/courses/113108760
Ocean Engineering,NOC:Seakeeping Of Ships And Offshore Structures,Prof. Ranadev Datta,IIT Kharagpur,https://nptel.ac.in/courses/114105638
Ocean Engineering,NOC:Offshore Structures Under Special Loads Including Fire Resistance,Prof. Srinivasan Chandrasekaran,IIT Madras,https://nptel.ac.in/courses/114106043
Ocean Engineering,NOC:Advanced Design Of Steel Structures,Prof. Srinivasan Chandrasekaran,IIT Madras,https://nptel.ac.in/courses/114106047
Ocean Engineering,NOC:Surface Facilities For Oil And Gas Handling,Prof. Abdus Samad,IIT Madras,https://nptel.ac.in/courses/114106443
Ocean Engineering,Elements Of Ocean Engineering,Dr. Ashoke Bhar,IIT Kharagpur,https://nptel.ac.in/courses/114105002
Ocean Engineering,NOC:Hydrostatics And Stability,Prof. Hari V Warrior,IIT Kharagpur,https://nptel.ac.in/courses/114105003
Ocean Engineering,Marine Construction And Welding,Prof. N.R. Mandal,IIT Kharagpur,https://nptel.ac.in/courses/114105004
Ocean Engineering,Marine Hydrodynamics,Dr. T. Sahoo,IIT Kharagpur,https://nptel.ac.in/courses/114105005
Ocean Engineering,Seakeeping & Manoeuvring,Prof. Debabrata Sen,IIT Kharagpur,https://nptel.ac.in/courses/114105006
Ocean Engineering,Applied Thermodynamics For Marine Systems,Prof. P.K. Das,IIT Kharagpur,https://nptel.ac.in/courses/114105029
Ocean Engineering,Performance Of Marine Vehicles At Sea,"Prof. Debabrata Sen, Prof. S.C. Misra",IIT Kharagpur,https://nptel.ac.in/courses/114105030
Ocean Engineering,Strength And Vibration Of Marine Structures,"Prof. A.H. Sheikh, Prof. S.K. Satsangi",IIT Kharagpur,https://nptel.ac.in/courses/114105031
Ocean Engineering,NOC:Water Economics And Governance,Prof. Manoj Kumar Tiwari,IIT Kharagpur,https://nptel.ac.in/courses/114105044
Ocean Engineering,NOC:Marine Propulsion,Prof. Anirban Bhattacharyya,IIT Kharagpur,https://nptel.ac.in/courses/114105047
Ocean Engineering,NOC:Numerical Ship And Offshore Hydrodynamics,Ranadev Dutta,IIT Kharagpur,https://nptel.ac.in/courses/114105048
Ocean Engineering,Design Of Offshore Structures,Dr. S. Nallayarasu,IIT Madras,https://nptel.ac.in/courses/114106011
Ocean Engineering,Foundation For Offshore Structures,Dr. S. Nallayarasu,IIT Madras,https://nptel.ac.in/courses/114106015
Ocean Engineering,"Health,Safety And Environmental Management In Petroleum And Offshore Engineering",Dr. Srinivasan Chandrasekaran,IIT Madras,https://nptel.ac.in/courses/114106017
Ocean Engineering,Port And Harbour Structures,Prof. R. Sundaravadivelu,IIT Madras,https://nptel.ac.in/courses/114106025
Ocean Engineering,Ship Resistance And Propulsion,"Dr. P. Krishnankutty, Prof. V. Anantha Subramanian",IIT Madras,https://nptel.ac.in/courses/114106026
Ocean Engineering,"Wave Simulation, Measurement And Analysis",Prof. S.A. Sannasiraj,IIT Madras,https://nptel.ac.in/courses/114106028
Ocean Engineering,Coastal Engineering,Prof. V. Sundar,IIT Madras,https://nptel.ac.in/courses/114106032
Ocean Engineering,Wave Hydrodynamics,Prof. V. Sundar,IIT Madras,https://nptel.ac.in/courses/114106033
Ocean Engineering,Ocean Structures And Materials,Dr. Srinivasan Chandrasekaran,IIT Madras,https://nptel.ac.in/courses/114106035
Ocean Engineering,Dynamics Of Ocean Structures,Dr. Srinivasan Chandrasekaran,IIT Madras,https://nptel.ac.in/courses/114106036
Ocean Engineering,Advanced Marine Structures,Dr. Srinivasan Chandrasekaran,IIT Madras,https://nptel.ac.in/courses/114106037
Ocean Engineering,NOC:Dynamics Of Ocean Structures,Prof. Srinivasan Chandrasekaran,IIT Madras,https://nptel.ac.in/courses/114106038
Ocean Engineering,"NOC:Health, Safety And Environmental Management In Offshore And Petroleum Engineering",Prof. Srinivasan Chandrasekaran,IIT Madras,https://nptel.ac.in/courses/114106039
Ocean Engineering,NOC:Risk And Reliability Of Offshore Structures,Prof. Srinivasan Chandrasekaran,IIT Madras,https://nptel.ac.in/courses/114106041
Ocean Engineering,NOC:HSE For Offshore And Petroleum Engineers-Practices,Dr. Srinivasan Chandrasekaran,IIT Madras,https://nptel.ac.in/courses/114106042
Ocean Engineering,NOC:Computer Methods Of Structural Analysis Of Offshore Structures,Prof. Srinivasan Chandrasekaran,IIT Madras,https://nptel.ac.in/courses/114106045
Ocean Engineering,NOC:Structural Health Monitoring,Prof. Srinivas Chandrasekaran,IIT Madras,https://nptel.ac.in/courses/114106046
Ocean Engineering,Marine Instrumentation - Laboratory,Prof. Tharun,IIT Madras,https://nptel.ac.in/courses/114106049
Ocean Engineering,NOC:Marine Engineering,Prof. Abdus Samad,IIT Madras,https://nptel.ac.in/courses/114106534
Ocean Engineering,FEM Applied To Ocean Engineering,Prof. S. A. Sannasiraj,IIT Madras,https://nptel.ac.in/courses/114106742
Physics,NOC:Quantum Mechanics I,Prof. P. Ramadevi,IIT Bombay,https://nptel.ac.in/courses/115101107
Physics,NOC:Physics Of Biological Systems,Prof. Mithun Mitra,IIT Bombay,https://nptel.ac.in/courses/115101121
Physics,NOC:Group Theory Methods In Physics,Prof. P. Ramadevi,IIT Bombay,https://nptel.ac.in/courses/115101122
Physics,NOC:An Introduction To Lasers And Laser Systems,"Prof. Dhruba J. Biswas, Prof. J. Padma Nilaya",Homi Bhabha National Institute(HBNI),https://nptel.ac.in/courses/115101639
Physics,NOC:The Science Of Light Amplification: An Extensive Laser Course,Prof. Paramita Deb,Bhabha Atomic Research Centre(BARC)-IIT Bombay,https://nptel.ac.in/courses/115101643
Physics,NOC:A Brief Course On Superconductivity,Prof. Saurabh Basu,IIT Guwahati,https://nptel.ac.in/courses/115103108
Physics,NOC:Introduction To Statistical Mechanics,Prof.Girish S. Setlur,IIT Guwahati,https://nptel.ac.in/courses/115103113
Physics,NOC:Quantum Technology And Quantum Phenomena In Macroscopic Systems,Prof. Amarendra Kumar Sarma,IIT Guwahati,https://nptel.ac.in/courses/115103129
Physics,"NOC:Quantum Entanglement: Fundamentals, Measures And Applications",Prof. Amarendra Kumar Sarma,IIT Guwahati,https://nptel.ac.in/courses/115103444
Physics,NOC:Topology And Condensed Matter Physics,Prof. Saurabh Basu,IIT Guwahati,https://nptel.ac.in/courses/115103445
Physics,NOC:Elements Of Modern Physics,Prof. Saurabh Basu,IIT Guwahati,https://nptel.ac.in/courses/115103640
Physics,"NOC:Tapestry Of Field Theory: Classical & Quantum, Equilibrium & Nonequilibrium Perspectives",Prof. Mahendra K. Verma,IIT Kanpur,https://nptel.ac.in/courses/115104446
Physics,NOC:Atomic And Molecular Physics,Prof. Amal Kumar Das,IIT Kharagpur,https://nptel.ac.in/courses/115105100
Physics,NOC:Experimental Physics - II,Prof. Amal Kumar Das,IIT Kharagpur,https://nptel.ac.in/courses/115105120
Physics,NOC:Electronic Theory Of Solids,Prof. Arghya Taraphder,IIT Kharagpur,https://nptel.ac.in/courses/115105122
Physics,NOC:Physics Of Linear And Nonlinear Optical Waveguides,Prof. Samudra Roy,IIT Kharagpur,https://nptel.ac.in/courses/115105124
Physics,NOC:Thermal Physics,Prof. Debamalya Banerjee,IIT Kharagpur,https://nptel.ac.in/courses/115105129
Physics,NOC:Fundamentals Of Attosecond Science And Technology (FAST),Prof. Sivarama Krishnan,IIT Madras,https://nptel.ac.in/courses/115105451
Physics,NOC:Physics Through Computational Thinking,"Prof. Ambar Jain, Prof. Auditya Sharma",IISER Bhopal,https://nptel.ac.in/courses/115106121
Physics,NOC:Fluid Dynamics For Astrophysics,Prof. Prasad Subramanian,IISER Pune,https://nptel.ac.in/courses/115106124
Physics,NOC:Quantum Transport,Prof. Madhu Thalakulam,IISER Thiruvananthapuram,https://nptel.ac.in/courses/115106125
Physics,NOC:Statistical Mechanics,Prof. Dipanjan Chakraborty,IISER Mohali,https://nptel.ac.in/courses/115106126
Physics,NOC:Foundations Of Quantum Theory: Relativistic Approach,Prof. Kinjalk Lochan,IISER Mohali,https://nptel.ac.in/courses/115106641
Physics,NOC:Quantum Computation And Quantum Information,Prof. Chiranjib Mitra,IISER Kolkata,https://nptel.ac.in/courses/115106925
Physics,NOC:Introduction To Atmospheric And Space Sciences,Prof. M V Sunil Krishna,IIT Roorkee,https://nptel.ac.in/courses/115107121
Physics,NOC:Nuclear Astrophysics,Prof. Anil Kumar Gourishetty,IIT Roorkee,https://nptel.ac.in/courses/115107130
Physics,NOC:Plasma Physics And Applications,Prof. M.V. Sunil Krishna,IIT Roorkee,https://nptel.ac.in/courses/115107447
Physics,NOC:Solar Terrestrial Physics,Prof. MV Sunil Krishna,IIT Roorkee,https://nptel.ac.in/courses/115107926
Physics,NOC:Advanced NMR Techniques In Solution And Solid-State,Prof. N. Suryaprakash,IISc Bangalore,https://nptel.ac.in/courses/115108129
Physics,NOC:Particle Physics And The Standard Model,Prof. Nirmal Raj,IISc Bangalore,https://nptel.ac.in/courses/115108642
Physics,NOC:Statistical Mechanics Of Phases And Phase Transitions,Prof. Vijay Balakrishna Shenoy,IISc Bangalore,https://nptel.ac.in/courses/115108928
Physics,Atomic And Molecular Physics,Prof. T. Kundu,IIT Bombay,https://nptel.ac.in/courses/115101003
Physics,Electrodynamics,Prof. Amol Dighe,IIT Bombay,https://nptel.ac.in/courses/115101004
Physics,Electromagnetic Theory,Prof. D.K. Ghosh,IIT Bombay,https://nptel.ac.in/courses/115101005
Physics,Introduction To Physics Of Nanoparticles And Nanostructures,Prof. G. Mukhopadhyay,IIT Bombay,https://nptel.ac.in/courses/115101007
Physics,NonLinear Optics,"Prof. B.P. Singh, Prof. K.C. Rustagi",IIT Bombay,https://nptel.ac.in/courses/115101008
Physics,Ideas And Methods In Condensed Matter Theory,Dr. Kedar Damle,IIT Bombay,https://nptel.ac.in/courses/115101009
Physics,Quantum Mechanics I,Prof. S.H. Patil,IIT Bombay,https://nptel.ac.in/courses/115101010
Physics,Special Theory Of Relativity,Prof. Shiva Prasad,IIT Bombay,https://nptel.ac.in/courses/115101011
Physics,Superconductivity,"Prof. A.V. Mahajan, Prof. P.P. Singh",IIT Bombay,https://nptel.ac.in/courses/115101012
Physics,NOC:Quantum Information And Computing,Prof. Dipan Ghosh,IIT Bombay,https://nptel.ac.in/courses/115101092
Physics,NOC:Theory Of Groups For Physics Applications,Prof. Urjit A. Yajnik,IIT Bombay,https://nptel.ac.in/courses/115101104
Physics,NOC:Path Integral And Functional Methods In Quantum Field Theory,Prof. Urjit A. Yajnik,IIT Bombay,https://nptel.ac.in/courses/115101117
Physics,NOC:Neutron Scattering For Condensed Matter Studies,Prof. Saibal Basu,Homi Bhabha National Institute,https://nptel.ac.in/courses/115101131
Physics,NOC:Accelerator Physics,"Prof. Amalendu Sharma, Prof. Pitamber Singh, Prof. Rajni Pande",IIT Bombay,https://nptel.ac.in/courses/115101132
Physics,NOC:Theory And Applications In Thermal And Cold Plasma,Prof. Srikumar Ghorui,IITB-HBNI,https://nptel.ac.in/courses/115101792
Physics,Electronics,Prof. D.C. Dube,IIT Delhi,https://nptel.ac.in/courses/115102014
Physics,Nuclear Science & Engineering,Dr. Santanu Ghosh,IIT Delhi,https://nptel.ac.in/courses/115102017
Physics,Plasma Physics: Fundamentals And Applications,"Prof. V.K. Tripathi, Prof. Vijayshri",IIT Delhi,https://nptel.ac.in/courses/115102020
Physics,Quantum Electronics,Prof. K. Thyagarajan,IIT Delhi,https://nptel.ac.in/courses/115102022
Physics,Quantum Mechanics And Applications,Prof. Ajoy Ghatak,IIT Delhi,https://nptel.ac.in/courses/115102023
Physics,Fundamental Concepts Of Semiconductors,Dr. G. Vijaya Prakash,IIT Delhi,https://nptel.ac.in/courses/115102025
Physics,Semiconductor Optoelectronics,Prof. M. R. Shenoy,IIT Delhi,https://nptel.ac.in/courses/115102026
Physics,NOC:Semiconductor Optoelectronics,Prof. M. R. Shenoy,IIT Delhi,https://nptel.ac.in/courses/115102103
Physics,NOC: Introduction To LASER,Prof. M R Shenoy,IIT Delhi,https://nptel.ac.in/courses/115102124
Physics,NOC:Energy Materials And Devices,Prof. Santanu Ghosh,IIT Delhi,https://nptel.ac.in/courses/115102794
Physics,Advanced Statistical Mechanics,Dr. S.B. Santra,IIT Guwahati,https://nptel.ac.in/courses/115103028
Physics,Characterization Of Materials,Dr. A. Perumal,IIT Guwahati,https://nptel.ac.in/courses/115103030
Physics,Mathematical Physics - 1,Dr. Saurabh Basu,IIT Guwahati,https://nptel.ac.in/courses/115103036
Physics,Physics Of Magnetic Recording And Recording Media,"Dr. A. Perumal, Prof. A. Srinivasan",IIT Guwahati,https://nptel.ac.in/courses/115103038
Physics,Spintronics: Physics And Technology,Dr. A. Perumal,IIT Guwahati,https://nptel.ac.in/courses/115103039
Physics,NOC:Nuclear And Particle Physics,Prof. Poulose Poulose,IIT Guwahati,https://nptel.ac.in/courses/115103101
Physics,NOC:Advanced Condensed Matter Physics,Prof. Saurabh Basu,IIT Guwahati,https://nptel.ac.in/courses/115103102
Physics,NOC:Advanced Quantum Mechanics With Applications,Prof. Saurabh Basu,IIT Guwahati,https://nptel.ac.in/courses/115103104
Physics,NOC:Numerical Methods And Simulation Techniques For Scientists And Engineers,Prof. Saurabh Basu,IIT Guwahati,https://nptel.ac.in/courses/115103114
Physics,NOC:Theoretical Mechanics,Prof. Charudatt Kadolkar,IIT Guwahati,https://nptel.ac.in/courses/115103115
Physics,NOC:Dynamics Of Classical And Quantum Fields,Prof. Girish S. Setlur,IIT Guwahati,https://nptel.ac.in/courses/115103131
Physics,NOC:Quantum Hall Effects,Prof. Saurabh Basu,IIT Guwahati,https://nptel.ac.in/courses/115103134
Physics,NOC:Statistical Physics Of Non-Interacting And Interacting Systems,Prof. Saurabh Basu,IIT Guwahati,https://nptel.ac.in/courses/115103538
Physics,NOC:Essentials Of Quantum Optics,Prof. Amarendra Kumar Sarma,IIT Guwahati,https://nptel.ac.in/courses/115103790
Physics,Nuclear Physics: Fundamentals And Applications,Prof. H.C. Verma,IIT Kanpur,https://nptel.ac.in/courses/115104043
Physics,NOC:Introduction To Electromagnetic Theory,Prof. Manoj K Harbola,IIT Kanpur,https://nptel.ac.in/courses/115104088
Physics,NOC:Engineering Mechanics,Prof. Manoj K Harbola,IIT Kanpur,https://nptel.ac.in/courses/115104094
Physics,NOC:Computational Science And Engineering Using Python,Prof. Mahendra Verma,IIT Kanpur,https://nptel.ac.in/courses/115104095
Physics,NOC:Introductory Quantum Mechanics,Prof. Manoj K Harbola,IIT Kanpur,https://nptel.ac.in/courses/115104096
Physics,NOC:Introduction To Solid State Physics,"Prof. Manoj K Harbola, Prof. Satyajit Banerjee",IIT Kanpur,https://nptel.ac.in/courses/115104109
Physics,NOC:Physics Of Turbulence,Prof. Mahendra Verma,IIT Kanpur,https://nptel.ac.in/courses/115104112
Physics,NOC:Introduction To Astrophysical Fluids,Prof. Supratik Banerjee,IIT Kanpur,https://nptel.ac.in/courses/115104124
Physics,NOC:Introduction To Electromagnetic Theory (Hindi),Prof. Manoj Harbola,IIT Kanpur,https://nptel.ac.in/courses/115104134
Physics,NOC:Scientific Computing Using Python,Prof. Mahendra K. Verma,IIT Kanpur,https://nptel.ac.in/courses/115104135
Physics,NOC:Coherence And Quantum Entanglement,Prof. Anand Kumar Jha,IIT Kanpur,https://nptel.ac.in/courses/115104448
Physics,NOC:Classical Motion Of A Single Particle,Prof. Supratik Banerjee,IIT Kanpur,https://nptel.ac.in/courses/115104535
Physics,Astrophysics & Cosmology,Prof. S. Bharadwaj,IIT Kharagpur,https://nptel.ac.in/courses/115105046
Physics,Random Matrix Theory And Applications,Dr. Pragya Shukla,IIT Kharagpur,https://nptel.ac.in/courses/115105052
Physics,Osillation And Wave,"Prof. S. Bharadwaj, Prof. S.P. Kastagir",IIT Kharagpur,https://nptel.ac.in/courses/115105083
Physics,NOC:Mathematics Methods In Physics-I,Prof. Samudra Roy,IIT Kharagpur,https://nptel.ac.in/courses/115105097
Physics,NOC:Classical Mechanics: From Newtonian To Lagrangian Formulation,Prof. Debamalya Banerjee,IIT Kharagpur,https://nptel.ac.in/courses/115105098
Physics,NOC:Solid State Physics,Prof. Amal Kumar Das,IIT Kharagpur,https://nptel.ac.in/courses/115105099
Physics,NOC:Modern Optics,Prof. Partha Roy Choudhuri,IIT Kharagpur,https://nptel.ac.in/courses/115105104
Physics,NOC:Introduction To Non-Linear Optics And Its Applications,Prof. Samudra Roy,IIT Kharagpur,https://nptel.ac.in/courses/115105105
Physics,NOC:Upstream LNG Technology,Prof. Pavitra Sandilya,IIT Kharagpur,https://nptel.ac.in/courses/115105106
Physics,NOC:Experimental Physics I,Prof. Amal Kumar Das,IIT Kharagpur,https://nptel.ac.in/courses/115105110
Physics,NOC:Experimental Physics III,Prof. Amal Kumar Das,IIT Kharagpur,https://nptel.ac.in/courses/115105121
Physics,NOC:Physics Of Renewable Energy Systems,Prof. Amreesh Chandra,IIT Kharagpur,https://nptel.ac.in/courses/115105127
Physics,NOC:Concepts In Magnetism And Superconductivity,Prof. A Taraphder,IIT Kharagpur,https://nptel.ac.in/courses/115105131
Physics,NOC:Foundations Of Classical Electrodynamics,Prof. Samudra Roy,IIT Kharagpur,https://nptel.ac.in/courses/115105132
Physics,NOC:Physics Of Functional Materials & Devices,Prof. Amreesh Chandra,IIT Kharagpur,https://nptel.ac.in/courses/115105134
Physics,NOC:Wave Optics,Prof. Samudra Roy,IIT Kharagpur,https://nptel.ac.in/courses/115105537
Physics,NOC:Physics Of Nanomaterials,Prof. Amreesh Chandra,IIT Kharagpur,https://nptel.ac.in/courses/115105789
Physics,NOC:Special/Select Topics In Atomic Physics,Prof. P. C. Deshmukh,IIT Madras,https://nptel.ac.in/courses/115106057
Physics,Classical Field Theory,Prof. Suresh Govindarajan,IIT Madras,https://nptel.ac.in/courses/115106058
Physics,Topics In Nonlinear Dynamics,Prof. V. Balakrishnan,IIT Madras,https://nptel.ac.in/courses/115106059
Physics,Condensed Matter Physics,Prof. G. Rangarajan,IIT Madras,https://nptel.ac.in/courses/115106061
Physics,Quantum Field Theory,Dr. Prasanta Tripathy,IIT Madras,https://nptel.ac.in/courses/115106065
Physics,Quantum Mechanics I,Prof. S. Lakshmi Bala,IIT Madras,https://nptel.ac.in/courses/115106066
Physics,NOC:Special/Select Topics In Classical Mechanics,Prof. P. C. Deshmukh,IIT Madras,https://nptel.ac.in/courses/115106068
Physics,NOC:Special/Select Topics In The Theory Of Atomic Collisions And Spectroscopy,Prof. P. C. Deshmukh,IIT Madras,https://nptel.ac.in/courses/115106085
Physics,NOC:Selected Topics In Mathematical Physics,Prof. V. Balakrishnan,IIT Madras,https://nptel.ac.in/courses/115106086
Physics,NUCLEAR REACTORS AND SAFETY- AN INTRODUCTION,Dr.G.Vaidyanathan,IIT Madras,https://nptel.ac.in/courses/115106087
Physics,Physical Applications Of Stochastic Processes,Prof. V. Balakrishnan,IIT Madras,https://nptel.ac.in/courses/115106089
Physics,"NOC: Mechanics, Heat Oscillations And Waves",Prof. V. Balakrishnan,IIT Madras,https://nptel.ac.in/courses/115106090
Physics,Nonequilibrium Statistical Mechanics,Prof. V. Balakrishnan,IIT Madras,https://nptel.ac.in/courses/115106091
Physics,NOC:Statistical Mechanics,Prof. Ashwin Joy,IIT Madras,https://nptel.ac.in/courses/115106111
Physics,NOC:Computational Physics,"Prof. Apratim Chatterji, Prof. Prasenjit Ghosh",IISER Pune,https://nptel.ac.in/courses/115106118
Physics,NOC:Waves And Oscillations,Prof. M. S. Santhanam,IISER Pune,https://nptel.ac.in/courses/115106119
Physics,NOC:Electromagnetism,Prof. Nirmal Ganguli,IISER Bhopal,https://nptel.ac.in/courses/115106122
Physics,NOC:Introduction To Classical Mechanics,Prof. Anurag Tripathi,IIT Hyderabad,https://nptel.ac.in/courses/115106123
Physics,NOC:Solid State Physics,Prof. Nirmal Ganguli,IISER Bhopal,https://nptel.ac.in/courses/115106127
Physics,NOC:Introduction To Quantum Field Theory(Theory Of Scalar Fields),Prof. Anurag Tripathi,IIT Hyderabad,https://nptel.ac.in/courses/115106128
Physics,NOC:Introduction To Quantum Field Theory (Theory Of Scalar Fields) - Part 2,Prof. Anurag Tripathi,IIT Hyderabad,https://nptel.ac.in/courses/115106133
Physics,NOC:Radio Astronomy,Prof. Abhirup Datta,IIT Indore,https://nptel.ac.in/courses/115106134
Physics,NOC:Foundations Of Quantum Theory: Non-Relativistic Approach,Prof. Sandeep Kumar Goyal,IISER Mohali,https://nptel.ac.in/courses/115106536
Physics,NOC:Introduction To General Relativity,"Prof. Arpan Bhattacharyya, Prof. Shubho R. Roy",IIT Hyderabad And IIT Gandhinagar,https://nptel.ac.in/courses/115106793
Physics,NOC:Fiber Optics,Prof. Vipul Rastogi,IIT Roorkee,https://nptel.ac.in/courses/115107095
Physics,"NOC:Solar Photovoltaics Fundamentals, Technology And Applications",Prof. Soumitra Satapathi,IIT Roorkee,https://nptel.ac.in/courses/115107116
Physics,NOC:Optical Sensors,Prof. Sachin Kumar Srivastava,IIT Roorkee,https://nptel.ac.in/courses/115107122
Physics,NOC:Advanced Atmospheric Physics,Prof. M. V. Sunil Krishna,IIT Roorkee,https://nptel.ac.in/courses/115107129
Physics,NOC:Applied Optics,Prof. Akhilesh Kumar Mishra,IIT Roorkee,https://nptel.ac.in/courses/115107131
Physics,NOC:Newtonian Mechanics With Examples,Prof. Shiladitya Sengupta,IIT Roorkee,https://nptel.ac.in/courses/115107134
Physics,Relativistic Quantum Mechanics,Prof. Apoorva D Patel,IISc Bangalore,https://nptel.ac.in/courses/115108074
Physics,NOC:Control System Design,Prof G R Jayanth,IISc Bangalore,https://nptel.ac.in/courses/115108104
Physics,NOC:Bonds And Bands In Solids,S. Ramasesha,IISc Bangalore,https://nptel.ac.in/courses/115108127
Physics,NOC:Quantum Mechanics In The Relativistic Regime,Prof. Sudhir Kumar Vempati,IISc Bangalore,https://nptel.ac.in/courses/115108791
Textile Engineering,NOC:Evaluation Of Textile Materials,Prof. Apurba Das,IIT Delhi,https://nptel.ac.in/courses/116102049
Textile Engineering,NOC:Testing Of Functional And Technical Textiles,Prof. Apurba Das,IIT Delhi,https://nptel.ac.in/courses/116102050
Textile Engineering,NOC:Theory Of Yarn Structure,Prof. Dipayan Das,IIT Delhi,https://nptel.ac.in/courses/116102051
Textile Engineering,NOC:Advanced Textile Printing Technology,Prof. Kushal Sen,IIT Delhi,https://nptel.ac.in/courses/116102052
Textile Engineering,NOC:Textured Yarn Technology,Prof. Kushal Sen,IIT Delhi,https://nptel.ac.in/courses/116102053
Textile Engineering,NOC:Textile Product Design And Development,Prof. R Chattopadhyay,IIT Delhi,https://nptel.ac.in/courses/116102058
Textile Engineering,NOC:New Spinning Technologies,Prof. R Chattopadhyay,IIT Delhi,https://nptel.ac.in/courses/116102059
Textile Engineering,Fabric Manufacture - I,Dr. Abhijit Majumdar,IIT Delhi,https://nptel.ac.in/courses/116102005
Textile Engineering,High Performance And Specialty Fibres,Dr. Manjeet Jassal,IIT Delhi,https://nptel.ac.in/courses/116102006
Textile Engineering,Knitting Technology,Prof. P.K. Banerjee,IIT Delhi,https://nptel.ac.in/courses/116102008
Textile Engineering,Manufactured Fibre Technology,Prof. Ashwini Kumar Agrawal,IIT Delhi,https://nptel.ac.in/courses/116102010
Textile Engineering,Mechanics Of Textile Machinery,Dr. R.S. Rengasamy,IIT Delhi,https://nptel.ac.in/courses/116102012
Textile Engineering,Nonwoven Technology,Dr. Dipayan Das,IIT Delhi,https://nptel.ac.in/courses/116102014
Textile Engineering,Textile Chemical Processing: Theory And Practice Of Preparatory Processes,Dr. B S Butola,IIT Delhi,https://nptel.ac.in/courses/116102016
Textile Engineering,Shuttleless Weaving,Prof. P.K. Banerjee,IIT Delhi,https://nptel.ac.in/courses/116102017
Textile Engineering,Quality Control In Textile Industry,Dr. Dipayan Das,IIT Delhi,https://nptel.ac.in/courses/116102019
Textile Engineering,Textile Fibres,Dr. Samrat Mukhopadhyay,IIT Delhi,https://nptel.ac.in/courses/116102026
Textile Engineering,Textile Testing,Dr. Apurba Das,IIT Delhi,https://nptel.ac.in/courses/116102029
Textile Engineering,Theory Of Yarn Structures,Prof. Bohuslav Neckar,IIT Delhi,https://nptel.ac.in/courses/116102034
Textile Engineering,Yarn Manufacture - II,Prof. R. Alagirusamy,IIT Delhi,https://nptel.ac.in/courses/116102038
Textile Engineering,NOC:Science Of Clothing Comfort,Prof. Apurba Das,IIT Delhi,https://nptel.ac.in/courses/116102047
Textile Engineering,NOC:Yarn Manufacture I : Principle Of Carding And Drawing,Prof. R Chattopadhyay,IIT Delhi,https://nptel.ac.in/courses/116102048
Textile Engineering,NOC:Textile Finishing,Prof. Kushal Sen,IIT Delhi,https://nptel.ac.in/courses/116102054
Textile Engineering,"NOC:Principles Of Combing, Roving Preparation And Ring Spinning (Yarn Manufacture - II (Combing, Roving Preparation & Ring Spinning))",Prof. R Chattopadhyay,IIT Delhi,https://nptel.ac.in/courses/116102055
Textile Engineering,NOC:Science And Technology Of Weft And Warp Knitting,Prof. Bipin Kumar,IIT Delhi,https://nptel.ac.in/courses/116102056
Textile Engineering,NOC:Technical Textiles,Prof. Apurba Das,IIT Delhi,https://nptel.ac.in/courses/116102057
Textile Engineering,Natural Dyes,Dr. Padma S Vankar,IIT Kanpur,https://nptel.ac.in/courses/116104044
Textile Engineering,Textile Effluent And Its Management,Dr. Padma S Vankar,IIT Kanpur,https://nptel.ac.in/courses/116104045
Textile Engineering,Natural Dyes,Dr. Padma S Vankar,IIT Kanpur,https://nptel.ac.in/courses/116104046
Electronics & Communication Engineering,NOC:Microwave Integrated Circuits,Prof. Jayanta Mukherjee,IIT Bombay,https://nptel.ac.in/courses/117101119
Electronics & Communication Engineering,NOC:Design Of Power Electronic Converters,Prof. Shabari Nath,IIT Guwahati,https://nptel.ac.in/courses/117103148
Electronics & Communication Engineering,NOC:Operation And Planning Of Power Distribution Systems,Prof. Sanjib Ganguly,IIT Guwahati,https://nptel.ac.in/courses/117103149
Electronics & Communication Engineering,NOC:An Introduction To Information Theory,Prof. Adrish Banerjee,IIT Kanpur,https://nptel.ac.in/courses/117104129
Electronics & Communication Engineering,NOC:Fundamentals Of MIMO Wireless Communication,Prof. Suvra Sekhar Das,IIT Kharagpur,https://nptel.ac.in/courses/117105132
Electronics & Communication Engineering,NOC:Discrete Time Signal Processing,Prof. Mrityunjoy Chakraborty,IIT Kharagpur,https://nptel.ac.in/courses/117105134
Electronics & Communication Engineering,NOC:Spread Spectrum Communications And Jamming,Prof. Debarati Sen,IIT Kharagpur,https://nptel.ac.in/courses/117105136
Electronics & Communication Engineering,NOC:Digital VLSI Testing,Prof. Santanu Chattopadhyay,IIT Kharagpur,https://nptel.ac.in/courses/117105137
Electronics & Communication Engineering,NOC:Communication Networks,Prof. Goutam Das,IIT Kharagpur,https://nptel.ac.in/courses/117105148
Electronics & Communication Engineering,NOC:Signal Processing Techniques And Its Applications,Prof. Shyamal Das Mandal,IIT Kharagpur,https://nptel.ac.in/courses/117105149
Electronics & Communication Engineering,NOC:Circuit Analysis For Analog Designers,Prof. Shanthi Pavan,IIT Madras,https://nptel.ac.in/courses/117106148
Electronics & Communication Engineering,NOC:Design And Analysis Of VLSI Subsystems,Prof. Madhav Rao,IIIT Bangalore,https://nptel.ac.in/courses/117106149
Electronics & Communication Engineering,NOC:Digital Protection Of Power System,Prof. Bhaveshkumar R. Bhalja,IIT Roorkee,https://nptel.ac.in/courses/117107148
Electronics & Communication Engineering,NOC:Physics Of Nanoscale Devices,Prof. Vishvendra Singh Poonia,IIT Roorkee,https://nptel.ac.in/courses/117107149
Electronics & Communication Engineering,NOC:Neural Science For Engineers,Prof. Vikas V,IISc & Nimhans,https://nptel.ac.in/courses/117108148
Electronics & Communication Engineering,NOC:Analog IC Design,Prof. S. Aniruddhan,IIT Madras,https://nptel.ac.in/courses/108106105
Electronics & Communication Engineering,NOC:LDPC And Polar Codes In 5G Standard,Prof. Andrew Thangaraj,IIT Madras,https://nptel.ac.in/courses/108106137
Electronics & Communication Engineering,NOC:Basics Of Software-Defined Radios And Practical Applications,Prof. Meenakshi Rawat,IIT Roorkee,https://nptel.ac.in/courses/108107107
Electronics & Communication Engineering,Nanoelectronics: Devices And Materials,"Dr. Navakanta Bhat, Dr. S.A. Shivashankar, Prof. K.N. Bhat",IISc Bangalore,https://nptel.ac.in/courses/117108047
Electronics & Communication Engineering,Pattern Recognition,Prof. P.S. Sastry,IISc Bangalore,https://nptel.ac.in/courses/117108048
Electronics & Communication Engineering,Information Theory And Coding,Prof. Pavan S Nuggehalli,IISc Bangalore,https://nptel.ac.in/courses/117108097
Electronics & Communication Engineering,Analog Circuits And Systems 1,Prof. K. Radhakrishna Rao,IISc Bangalore,https://nptel.ac.in/courses/117108107
Electronics & Communication Engineering,NOC:Design And Simulation Of DC-DC Converters Using Open Source Tools,Prof. L. Umanand,IISc Bangalore,https://nptel.ac.in/courses/117108124
Electronics & Communication Engineering,NOC:Photonic Integrated Circuits,Prof. T. Srinivas,IISc Bangalore,https://nptel.ac.in/courses/117108142
Electronics & Communication Engineering,NOC:Analog Circuits And Systems,Prof. K Radhakrishna Rao,IITM/ TI/ Freelancer,https://nptel.ac.in/courses/117108486
Electronics & Communication Engineering,Adv. Digital Signal Processing - Multirate And Wavelets,Prof. V.M. Gadre,IIT Bombay,https://nptel.ac.in/courses/117101001
Electronics & Communication Engineering,Advanced Optical Communication,Prof. R.K. Shevgaonkar,IIT Bombay,https://nptel.ac.in/courses/117101002
Electronics & Communication Engineering,Advanced VLSI Design,"Prof. A.N. Chandorkar, Prof. D.K. Sharma, Prof. Sachin Patkar, Prof. Virendra Singh",IIT Bombay,https://nptel.ac.in/courses/117101004
Electronics & Communication Engineering,Broadband Networks: Concepts And Technology,Prof. Abhay Karandikar,IIT Bombay,https://nptel.ac.in/courses/117101050
Electronics & Communication Engineering,Digital Communication,Prof. Bikash Kumar Dey,IIT Bombay,https://nptel.ac.in/courses/117101051
Electronics & Communication Engineering,Information Theory And Coding,Prof. S.N. Merchant,IIT Bombay,https://nptel.ac.in/courses/117101053
Electronics & Communication Engineering,Optical Communication,"Prof. D.K. Ghosh, Prof. R.K. Shevgaonkar",IIT Bombay,https://nptel.ac.in/courses/117101054
Electronics & Communication Engineering,Signals And Systems,Prof. V.M. Gadre,IIT Bombay,https://nptel.ac.in/courses/117101055
Electronics & Communication Engineering,Transmission Lines And EM Waves,Prof. R.K. Shevgaonkar,IIT Bombay,https://nptel.ac.in/courses/117101056
Electronics & Communication Engineering,Transmission Lines And EM Waves,Prof. R.K. Shevgaonkar,IIT Bombay,https://nptel.ac.in/courses/117101057
Electronics & Communication Engineering,VLSI Design,Prof. A.N. Chandorkar,IIT Bombay,https://nptel.ac.in/courses/117101058
Electronics & Communication Engineering,CMOS Analog VLSI Design,Prof. A.N. Chandorkar,IIT Bombay,https://nptel.ac.in/courses/117101105
Electronics & Communication Engineering,Analog Circuits,Prof. A.N. Chandorkar,IIT Bombay,https://nptel.ac.in/courses/117101106
Electronics & Communication Engineering,NOC:Foundations Of Wavelets And Multirate Digital Signal Processing,Prof. V.M. Gadre,IIT Bombay,https://nptel.ac.in/courses/117101123
Electronics & Communication Engineering,RF Integrated Circuits,Dr. Shouribrata Chatterjee,IIT Delhi,https://nptel.ac.in/courses/117102012
Electronics & Communication Engineering,Communication Engineering,Prof. Surendra Prasad,IIT Delhi,https://nptel.ac.in/courses/117102059
Electronics & Communication Engineering,Digital Signal Processing,Prof. S.C. Dutta Roy,IIT Delhi,https://nptel.ac.in/courses/117102060
Electronics & Communication Engineering,Semiconductor Devices,Dr. G.S. Visweswaran,IIT Delhi,https://nptel.ac.in/courses/117102061
Electronics & Communication Engineering,Wireless Communication,Prof. Ranjan Bose,IIT Delhi,https://nptel.ac.in/courses/117102062
Electronics & Communication Engineering,Queuing Systems,Prof. S.K. Bose,IIT Guwahati,https://nptel.ac.in/courses/117103017
Electronics & Communication Engineering,Signal Detection And Estimation Theory,Dr. R. Sinha,IIT Guwahati,https://nptel.ac.in/courses/117103018
Electronics & Communication Engineering,Basic Electronics,Prof. Chitralekha Mahanta,IIT Guwahati,https://nptel.ac.in/courses/117103063
Electronics & Communication Engineering,Digital Circuits,"Prof. Anil Mahanta, Prof. Roy Paily Palanthinkal",IIT Guwahati,https://nptel.ac.in/courses/117103064
Electronics & Communication Engineering,Electromagnetic Fields,Dr. Ratnajit Bhattacharjee,IIT Guwahati,https://nptel.ac.in/courses/117103065
Electronics & Communication Engineering,IC Technology,"Prof. Indrajit Chakraborty, Prof. Roy Paily Palanthinkal",IIT Guwahati,https://nptel.ac.in/courses/117103066
Electronics & Communication Engineering,Probability And Random Processes,Prof. Prabin K Bora,IIT Guwahati,https://nptel.ac.in/courses/117103067
Electronics & Communication Engineering,NOC:VLSI Design Verification And Test,"Dr. Santosh Biswas, Prof.Arnab Sarkar, Prof.Jatindra Kumar Deka",IIT Guwahati,https://nptel.ac.in/courses/117103125
Electronics & Communication Engineering,Digital Video Signal Processing,Prof. Sumana Gupta,IIT Kanpur,https://nptel.ac.in/courses/117104020
Electronics & Communication Engineering,Semiconductor Optical Communication Components And Devices,Dr. Utpal Das,IIT Kanpur,https://nptel.ac.in/courses/117104022
Electronics & Communication Engineering,Digital Image Processing,Prof. Sumana Gupta,IIT Kanpur,https://nptel.ac.in/courses/117104069
Electronics & Communication Engineering,Digital Signal Processing,Prof. Govind Sharma,IIT Kanpur,https://nptel.ac.in/courses/117104070
Electronics & Communication Engineering,High Speed Semiconductor Devices,Prof. Anjan Ghosh,IIT Kanpur,https://nptel.ac.in/courses/117104071
Electronics & Communication Engineering,Microcontrollers And Applications,Dr. S.P. Das,IIT Kanpur,https://nptel.ac.in/courses/117104072
Electronics & Communication Engineering,Signals And Systems,Prof. K.S. Venkatesh,IIT Kanpur,https://nptel.ac.in/courses/117104074
Electronics & Communication Engineering,Advanced 3G And 4G Wireless Mobile Communications,Prof. Aditya K. Jagannatham,IIT Kanpur,https://nptel.ac.in/courses/117104099
Electronics & Communication Engineering,Digital Switching,Prof. Yatindra N Singh,IIT Kanpur,https://nptel.ac.in/courses/117104104
Electronics & Communication Engineering,NOC:Probability And Random Variables/ Processes For Wireless Communications,Prof. Aditya K. Jagannatham,IIT Kanpur,https://nptel.ac.in/courses/117104117
Electronics & Communication Engineering,NOC: Principles Of Signal Estimation For MIMO/ OFDM Wireless Communication,Prof. Aditya K. Jagannatham,IIT Kanpur,https://nptel.ac.in/courses/117104118
Electronics & Communication Engineering,NOC:Error Control Coding: An Introduction To Convolutional Codes,Prof. Adrish Banerjee,IIT Kanpur,https://nptel.ac.in/courses/117104120
Electronics & Communication Engineering,NOC:Error Control Coding: An Introduction To Linear Block Code,Prof. Adrish Banerjee,IIT Kanpur,https://nptel.ac.in/courses/117104121
Electronics & Communication Engineering,NOC:Bayesian/ MMSE Estimation For Wireless Communications –MIMO/ OFDM Cellular And Sensor Networks,Prof. Aditya Jagannatham,IIT Kanpur,https://nptel.ac.in/courses/117104126
Electronics & Communication Engineering,NOC:Optical Communications,Prof. Pradeep Kumar K,IIT Kanpur,https://nptel.ac.in/courses/117104127
Electronics & Communication Engineering,Adaptive Signal Processing,Prof. Mrityunjoy Chakraborty,IIT Kharagpur,https://nptel.ac.in/courses/117105075
Electronics & Communication Engineering,Communication Networks And Switching,Prof. S.L. Maskara,IIT Kharagpur,https://nptel.ac.in/courses/117105076
Electronics & Communication Engineering,Digital Communication,"Prof. R.V. Rajakumar, Prof. Saswat Chakrabarti",IIT Kharagpur,https://nptel.ac.in/courses/117105077
Electronics & Communication Engineering,Digital Computer Organization,Prof. P.K. Biswas,IIT Kharagpur,https://nptel.ac.in/courses/117105078
Electronics & Communication Engineering,Digital Image Processing,Prof. P.K. Biswas,IIT Kharagpur,https://nptel.ac.in/courses/117105079
Electronics & Communication Engineering,Digital Systems Design,Prof. D. Roychoudhury,IIT Kharagpur,https://nptel.ac.in/courses/117105080
Electronics & Communication Engineering,Digital Voice & Picture Communication,Prof. Somnath Sengupta,IIT Kharagpur,https://nptel.ac.in/courses/117105081
Electronics & Communication Engineering,MEMS And Microsystems,Prof. Santiram Kal,IIT Kharagpur,https://nptel.ac.in/courses/117105082
Electronics & Communication Engineering,Multimedia Processing,Prof. Somnath Sengupta,IIT Kharagpur,https://nptel.ac.in/courses/117105083
Electronics & Communication Engineering,Neural Networks And Applications,Prof. Somnath Sengupta,IIT Kharagpur,https://nptel.ac.in/courses/117105084
Electronics & Communication Engineering,Probability And Random Processes,Prof. Mrityunjoy Chakraborty,IIT Kharagpur,https://nptel.ac.in/courses/117105085
Electronics & Communication Engineering,NOC:Basic Tools Of Microwave Engineering,Prof. Amitabha Bhattacharya,IIT Kharagpur,https://nptel.ac.in/courses/117105122
Electronics & Communication Engineering,NOC:Basic Building Blocks Of Microwave Engineering,Prof. Amitabha Bhattacharya,IIT Kharagpur,https://nptel.ac.in/courses/117105130
Electronics & Communication Engineering,NOC:Satellite Communication Systems,Prof. Kalyan Kumar Bandyopadhyay,IIT Kharagpur,https://nptel.ac.in/courses/117105131
Electronics & Communication Engineering,NOC:Audio System Engineering,Prof. S. Dasmandal,IIT Kharagpur,https://nptel.ac.in/courses/117105133
Electronics & Communication Engineering,NOC:Design Principles Of RF And Microwave Filters And Amplifiers,Prof. Amitava Bhattacharya,IIT Kharagpur,https://nptel.ac.in/courses/117105138
Electronics & Communication Engineering,NOC:Millimeter Wave Technology,Prof. Mrinal Kanti Mandal,IIT Kharagpur,https://nptel.ac.in/courses/117105139
Electronics & Communication Engineering,NOC:Analog Circuits And Systems Through SPICE Simulation,Prof. Mrigank Sharad,IIT Kharagpur,https://nptel.ac.in/courses/117105147
Electronics & Communication Engineering,Analog IC Design,Dr. Nagendra Krishnapura,IIT Madras,https://nptel.ac.in/courses/117106030
Electronics & Communication Engineering,Coding Theory,Dr. Andrew Thangaraj,IIT Madras,https://nptel.ac.in/courses/117106031
Electronics & Communication Engineering,Semiconductor Device Modeling,Prof. S. Karmalkar,IIT Madras,https://nptel.ac.in/courses/117106033
Electronics & Communication Engineering,VLSI Data Conversion Circuits,Dr. Shanthi Pavan,IIT Madras,https://nptel.ac.in/courses/117106034
Electronics & Communication Engineering,Digital Circuits And Systems,Prof. S. Srinivasan,IIT Madras,https://nptel.ac.in/courses/117106086
Electronics & Communication Engineering,Electronics For Analog Signal Processing - I,Prof. K. Radhakrishna Rao,IIT Madras,https://nptel.ac.in/courses/117106087
Electronics & Communication Engineering,Electronics For Analog Signal Processing - II,Prof. K. Radhakrishna Rao,IIT Madras,https://nptel.ac.in/courses/117106088
Electronics & Communication Engineering,High Speed Devices And Circuits,Prof. K.N. Bhat,IIT Madras,https://nptel.ac.in/courses/117106089
Electronics & Communication Engineering,Principles Of Communication,Prof. V. Venkat Rao,IIT Madras,https://nptel.ac.in/courses/117106090
Electronics & Communication Engineering,NOC:Solid State Devices,Prof. S. Karmalkar,IIT Madras,https://nptel.ac.in/courses/117106091
Electronics & Communication Engineering,VLSI Circuits,Prof. S. Srinivasan,IIT Madras,https://nptel.ac.in/courses/117106092
Electronics & Communication Engineering,NOC:VLSI Technology,Prof. Prof. Nandita Dasgupta,IIT Madras,https://nptel.ac.in/courses/117106093
Electronics & Communication Engineering,Pattern Recognition,Dr. K.Vijayarekha,IIT Madras,https://nptel.ac.in/courses/117106100
Electronics & Communication Engineering,Advanced Logic Synthesis,Dhiraj Taneja,IIT Madras,https://nptel.ac.in/courses/117106109
Electronics & Communication Engineering,ARM Based Development,S.Chandramouleeswaran,IIT Madras,https://nptel.ac.in/courses/117106111
Electronics & Communication Engineering,Embedded Software Testing,MADHUKESHWARA H M,IIT Madras,https://nptel.ac.in/courses/117106112
Electronics & Communication Engineering,Linux Programming & Scripting,Anand Iyer,IIT Madras,https://nptel.ac.in/courses/117106113
Electronics & Communication Engineering,NOC:Digital Circuits And Systems,Prof. Shankar Balachandran,IIT Madras,https://nptel.ac.in/courses/117106114
Electronics & Communication Engineering,NOC:Networks And Systems(Course Sponsored By Aricent),"Prof. Andrew Thangaraj, Prof. C. S. Ramalingam",IIT Madras,https://nptel.ac.in/courses/117106116
Electronics & Communication Engineering,Advanced Antenna Theory,Dr. Amalendu Patnaik,IIT Roorkee,https://nptel.ac.in/courses/117107035
Electronics & Communication Engineering,Analog Circuits,Dr. Pramod Agarwal,IIT Roorkee,https://nptel.ac.in/courses/117107094
Electronics & Communication Engineering,Basic Electronics,Dr. Pramod Agarwal,IIT Roorkee,https://nptel.ac.in/courses/117107095
Electronics & Communication Engineering,Biophotonics,Prof. Manoj Varma,IISc Bangalore,https://nptel.ac.in/courses/117108037
Electronics & Communication Engineering,Circuits For Analog System Design,Prof. M.K. Gunasekaran,IISc Bangalore,https://nptel.ac.in/courses/117108038
Electronics & Communication Engineering,Digital System Design With PLDs And FPGAs,Prof. Kuruvilla Varghese,IISc Bangalore,https://nptel.ac.in/courses/117108040
Electronics & Communication Engineering,Error Correcting Codes,Prof. P. Vijay Kumar,IISc Bangalore,https://nptel.ac.in/courses/117108044
Electronics & Communication Engineering,NOC:Fundamentals Of Micro And Nanofabrication,"Prof. Shankar Selvaraja, Prof. Sushobhan Avasthi",IISc Bangalore,https://nptel.ac.in/courses/102108078
Nanotechnology,"Nano Structured Materials-Synthesis, Properties, Self Assembly And Applications",Prof. A.K. Ganguli,IIT Delhi,https://nptel.ac.in/courses/118102003
Nanotechnology,Nanostructures And Nanomaterials: Characterization And Properties,"Dr. Anandh Subramaniam, Dr. Kantesh Balani",IIT Kanpur,https://nptel.ac.in/courses/118104008
Nanotechnology,Nanobiotechnology,Dr. K. Uma Maheswari,IIT Madras,https://nptel.ac.in/courses/118106019
Nanotechnology,Nanophotonics,Dr. R. Ganapathy,IIT Madras,https://nptel.ac.in/courses/118106021
Nanotechnology,Nanobiotechnology,"Dr. Naveen Kr. Navani, Dr. R. P. Singh",IIT Roorkee,https://nptel.ac.in/courses/118107015
Atmospheric Science,Physics Of Atmosphere And Ocean,Dr. Om P Sharma,IIT Delhi,https://nptel.ac.in/courses/119102007
Atmospheric Science,Introduction To Atmospheric Science,Prof. C. Balaji,IIT Madras,https://nptel.ac.in/courses/119106008
Atmospheric Science,Radiation Heat Transfer,Prof. J. Srinivasan,IISc Bangalore,https://nptel.ac.in/courses/119108004
Atmospheric Science,The Monsoon And Its Variability,Sulochana Gadgil,IISc Bangalore,https://nptel.ac.in/courses/119108006
Environmental Science,NOC:Environmental Geosciences,Prof. Prasoon Kumar Singh,IIT-ISM Dhanbad,https://nptel.ac.in/courses/120105559
Environmental Science,NOC:Climate Change Science,Prof. J.Srinivasan,IISc Bangalore,https://nptel.ac.in/courses/120108558
Environmental Science,Aquatic Biodiversity And Environmental Pollution,Dr. D.S. Durgappa,IISc Bangalore,https://nptel.ac.in/courses/120108002
Environmental Science,Environment Management,Prof. T.V. Ramachandra,IISc Bangalore,https://nptel.ac.in/courses/120108004
Environmental Science,Municipal Solid Waste Management,Prof. T.V. Ramachandra,IISc Bangalore,https://nptel.ac.in/courses/120108005
General,NOC:Introduction To Japanese Language And Culture,Prof. Vatsala Misra,IIT Kanpur,https://nptel.ac.in/courses/121104005
General,NOC:Outcome Based Pedagogic Principles For Effective Teaching,Prof. Shyamal Kumar Das Mandal,IIT Kharagpur,https://nptel.ac.in/courses/121105010
General,NOC:Effective Engineering Teaching In Practice,Prof. G.K. Suraishkumar,IIT Madras,https://nptel.ac.in/courses/121106012
General,NOC:Non-Conventional Energy Resources,Prof. Prathap Haridoss,IIT Madras,https://nptel.ac.in/courses/121106014
General,"Astronomy In Ancient, Medieval And Early Telescopic Era Of India",Prof. Amitabha Ghosh,IIT Kanpur,https://nptel.ac.in/courses/121104006
General,Ayurvedic Inheritance Of India,Dr M. S. Valiathan,IIT Madras,https://nptel.ac.in/courses/121106003
General,NOC:Biology For Engineers And Other Non-Biologists,"Dr. Madhulika Dixit, Prof. G.K. Suraishkumar",IIT Madras,https://nptel.ac.in/courses/121106008
General,NOC:Digital And The Everyday: From Codes To Cloud,"Prof. Amit Prakash, Prof. Bidisha Chaudhuri",IIIT Bangalore,https://nptel.ac.in/courses/121106011
General,NOC:Virtual Reality Engineering,Prof. M Manivannan,IIT Madras,https://nptel.ac.in/courses/121106013
General,NOC:Introduction To Remote Sensing,Prof. Arun K. Saraf,IIT Roorkee,https://nptel.ac.in/courses/121107009
Basic Courses-Sem 1 And 2,Engineering Chemistry I,"Prof. B.L. Tembe, Prof. K. Mangala Sunder",IIT Bombay,https://nptel.ac.in/courses/122101001
Basic Courses-Sem 1 And 2,Engineering Physics II,Prof. D.K. Ghosh,IIT Bombay,https://nptel.ac.in/courses/122101002
Basic Courses-Sem 1 And 2,Mathematics I,Prof. Inder K Rana,IIT Bombay,https://nptel.ac.in/courses/122101003
Basic Courses-Sem 1 And 2,Applied Mechanics,"Prof. R.K. Mittal, Prof. Sanjeev Sanghi",IIT Delhi,https://nptel.ac.in/courses/122102004
Basic Courses-Sem 1 And 2,Environment And Ecology,"Prof. Anuradha Sharma, Prof. V.B. Upadhyay",IIT Delhi,https://nptel.ac.in/courses/122102006
Basic Courses-Sem 1 And 2,Management Science I,Prof. Anuradha Sharma,IIT Delhi,https://nptel.ac.in/courses/122102007
Basic Courses-Sem 1 And 2,Materials Science,Prof. S.K. Gupta,IIT Delhi,https://nptel.ac.in/courses/122102008
Basic Courses-Sem 1 And 2,Numerical Methods And Computation,Prof. S. R. K. Iyengar,IIT Delhi,https://nptel.ac.in/courses/122102009
Basic Courses-Sem 1 And 2,Engineering Physics I (Experiment),"Prof. Alika Khare , Prof. Pratima Agarwal, Prof. S. Ravi",IIT Guwahati,https://nptel.ac.in/courses/122103010
Basic Courses-Sem 1 And 2,Engineering Physics I (Theory),"Prof. Alika Khare , Prof. Pratima Agarwal, Prof. S. Ravi",IIT Guwahati,https://nptel.ac.in/courses/122103011
Basic Courses-Sem 1 And 2,Mathematics III,"Dr. M. Guru Prem Prasad, Prof. Durga C Dalal",IIT Guwahati,https://nptel.ac.in/courses/122103012
Basic Courses-Sem 1 And 2,Basic Biology,Dr. Vishal Trivedi,IIT Guwahati,https://nptel.ac.in/courses/122103039
Basic Courses-Sem 1 And 2,Basic Electronics,"Prof. Joseph John, Prof. Yatindra N Singh",IIT Kanpur,https://nptel.ac.in/courses/122104013
Basic Courses-Sem 1 And 2,Engineering Mechanics,Prof. Manoj K Harbola,IIT Kanpur,https://nptel.ac.in/courses/122104014
Basic Courses-Sem 1 And 2,Engineering Mechanics,Prof. Manoj K Harbola,IIT Kanpur,https://nptel.ac.in/courses/122104015
Basic Courses-Sem 1 And 2,Engineering Physics II,"Prof. S. Raychaudhuri, Prof. V. Ravishankar",IIT Kanpur,https://nptel.ac.in/courses/122104016
Basic Courses-Sem 1 And 2,Mathematics I,"Dr. P. Shunmugaraj, Prof. Shobha Madan, Prof. Swagato K. Ray",IIT Kanpur,https://nptel.ac.in/courses/122104017
Basic Courses-Sem 1 And 2,Mathematics II,"Prof. A.K. Lal, Prof. G. Santhanam, Prof. P. Chandra, Prof. V. Raghavendra",IIT Kanpur,https://nptel.ac.in/courses/122104018
Basic Courses-Sem 1 And 2,Numerical Analysis In Computer Programming,"Prof. M.K. Kadalbajoo, Prof. P.B. Sunil Kumar, Prof. Rathish Kumar, Prof. V. Raghavendra",IIT Kanpur,https://nptel.ac.in/courses/122104019
Basic Courses-Sem 1 And 2,Human Resource Management-I,Prof. Kalyan Chakravarti,IIT Kharagpur,https://nptel.ac.in/courses/122105020
Basic Courses-Sem 1 And 2,NOC:Leadership,"Prof. Kalyan Chakravarti, Prof. Tuheena Mukherjee",IIT Kharagpur,https://nptel.ac.in/courses/122105021
Basic Courses-Sem 1 And 2,Management Information System,Prof. Biswajit Mahanty,IIT Kharagpur,https://nptel.ac.in/courses/122105022
Basic Courses-Sem 1 And 2,Physics I - Oscillations & Waves,Prof. S. Bharadwaj,IIT Kharagpur,https://nptel.ac.in/courses/122105023
Basic Courses-Sem 1 And 2,Strategic Management,Prof. Kalyan Chakravarti,IIT Kharagpur,https://nptel.ac.in/courses/122105024
Basic Courses-Sem 1 And 2,Basic Electronics And Lab,Prof. T.S. Natarajan,IIT Madras,https://nptel.ac.in/courses/122106025
Basic Courses-Sem 1 And 2,Basic Electronics And Lab,Prof. T.S. Natarajan,IIT Madras,https://nptel.ac.in/courses/122106026
Basic Courses-Sem 1 And 2,NOC:Classical Physics,Prof. V. Balakrishnan,IIT Madras,https://nptel.ac.in/courses/122106027
Basic Courses-Sem 1 And 2,Engineering Chemistry I,Prof. K. Mangala Sunder,IIT Madras,https://nptel.ac.in/courses/122106028
Basic Courses-Sem 1 And 2,Engineering Chemistry III,"Prof. K.M. Muraleedharan, Prof. N. Narasimha Murthy, Prof. S. Sankararaman, Prof. Santosh J Gharpure",IIT Madras,https://nptel.ac.in/courses/122106029
Basic Courses-Sem 1 And 2,Environmental Chemistry And Analysis,Prof. M.S. Subramanian,IIT Madras,https://nptel.ac.in/courses/122106030
Basic Courses-Sem 1 And 2,Management Science I,Prof. M. Thenmozhi,IIT Madras,https://nptel.ac.in/courses/122106031
Basic Courses-Sem 1 And 2,Management Science II,Prof. R. Madhumathi,IIT Madras,https://nptel.ac.in/courses/122106032
Basic Courses-Sem 1 And 2,NOC:Numerical Methods And Programing,Prof. P. B. Sunil Kumar,IIT Madras,https://nptel.ac.in/courses/122106033
Basic Courses-Sem 1 And 2,NOC:Quantum Physics,Prof. V. Balakrishnan,IIT Madras,https://nptel.ac.in/courses/122106034
Basic Courses-Sem 1 And 2,Engineering Physics I,"Prof. M. K. Srivastava , Prof. B. K. Patra, Prof. G.D. Verma, Prof. Rajdeep Chatterjee",IIT Roorkee,https://nptel.ac.in/courses/122107035
Basic Courses-Sem 1 And 2,Mathematics II,"Dr. Sunita Gakkhar, Dr. Tanuja Srivastava, Prof. H.G. Sharma",IIT Roorkee,https://nptel.ac.in/courses/122107036
Basic Courses-Sem 1 And 2,Mathematics III,"Dr. Tanuja Srivastava, Prof. P.N. Agrawal",IIT Roorkee,https://nptel.ac.in/courses/122107037
Basic Courses-Sem 1 And 2,Concept Of Management And Evolution Of Management Thought,Prof. K.B. Akhilesh,IISc Bangalore,https://nptel.ac.in/courses/122108038
Mining Engineering,NOC:Drilling And Blasting Technology,Prof. Kaushik Dey,IIT Kharagpur,https://nptel.ac.in/courses/123105003
Mining Engineering,NOC:Network Analysis For Mines And Mineral Engineering,Prof. Kaushik Dey,IIT Kharagpur,https://nptel.ac.in/courses/123105004
Mining Engineering,NOC:Mining Machinery,Prof. Khanindra Pathak,IIT Kharagpur,https://nptel.ac.in/courses/123105005
Mining Engineering,NOC:Mine Automation And Data Analytics,Prof. Radhakanta Koner,IIT-ISM Dhanbad,https://nptel.ac.in/courses/123105442
Mining Engineering,NOC:Mineral Economics And Business,"Prof. Bibhuti Bhusan Mandal, Prof. Shantanu Kumar Patel",IIT Kharagpur,https://nptel.ac.in/courses/123105637
Mining Engineering,NOC:Mechanical And Electrical Systems Of Mining Machines,"Prof. Aurobinda Routray, Prof.Sunita Mishra",IIT Kharagpur,https://nptel.ac.in/courses/123105923
Mining Engineering,Fundamentals Of Environmental Pollution And Control,Prof. J. Bhattacharyya,IIT Kharagpur,https://nptel.ac.in/courses/123105001
Mining Engineering,NOC:Underground Mining Of Metalliferous Deposits,"Prof. Bibhuti Bhusan Mandal, Prof. Kaushik Dey",IIT Kharagpur,https://nptel.ac.in/courses/123105006
Mining Engineering,NOC:Surface Mining Technology,Prof. Kaushik Dey,IIT Kharagpur,https://nptel.ac.in/courses/123105007
Mining Engineering,An Introduction To Underground Mine Environment And Ventilation,Dr. Harsha Vardhan,IIT Madras,https://nptel.ac.in/courses/123106002
Architecture,NOC:Urban Services Planning,Prof. Debapratim Pandit,IIT Kharagpur,https://nptel.ac.in/courses/124105163
Architecture,NOC:Building Energy Systems And Auditing,Prof. Shankha Pratim Bhattacharya,IIT Kharagpur,https://nptel.ac.in/courses/124105552
Architecture,NOC:Urban Informatics,Prof. Debapratim Pandit,IIT Kharagpur,https://nptel.ac.in/courses/124105811
Architecture,NOC:Measures Of Green Urbanism,Prof. Ankhi Banerjee,IIT Kharagpur,https://nptel.ac.in/courses/124105812
Architecture,NOC:Introduction To History Of Architecture In India,Prof. Pushkar Sohoni,IISER Pune,https://nptel.ac.in/courses/124106009
Architecture,NOC:Strategies For Sustainable Design,Prof. Shiva Ji,IIT Hyderabad,https://nptel.ac.in/courses/124106157
Architecture,NOC:Bioclimatic Architecture: Futureproofing With Simple And Advanced Passive Strategies,Prof. Iyer Vijayalaxmi Kasinath,School Of Planning And Architecture,https://nptel.ac.in/courses/124106551
Architecture,NOC:Circular Economy For Sustainable Buildings,Prof. Iyer Vijayalaxmi Kasinath,"School Of Planning And Architecture, Vijayawada",https://nptel.ac.in/courses/124106813
Architecture,NOC:Architectural Thesis,Prof. Vishal Chettry,IIT (BHU) Varanasi,https://nptel.ac.in/courses/124106814
Architecture,NOC:User Interface Design,Prof. Saptarshi Kolay,IIT Roorkee,https://nptel.ac.in/courses/124107008
Architecture,NOC:Disaster Recovery And Build Back Better,"Prof. Ram Sateesh Pasupuleti, Prof. Subhojyothi Samaddar",IIT Roorkee,https://nptel.ac.in/courses/124107010
Architecture,"NOC:Structure, Form And Architecture : The Synergy",Prof. Shubhajit Sadhukhan,IIT Roorkee,https://nptel.ac.in/courses/124107012
Architecture,NOC:Engineering/Architectural Graphics _ Part I _ Orthographic Projection,Prof. Avlokita Agrawal,IIT Roorkee,https://nptel.ac.in/courses/124107157
Architecture,NOC:Engineering/Architectural Graphics – Part II – Isometric And Axonometric Drawings,Prof. Avlokita Agrawal,IIT Roorkee,https://nptel.ac.in/courses/124107159
Architecture,NOC:Environmental Impact Assessment,Prof. Harshit Sosan Lakra,IIT Roorkee,https://nptel.ac.in/courses/124107160
Architecture,NOC:Research Methodology For Planning And Architectural Studies,Prof. Shubhajit Sadhukhan,IIT Roorkee,https://nptel.ac.in/courses/124107338
Architecture,NOC:Modern World Architecture,Prof. P. S. Chani,IIT Roorkee,https://nptel.ac.in/courses/124107815
Architecture,NOC:Urban Ecosystem,Prof. Mahua Mukherjee,IIT Roorkee,https://nptel.ac.in/courses/124107816
Architecture,NOC:Landscape Architecture And Site Planning - Basic Fundamentals,Prof. Uttam Kumar Banerjee,IIT Kharagpur,https://nptel.ac.in/courses/124105001
Architecture,NOC:Architectural Conservation And Historic Preservation,Prof. Sanghamitra Basu,IIT Kharagpur,https://nptel.ac.in/courses/124105003
Architecture,NOC:Architectural Acoustics,"Prof. Shankha Pratim Bhattacharya, Prof. Sumana Gupta",IIT Kharagpur,https://nptel.ac.in/courses/124105004
Architecture,NOC:Building Materials And Composites,Prof. Sumana Gupta,IIT Kharagpur,https://nptel.ac.in/courses/124105013
Architecture,NOC:Environmental Soil Chemistry,Prof. Somsubhra Chakraborty,IIT Kharagpur,https://nptel.ac.in/courses/124105014
Architecture,NOC:Structural System In Architecture,Prof. Sankha Pratim Bhattacharya,IIT Kharagpur,https://nptel.ac.in/courses/124105015
Architecture,NOC:Urban Landuse And Transportation Planning,Prof. Debapratim Pandit,IIT Kharagpur,https://nptel.ac.in/courses/124105016
Architecture,"NOC:Urban Utilities Planning : Water Supply, Sanitation And Drainage",Prof. Debapratim Pandit,IIT Kharagpur,https://nptel.ac.in/courses/124105158
Architecture,NOC:Inclusive Planning And Universal Design,Prof. Haimanti Banerji,IIT Kharagpur,https://nptel.ac.in/courses/124105665
Architecture,NOC:Architectural Approaches To Decarbonization Of Buildings,Prof. Iyer Vijayalaxmi Kasinath,"School Of Planning And Architecture, Vijayawada",https://nptel.ac.in/courses/124106454
Architecture,NOC:Building Materials As A Cornerstone To Sustainability,Prof. Iyer Vijayalaxmi Kasinath,"School Of Planning And Architecture, Vijayawada",https://nptel.ac.in/courses/124106455
Architecture,NOC:Housing Policy & Planning,Prof. Uttam Kumar Roy,IIT Roorkee,https://nptel.ac.in/courses/124107001
Architecture,NOC:Visual Communication Design For Digital Media,Prof. Saptarshi Kolay,IIT Roorkee,https://nptel.ac.in/courses/124107002
Architecture,NOC:Culturally Responsive Built Environments,Prof. Ram Sateesh Pasupuleti,IIT Roorkee,https://nptel.ac.in/courses/124107004
Architecture,NOC:Contemporary Architecture And Design,Prof. Saptarshi Kolay,IIT Roorkee,https://nptel.ac.in/courses/124107005
Architecture,NOC:Role Of Craft And Technology In Interior - Architecture,Prof. Smriti Saraswat,IIT Roorkee,https://nptel.ac.in/courses/124107006
Architecture,NOC:Urban Governance And Development Management (UGDM),Prof. Uttam Kumar Roy,IIT Roorkee,https://nptel.ac.in/courses/124107007
Architecture,NOC:Sustainable Architecture,Prof. Avlokita Agrawal,IIT Roorkee,https://nptel.ac.in/courses/124107011
Architecture,NOC:Introduction To Urban Planning,Prof. Harshit Sosan Lakra,IIT Roorkee,https://nptel.ac.in/courses/124107158
Architecture,NOC:Modern Indian Architecture,Prof. P. S. Chani,IIT Roorkee,https://nptel.ac.in/courses/124107161
Architecture,NOC:International Studies In Vernacular Architecture,"Prof. Melissa Malouf Belz, Prof. Ram Sateesh Pasupuleti, Prof. Yenny Gunawan",IIT Roorkee,https://nptel.ac.in/courses/124107162
Architecture,NOC:Introduction To Interaction Design,Prof. Sonal Atreya,IIT Roorkee,https://nptel.ac.in/courses/124107164
Architecture,NOC:Understanding And Reducing Ghg Emissions – Focus On Scope 1 And 2 Emission Reduction Through Building Design And Construction,Prof. Avlokita Agrawal,IIT Roorkee,https://nptel.ac.in/courses/124107165
Architecture,NOC:Principles And Applications Of Building Science,Prof. E. Rajasekar,IIT Roorkee,https://nptel.ac.in/courses/105107156
Agriculture,NOC:Soil And Water Conservation Engineering,Prof. Rajendra Singh,IIT Kharagpur,https://nptel.ac.in/courses/126105012
Agriculture,NOC:Novel Technologies For Food Processing And Shelf Life Extension,Prof. Hari Niwas Mishra,IIT Kharagpur,https://nptel.ac.in/courses/126105015
Agriculture,NOC:Soil Science And Technology,Prof. Somsubhra Chakraborty,IIT Kharagpur,https://nptel.ac.in/courses/126105016
Agriculture,NOC:Machine Learning For Soil And Crop Management,Prof. Somsubhra Chakraborty,IIT Kharagpur,https://nptel.ac.in/courses/126105021
Agriculture,NOC:Cooling Technology: Why And How Utilized In Food Processing And Allied Industries,Prof. Tridib Kumar Goswami,IIT Kharagpur,https://nptel.ac.in/courses/126105025
Agriculture,NOC:Traction Engineering,Prof. Hifjur Raheman,IIT Kharagpur,https://nptel.ac.in/courses/126105026
Agriculture,NOC:Watershed Hydrology,Prof. Rajendra Singh,IIT Kharagpur,https://nptel.ac.in/courses/126105334
Agriculture,NOC:Water Quality Management Practices,Prof. Gourav Dhar Bhowmick,IIT Kharagpur,https://nptel.ac.in/courses/126105335
Agriculture,NOC:Modern Food Packaging Technologies: Regulatory Aspects And Global Trends,Prof. Prem Prakash Srivastav,IIT Kharagpur,https://nptel.ac.in/courses/126105336
Agriculture,NOC:Basics Of Crop Breeding And Plant Biotechnology,Prof. Joydeep Banerjee,IIT Kharagpur,https://nptel.ac.in/courses/126105337
Agriculture,NOC:Design Of Farm Machinery,Prof. Hifjur Raheman,IIT Kharagpur,https://nptel.ac.in/courses/126105547
Agriculture,NOC:Food Science And Technology,Prof. Hari Niwas Mishra,IIT Kharagpur,https://nptel.ac.in/courses/126105548
Agriculture,NOC:Impact Of Flow Of Fluids In Food Processing And Preservation,"Prof. Kanishka Bhunia, Prof. Tridib Kumar Goswami",IIT Kharagpur,https://nptel.ac.in/courses/126105549
Agriculture,NOC:Food Microbiology For Safe And Sustainable Food Systems,Prof. Prem Prakash Srivastav,IIT Kharagpur,https://nptel.ac.in/courses/126105550
Agriculture,NOC:Crop Modeling And Simulation For Agricultural Production Management (CMSAM),Prof. Dillip Kumar Swain,IIT Kharagpur,https://nptel.ac.in/courses/126105809
Agriculture,NOC:Precision Agriculture,Prof. Kishore Chandra Swain,"Visva Bharati University, Santiniketan",https://nptel.ac.in/courses/126105810
Agriculture,NOC:Natural Resources Management,Prof. Sudip Mitra,IIT Guwahati,https://nptel.ac.in/courses/126103022
Agriculture,NOC:Basic Crop Production Practices (BCPP),"Dr. Sharwan Kumar Shukla, Dr. Vinod Kumar, Prof. J. R. Yadav",IIT Kanpur,https://nptel.ac.in/courses/126104001
Agriculture,NOC:GIS In Ag-Essentials And Applications (GIS),"Dr. R. Nagarajan, Dr. Venkataraman Balaji",IIT Kanpur,https://nptel.ac.in/courses/126104002
Agriculture,NOC:Integrated Pest Management (IPM),"Prof. B.V. Patil, Prof. M. Bheemanna, Prof. Prabhuraj A(Instructor Incharge)",IIT Kanpur,https://nptel.ac.in/courses/126104003
Agriculture,"NOC:Nutrition, Therapeutics And Health (NM)",Dr. V. Vijaya Lakshmi (Instructor Incharge),IIT Kanpur,https://nptel.ac.in/courses/126104004
Agriculture,NOC:Weather Forecast In Agriculture And Agro-Advisory (WF),"Dr. R. Nagarajan, Co Faculty, Dr.T.N.Balasubramanian (Rtd.), Instructor Incharge",IIT Kanpur,https://nptel.ac.in/courses/126104005
Agriculture,NOC:ICT Basics,Prof. T.V. Prabhakar,IIT Kanpur,https://nptel.ac.in/courses/126104006
Agriculture,NOC:MobiMOOC (Audio Course In Hindi),"Dr. Sharwan Kumar Shukla, Dr. Vinod Kumar, Prof. J. R. Yadav",IIT Kanpur,https://nptel.ac.in/courses/126104007
Agriculture,NOC:Momentum Transfer In Process Engineering,Prof. Tridib Kumar Goswami,IIT Kharagpur,https://nptel.ac.in/courses/126105008
Agriculture,NOC:Farm Machinery,Prof. V K Tewari,IIT Kharagpur,https://nptel.ac.in/courses/126105009
Agriculture,NOC:Irrigation And Drainage,Prof. Damodhara Rao Mailapalli,IIT Kharagpur,https://nptel.ac.in/courses/126105010
Agriculture,NOC:Fundamentals Of Food Process Engineering,Prof. Jayeeta Mitra,IIT Kharagpur,https://nptel.ac.in/courses/126105011
Agriculture,NOC:Dairy And Food Process And Products Technology,Prof. Tridib Kumar Goswami,IIT Kharagpur,https://nptel.ac.in/courses/126105013
Agriculture,NOC:Organic Farming For Sustainable Agricultural Production,Prof. Dilip Kumar Swain,IIT Kharagpur,https://nptel.ac.in/courses/126105014
Agriculture,NOC:Thermal Operations In Food Process Engineering: Theory And Applications,Prof. Tridib Kumar Goswami,IIT Kharagpur,https://nptel.ac.in/courses/126105018
Agriculture,NOC:Micro Irrigation Engineering,Prof. Kamlesh Narayan Tiwari,IIT Kharagpur,https://nptel.ac.in/courses/126105019
Agriculture,NOC:Instrumentation And Process Control In Food Industry,Prof. Ashis Kumar Datta,IIT Kharagpur,https://nptel.ac.in/courses/126105020
Agriculture,NOC:Advanced Aquaculture Technology,Prof. Gourav Dhar Bhowmick,IIT Kharagpur,https://nptel.ac.in/courses/126105022
Agriculture,"NOC:Post Harvest Operations And Processing Of Fruits, Vegetables, Spices And Plantation Crop Products",Prof. Hari Niwas Mishra,IIT Kharagpur,https://nptel.ac.in/courses/126105023
Agriculture,NOC:Soil Fertility And Fertilizers,Prof. Somsubhra Chakraborty,IIT Kharagpur,https://nptel.ac.in/courses/126105024
Agriculture,NOC:Food Oils And Fats : Chemistry And Technology,Prof. Hari. Niwas Mishra,IIT Kharagpur,https://nptel.ac.in/courses/126105027
Agriculture,NOC:Operations Research,Prof. Rajendra Singh,IIT Kharagpur,https://nptel.ac.in/courses/126105663
Multidisciplinary,NOC:Introduction To Research (Research Methodology),"Prof. Edamana Prasad, Prof. Prathap Haridoss",IIT Madras,https://nptel.ac.in/courses/121106007
Multidisciplinary,NOC:Designing Learner-Centric MOOCs,"Prof.Jayakrishnan M., Prof.Sahana Murthy, Prof.Sameer Sahasrabudhe, Prof.Sridhar Iyer",IIT Bombay,https://nptel.ac.in/courses/127101010
Multidisciplinary,NOC:Engineering Statistics,Prof. Manjesh Kumar Hanawal,IIT Bombay,https://nptel.ac.in/courses/127101233
Multidisciplinary,NOC:Introduction To Evolutionary Dynamics,Prof. Supreet Saini,IIT Bombay,https://nptel.ac.in/courses/127101592
Multidisciplinary,NOC:Industry 4.0: Managing The Digital Transformation,Prof. Murli Dhar Agrawal,IIT Bombay,https://nptel.ac.in/courses/127101872
Multidisciplinary,NOC:Foundation Certificate In Palliative Care,"Prof. Geeta Joshi, Prof. Piyush Gupta",ICMR-National Institute Of Epidemiology,https://nptel.ac.in/courses/127104233
Multidisciplinary,NOC:Multi-Criteria Decision Making And Applications,Prof. Raghu Nandan Sengupta,IIT Kanpur,https://nptel.ac.in/courses/127104381
Multidisciplinary,NOC:Basic Certificate In Palliative Care - 2,"Prof. Geeta Joshi, Prof. Piyush Gupta, Prof. Yashavant Joshi",INTERNATIONAL INSTITUTE OF DISTANCE LEARNING AN INITIATIVE OF NAPCAIM,https://nptel.ac.in/courses/127104385
Multidisciplinary,NOC:Energy And The Climate Crisis: The Path To Net-Zero Emissions,Prof. Rajeev Jindal,IIT Kanpur,https://nptel.ac.in/courses/127104873
Multidisciplinary,NOC:Fuzzy Logic And Neural Networks,Prof. Dilip Kumar Pratihar,IIT Kharagpur,https://nptel.ac.in/courses/127105006
Multidisciplinary,NOC:Entrepreneurship Essentials,Prof. Manoj Kumar Mondal,IIT Kharagpur,https://nptel.ac.in/courses/127105007
Multidisciplinary,NOC:Roadmap For Patent Creation,Prof. Gouri Gargate,IIT Kharagpur,https://nptel.ac.in/courses/127105008
Multidisciplinary,NOC:Introduction To Environmental Engineering And Science - Fundamental And Sustainability Concepts,Prof. Brajesh K Dubey,IIT Kharagpur,https://nptel.ac.in/courses/127105018
Multidisciplinary,NOC:Biophotonics,Prof. Basudev Lahiri,IIT Kharagpur,https://nptel.ac.in/courses/127105225
Multidisciplinary,NOC:Basics Of Mental Health & Clinical Psychiatry,"Prof. Arijita Banerjee, Prof. Sumit Kumar",IIT Kharagpur,https://nptel.ac.in/courses/127105233
Multidisciplinary,NOC:Introduction To Reliability Engineering,Prof. Neeraj Kumar Goyal,IIT Kharagpur,https://nptel.ac.in/courses/127105234
Multidisciplinary,NOC:Nanobio Technology Enabled Point-Of-Care Devices,Prof. Gorachand Dutta,IIT Kharagpur,https://nptel.ac.in/courses/127105235
Multidisciplinary,NOC:An Introduction To Urban Ecological Heritage: Theories And Applications,Prof. Jenia Mukherjee,IIT Kharagpur,https://nptel.ac.in/courses/127105382
Multidisciplinary,NOC:Experimental Robotics,Prof. Dilip Kumar Pratihar,IIT Kharagpur,https://nptel.ac.in/courses/127105386
Multidisciplinary,NOC:Medical Law,"Prof. Chaitanya Mittal, Prof. Narendran Thiruthy",IIT Kharagpur,https://nptel.ac.in/courses/127105388
Multidisciplinary,"NOC:An Overview On Maternal Health Antenatal, Intranatal And Postnatal Care",Prof. Barnali Ghosh,IIT Kharagpur,https://nptel.ac.in/courses/127105389
Multidisciplinary,NOC:Recommender Systems,Prof. Mamata Jenamani,IIT Kharagpur,https://nptel.ac.in/courses/127105390
Multidisciplinary,NOC:Comprehensive Molecular Diagnostics And Advanced Gene Expression Analysis,"Prof. Arindam Ghosh, Prof. Aritri Bir",IIT Kharagpur,https://nptel.ac.in/courses/127105391
Multidisciplinary,NOC:Sustainable Mining And Geoinformation,"Prof. B. K. Prusty, Prof. M. D. Behera",IIT Kharagpur,https://nptel.ac.in/courses/127105593
Multidisciplinary,"NOC:Climate Risk, Adaptation And Sustainable Development",Prof. MD Behera,IIT Kharagpur,https://nptel.ac.in/courses/127105874
Multidisciplinary,NOC:Research Methodology In Natural Sciences,Prof. Soumitro Banerjee,IISER Kolkata,https://nptel.ac.in/courses/127106227
Multidisciplinary,NOC:Management Of Medical Emergencies In Dental Practice,Multifaculty,Tagore Dental College & Hospital & IITM,https://nptel.ac.in/courses/127106228
Multidisciplinary,NOC:Basic Course In Ornithology,Prof. Mousumi Ghosh Prof. Manjari Jain Prof. R Jayapal Prof. Suhel Quader Prof. V.V. Robin Prof. Umesh Srinivasan,NCF IISER Mohali SACON IISER Pune NCF IISER Tirupati IISc,https://nptel.ac.in/courses/127106229
Multidisciplinary,NOC:Saveetha Dental College And Hospitals: Oral Biology,Prof. Ramya And Team,Saveetha Dental College & IITM,https://nptel.ac.in/courses/127106230
Multidisciplinary,NOC:One Health,Multi Faculty,"ICMR - Regional Medical Research Centre, Bhubaneswar",https://nptel.ac.in/courses/127106233
Multidisciplinary,NOC:Vulnerability Studies: An Introduction,Prof. Pramod K Nayar,University Of Hyderabad,https://nptel.ac.in/courses/127106383
Multidisciplinary,NOC:Pulmonary Function Tests - Interpretation And Application In Clinical Practice,Multifaculty,Chettinad Hospital And Research Institute,https://nptel.ac.in/courses/127106384
Multidisciplinary,NOC:Local Anaesthesia In Dentistry,"Dr.Elavenil Panneerselvam, Prof. Ashi Chug, Prof. Bhagvandas Rai, Prof. Kannan Balaraman, Prof. Madan Mishra, Prof. Ramakrishna Shenoi, Prof. S. Jimson, Prof. Sobhan Mishra",Multi-Institute,https://nptel.ac.in/courses/127106648
Multidisciplinary,NOC:Social Theory: Concepts And Debates,Prof. Anu Sabhlok,IISER Mohali,https://nptel.ac.in/courses/127106875
Multidisciplinary,NOC:Environmental Planning And Management,Prof. Sonal K. Thengane,IIT Roorkee,https://nptel.ac.in/courses/127107876
Multidisciplinary,NOC:Fundamentals Of Ecology,"Prof. Kartik Shanker, Prof. Kavita Isvaran, Prof. Maria Thaker, Prof. Saskya Van Nouhuys, Prof. Umesh Srinivasan, Prof. Vishwesha Guttal",IISc Bangalore,https://nptel.ac.in/courses/127108591
Multidisciplinary,NOC:Assessment Of Student Performance,"Prof. N. J. Rao, Prof. R. Chandrashekar, Prof. Shilpi Banerjee",IIIT Bangalore Azim Premji University IISc Bangalore,https://nptel.ac.in/courses/127108871
Multidisciplinary,NOC:Qualitative Research Methods And Research Writing,Prof. Aradhna Malik,IIT Kharagpur,https://nptel.ac.in/courses/109105115
Multidisciplinary,NOC:Health Research Fundamentals,Prof. P. Manickam,ICMR-National Institute Of Epidemiology,https://nptel.ac.in/courses/109106095
Multidisciplinary,NOC:Game Theory,Prof.K.S. Mallikarjuna Rao,IIT Bombay,https://nptel.ac.in/courses/110101133
Multidisciplinary,NOC:Bandit Algorithm (Online Machine Learning),Prof. Manjesh Hanawal,IIT Bombay,https://nptel.ac.in/courses/110101145
Multidisciplinary,NOC:Risk-Based Engineering,Prof. Prabhakar V Varde,Homi Bhabha National Institute,https://nptel.ac.in/courses/121101490
Multidisciplinary,NOC:Carbon Accounting And Sustainable Designs In Product Lifecycle Management,"Prof. Amandeep Singh Oberoi, Prof. Deepu Philip, Prof. Prabal Pratap Singh",IIT Kanpur,https://nptel.ac.in/courses/121104452
Multidisciplinary,NOC:Technical Communications For Engineers,Prof. Arun K. Saraf,IIT Roorkee,https://nptel.ac.in/courses/121107451
Multidisciplinary,NOC:Biomedical Ultrasound: Fundamentals Of Imaging And Micromachined Transducers,"Prof. Hardik J. Pandya, Prof. Himanshu Shekhar, Prof. Karla P. Mercado-Shekhar",IIT Gandhinagar,https://nptel.ac.in/courses/121108458
Multidisciplinary,NOC:Introduction To Learning Analytics,Prof. Ramkumar Rajendran,IIT Bombay,https://nptel.ac.in/courses/127101012
Multidisciplinary,NOC:Designing Learner-Centric E-Learning In STEM Disciplines,Prof. Sahana Murthy,IIT Bombay,https://nptel.ac.in/courses/127101013
Multidisciplinary,"NOC:Sustainable And Affordable Sanitation Solutions For Small Towns: Policy, Planning And Practice",Prof. N. C. Narayanan,IIT Bombay,https://nptel.ac.in/courses/127101014
Multidisciplinary,NOC:Intelligent Feedback And Control,Prof. Leena Vachhani,IIT Bombay,https://nptel.ac.in/courses/127101530
Multidisciplinary,NOC:Risk-Conscious Operations Management (RCOM),Prof. Prabhakar V. Varde,Homi Bhabha National Institute,https://nptel.ac.in/courses/127101744
Multidisciplinary,NOC:Similitude And Approximations In Engineering,Vijay Gupta,IIT Delhi,https://nptel.ac.in/courses/127102236
Multidisciplinary,NOC:Fundamental Of Fluid Mechanics For Chemical And Biomedical Engineers,Prof. Raghvendra Gupta,IIT Guwahati,https://nptel.ac.in/courses/127103225
Multidisciplinary,NOC:Sustainable Power Generation Systems,Prof. Pankaj Kalita,IIT Guwahati,https://nptel.ac.in/courses/127103236
Multidisciplinary,NOC:Certificate In Integrative Palliative Care - 3,"Prof. Geeta Joshi, Prof. Piyush Gupta, Prof. Yashavant Joshi",INTERNATIONAL INSTITUTE OF DISTANCE LEARNING AN INITIATIVE OF NAPCAIM,https://nptel.ac.in/courses/127104590
Multidisciplinary,NOC:Artificial Intelligence In Industrial And Management Engineering,"Prof. Deepu Philip, Prof. Prabal Pratap Singh",IIT Kanpur,https://nptel.ac.in/courses/127104664
Multidisciplinary,NOC:Introduction To Infrastructure Asset Management,"Prof. Chirag Kothari, Prof. Sudhir Misra",IIT Kanpur,https://nptel.ac.in/courses/127104777
Multidisciplinary,NOC:Accreditation And Outcome Based Learning,"Prof. AK Ray (Retd.), Prof. Sk Das Mandal",IIT Kharagpur,https://nptel.ac.in/courses/127105017
Multidisciplinary,NOC:Vacuum Technology & Process Application,Prof. V. Vasudeva Rao,IIT Kharagpur,https://nptel.ac.in/courses/127105231
Multidisciplinary,NOC:Basics Of Health Promotion And Education Intervention,"Prof. Arista Lahiri, Prof. Chandrasekhar Taklikar, Prof. Madhumita Dobe, Prof. Sweety Suman Jha",IIT Kharagpur,https://nptel.ac.in/courses/127105232
Multidisciplinary,NOC:Adolescent Health And Well-Being : A Holistic Approach,"Prof. Parmeshwar Satpathy, Prof. Sumana Samanta",IIT Kharagpur,https://nptel.ac.in/courses/127105236
Multidisciplinary,NOC:Research Methods In Health Promotion,"Prof. Madhumita Dobe, Prof. Arista Lahiri, Prof. Sweety Suman Jha",IIT Kharagpur,https://nptel.ac.in/courses/127105237
Multidisciplinary,NOC:Thin Film Technology,Prof. Samit K Ray,IIT Kharagpur,https://nptel.ac.in/courses/127105531
Multidisciplinary,NOC:An Integrated Approach To Common Childhood Diseases And Developmental Disorders In India,"Prof. Nabarun Karmakar, Prof. Parama Banerjee, Prof. Soumi Kundu",IIT Kharagpur,https://nptel.ac.in/courses/127105532
Multidisciplinary,NOC:Essential Neuroscience: A Beginners Guide,Prof. Basudev Lahiri,IIT Kharagpur,https://nptel.ac.in/courses/127105779
Multidisciplinary,NOC:Neuroscience Of Human Movements,Prof. Varadhan,IIT Madras,https://nptel.ac.in/courses/127106001
Multidisciplinary,NOC:Manage TB,"Prof. Dina Nair, Prof. Manoj Murhekar",ICMR-NIRT,https://nptel.ac.in/courses/127106003
Multidisciplinary,NOC:Ecology And Environment,"Dr. Abhijit P. Deshpande, Prof. R. Ravi Krishna",IIT Madras,https://nptel.ac.in/courses/127106004
Multidisciplinary,NOC:Current Regulatory Requirements For Conducting Clinical Trials In India,"Prof. A. B. Ramteke, Prof. Nandini K. Kumar, Prof. Sucheta Banerjee Kurundkar",CDSA THSTI DBT,https://nptel.ac.in/courses/127106009
Multidisciplinary,NOC:Regulatory Requirements For Medical Devices And IVDs In India,"Prof. A. B. Ramteke, Prof. Malay Mitra",CDSA THSTI DBT,https://nptel.ac.in/courses/127106010
Multidisciplinary,NOC:Numerical Methods For Engineers,Prof. Niket Kaisare,IIT Madras,https://nptel.ac.in/courses/127106019
Multidisciplinary,NOC:Basic Course In Biomedical Research,Dr. Manoj V Murhekar,ICMR-National Institute Of Epidemiology,https://nptel.ac.in/courses/127106134
Multidisciplinary,NOC:Regulatory Requirements For Medical Devices Including In Vitro Diagnostics In India (Version 2.0),"Late Shri Arun Kumar B. Ramteke, Prof. Aseem Sahu, Prof. Malay Mitra",CDSCO Ministry Of Health & Family Welfare Former DDC(I) CDSCO CDSA THSTI DBT,https://nptel.ac.in/courses/127106136
Multidisciplinary,NOC:Current Regulatory Requirements For Conducting Clinical Trials In India For Investigational New Drugs/New Drug (Version 3.0),"Late Shri Arun Kumar B. Ramteke, Prof. Atul Juneja, Prof. D. K. Sable, Prof. M. Vishnu V. Rao, Prof. Mohua Maulik, Prof. Nandini K. Kumar, Prof. Neha Chawla, Prof. Rubina Bose, Prof. Tulsi Adhikari, Prof. Y. K. Gupta",CDSA THSTI DBT,https://nptel.ac.in/courses/127106137
Multidisciplinary,NOC:Model Predictive Control: Theory And Applications,Prof. Niket Kaisare,IIT Madras,https://nptel.ac.in/courses/127106225
Multidisciplinary,NOC:Introduction To Biomimicry,"Prof. Mrinalini, Prof. Satya Seshadri, Prof. Shiva Subramaniam, Prof. Sivakumar Srinivasan",IIT Madras,https://nptel.ac.in/courses/127106231
Multidisciplinary,NOC:Electrocardiogram - Interpretation And Application In Clinical Practice,Prof. Brinda Srinivasagopalane & Team,Chettinad Hospital And Research Institute,https://nptel.ac.in/courses/127106232
Multidisciplinary,"NOC:Canning Technology, Value Addition Of Seafood (Fish Processing)","Prof. Abhilash Sasidharan, Prof. Maya Raman",KUFOS Panangad,https://nptel.ac.in/courses/127106236
Multidisciplinary,NOC:Food Packaging Technology,"Prof. Jenny Ann John, Prof. Maya Raman",KUFOS Panangad,https://nptel.ac.in/courses/127106237
Multidisciplinary,NOC:Making Learning Engaging Through Interactive Games,Prof. Kartic Vaidyanathan,IIT Madras,https://nptel.ac.in/courses/127106533
Multidisciplinary,NOC:Intellectual Property Portfolio Management,Prof. Rajat Agrawal,IIT Roorkee,https://nptel.ac.in/courses/127107502
Multidisciplinary,NOC:Electrochemical And Economic Aspects Of Hydrogen Energy,"Prof. Amit C. Bhosale, Prof. Pratham Arora",IIT Roorkee,https://nptel.ac.in/courses/127107729
Multidisciplinary,NOC:Teaching And Learning In Engineering (TALE),Prof. N J Rao,IISc Bangalore,https://nptel.ac.in/courses/127108005
Multidisciplinary,NOC:Teaching And Learning In General Programs: TALG,Prof. N.J. Rao,IISc Bangalore,https://nptel.ac.in/courses/127108015
Multidisciplinary,NOC:(TALE 2: Course Design And Instruction Of Engineering Courses),"Prof K Rajani Kanth, Prof. N.J. Rao",IISc Bangalore,https://nptel.ac.in/courses/127108016
Multidisciplinary,NOC:NBA Accreditation And Teaching - Learning In Engineering (NATE),"Prof. K. Rajanikanth, Prof. N J Rao",IISc Bangalore,https://nptel.ac.in/courses/127108135
Multidisciplinary,NOC:Machine Learning For Core Engineering Disciplines,Prof. Ananth Govind Rajan,IISc Bangalore,https://nptel.ac.in/courses/127108778
Multidisciplinary,NOC:OBE And Accreditation,"Prof. K. Rajanikanth, Prof. N. J. Rao","IISc Bangalore, MSRIT",https://nptel.ac.in/courses/127108780
Multidisciplinary,NOC:Instruction For Good Learning,"Prof. K. Rajanikanth, Prof. N. J. Rao, Prof. R. Chandrashekar","IISc Bangalore, MSRIT, IIIT Bangalore",https://nptel.ac.in/courses/127108781
Multidisciplinary,NOC:Wild Life Ecology,Prof. Ankur Awadhiya,IIT Kanpur,https://nptel.ac.in/courses/102104073
Multidisciplinary,NOC:Conservation Geography,Prof. Ankur Awadhiya,IIT Kanpur,https://nptel.ac.in/courses/102104088
Multidisciplinary,NOC:Learning Analytics Tools,Prof. Ramkumar Rajendran,IIT Bombay,https://nptel.ac.in/courses/106101224
Multidisciplinary,NOC:Fundamentals Of Artificial Intelligence,Prof. Shyamanta M. Hazarika,IIT Guwahati,https://nptel.ac.in/courses/112103280
Multidisciplinary,NOC:Solar Energy Engineering And Technology,Prof. Pankaj Kalita,IIT Guwahati,https://nptel.ac.in/courses/115103123
Special Series,"ACM Summer School On Graph Theory And Graph Algorithms,2018 - Coimbatore",,IIT Madras,https://nptel.ac.in/courses/128106001
Special Series,"ACM Summer School In Data Science,2018 - Goa",,IIT Madras,https://nptel.ac.in/courses/128106002
Special Series,"Topics In Theoretical Computer Science,2018 - Chennai Mathematical Institute",,IIT Madras,https://nptel.ac.in/courses/128106003
Special Series,"Researching Anglo-Indians In India And The Diaspora,2018 - Chennai",,IIT Madras,https://nptel.ac.in/courses/128106004
Special Series,"DRAVIDIAN TEMPLE ARCHITECTURE & CONSTRUCTION TECHNIQUES,2018 - Chennai",,IIT Madras,https://nptel.ac.in/courses/128106005
Special Series,"ACM Summer School In Information Security And Forensics, 2018 - Bangalore",,IIT Madras,https://nptel.ac.in/courses/128106006
Special Series,"ACM Summer School On Algorithmic Game Theory,2019 - IIT Gandhinagar",,IIT Madras,https://nptel.ac.in/courses/128106007
Special Series,"ACM Summer School On Graph Theory And Graph Algorithms,2019 - Calicut",,IIT Madras,https://nptel.ac.in/courses/128106008
Special Series,"ACM Summer School On Compiler Design And Construction,2019 - Pune",,IIT Madras,https://nptel.ac.in/courses/128106009
Special Series,"ACM Summer School On Geometric Algorithms And Their Applications,2019 - Bhubaneswar",,IIT Madras,https://nptel.ac.in/courses/128106010
Special Series,"ACM Summer School On Algorithmic And Theoretical Aspects Of Machine Learning,2019 - Bangalore",,IIT Madras,https://nptel.ac.in/courses/128106011
Special Series,ACM Winter School On Hybrid Cloud,,IIT Madras,https://nptel.ac.in/courses/128106012
Special Series,ACM - Indian Summer School On Programming Languages: Principles & Practice - Pune,,IIT Madras,https://nptel.ac.in/courses/128106013
Special Series,ACM Winter School 2019 On High Performance Computing (HPC) IIT Kanpur,,IIT Madras,https://nptel.ac.in/courses/128106014
Special Series,Thermodynamics Of Materials,Prof. Sir H. K. D. H. Bhadeshia,IIT Kharagpur,https://nptel.ac.in/courses/128106015
Special Series,ACM India Summer School On Program Execution - IIT GOA 2021,,IIT Madras,https://nptel.ac.in/courses/128106017
Special Series,ACM India Summer School On IoT And Embedded Systems - ACM Summer School On Compilers/PL 2021,,IIT Madras,https://nptel.ac.in/courses/128106018
Special Series,ACM Summer School On Shape Modelling,,IIT Madras,https://nptel.ac.in/courses/128106019
Special Series,ACM India Summer School On Shape Modelling Hosted By IIIT Delhi,,IIT Madras,https://nptel.ac.in/courses/128106020
Special Series,ACM India Winter School On Digital Trust By IITB Trust Lab,,IIT Bombay,https://nptel.ac.in/courses/128106021
Special Series,"ACM_Winter School On Design, Implementation, And Verification Of Computer Systems",,IIT Madras,https://nptel.ac.in/courses/128106032
Special Series,"Topics In Theoretical Computer Science,2023 - Chennai Mathematical Institute",,IIT Madras,https://nptel.ac.in/courses/128106033
Special Series,NPTEL Special Lectures Series,,IIT Madras,https://nptel.ac.in/courses/128106143
Special Series,ACM India Summer School On IoT And Embedded Systems,,IIT Madras,https://nptel.ac.in/courses/128108016
Special Series,"ACM India Summer School On Algorithms For Data Science, Amrita Vishwa Vidyapeetham - Coimbatore 2023",,IIT Madras,https://nptel.ac.in/courses/128108017
Special Series,ACM India Summer School On Cybersecurity For Women Sri Sivasubramaniya Nadar College Of Engineering - Chennai,,IIT Madras,https://nptel.ac.in/courses/128108018
Special Series,ACM Winter Schools _ Cryptography And Cybersecurity VIT Vellore _ 2023,,IIT Madras,https://nptel.ac.in/courses/128108019
Special Series,ACM Winter School On Network Science Dec 2023 Ahmedabad University,,IIT Madras,https://nptel.ac.in/courses/128108020
Special Series,"ACM Winter School On Resent Trends In AI&ML Dec 2023 IIT,Patna",,IIT Madras,https://nptel.ac.in/courses/128108021
Special Series,ACM India Pingala Interactions In Computing (PIC) 2024,,IIT Madras,https://nptel.ac.in/courses/128108022
Special Series,ACM INDIA ARCS 2024,,IIT Madras,https://nptel.ac.in/courses/128108023
Special Series,ACM INDIA Annual Event 2024,,IIT Madras,https://nptel.ac.in/courses/128108024
Special Series,Full-Stack Networking (FSN) - ACM INDIA Winter School,,IIT Madras,https://nptel.ac.in/courses/128108025
Law,NOC:IP Management & Technology Transfer,Prof. Gouri Gargate,IIT Kharagpur,https://nptel.ac.in/courses/129105007
Law,NOC:International Trade Law,Prof. Raju KD,IIT Kharagpur,https://nptel.ac.in/courses/129105409
Law,NOC:Centre-State Relations In India,Prof. Uday Shankar,IIT Kharagpur,https://nptel.ac.in/courses/129105410
Law,NOC:Directive Principles Of State Policy And Fundamental Duties: Constitutional Imperative,Prof. Uday Shankar,IIT Kharagpur,https://nptel.ac.in/courses/129105608
Law,"NOC:Advanced Contracts, Tendering And Public Procurement",Prof. Sairam Bhat,NLSIU,https://nptel.ac.in/courses/129106006
Law,NOC:Constitution Law And Public Administration In India,Prof. Sairam Bhat,IIT Madras,https://nptel.ac.in/courses/129106411
Law,NOC:Internet Crimes And Cyber Security,"Prof. B Md Irfan, Prof. K.V.K Santhy",NALSAR University Of Law,https://nptel.ac.in/courses/129106894
Law,NOC:Energy Law,Prof. Rosmy Joan,NALSAR University Of Law,https://nptel.ac.in/courses/129106895
Law,NOC:Legal Essentials For Human Resource Management,Prof. Ameesh Samalopanan,NALSAR University Of Law,https://nptel.ac.in/courses/129106896
Law,NOC:Trademark Law,Prof. Sourabh Bharti,NALSAR University Of Law,https://nptel.ac.in/courses/129106897
Law,NOC:Introduction To Law On Electricity,Prof. Uday Shankar,IIT Kharagpur,https://nptel.ac.in/courses/129105004
Law,NOC:Legal And Regulatory Issues In Biotechnology,Prof. Niharika Sahoo Bhattacharya,IIT Kharagpur,https://nptel.ac.in/courses/129105005
Law,NOC:New Labour Codes Of India,Prof. Raju KD,IIT Kharagpur,https://nptel.ac.in/courses/129105006
Law,"NOC:Biodiversity Protection , Farmers And Breeders Rights","Prof. Narendran Thiruthy, Prof. Padmavati Manchikanti",IIT Kharagpur,https://nptel.ac.in/courses/129105008
Law,NOC:Intellectual Property Disputes: Court Practices And Enforcement,Prof. Gouri Gargate,IIT Kharagpur,https://nptel.ac.in/courses/129105504
Law,NOC:Legal And Regulatory Compliance For Small And Medium Business Enterprises,Prof. Raju KD,IIT Kharagpur,https://nptel.ac.in/courses/129105674
Law,NOC:Right To Information And Good Governance,Prof. Sairam Bhat,National Law School Of India University,https://nptel.ac.in/courses/129106001
Law,NOC:Constitution Of India And Environmental Governance: Administrative And Adjudicatory Process,"Prof. M. K. Ramesh, Prof. Sairam Bhat",National Law School Of India University,https://nptel.ac.in/courses/129106002
Law,NOC:Constitutional Studies,Prof. Sudhir Krishnaswamy,National Law School Of India University,https://nptel.ac.in/courses/129106003
Law,NOC:Conflict Management Through Mediation,Prof. Ashok R. Patil,National University Of Study And Research In Law,https://nptel.ac.in/courses/129106008
Law,NOC:Insolvency And Bankruptcy Law In India,Prof. A Sridhar,NALSAR University Of Law,https://nptel.ac.in/courses/129106746
Law,NOC:International Investment Law And The Environment,Prof. Eluckiaa A,NALSAR University Of Law,https://nptel.ac.in/courses/129106747
Law,"NOC:Artificial Intelligence, Law And Justice",Prof. Krishna Ravi Srinivas,NALSAR University Of Law,https://nptel.ac.in/courses/129106748
Law,NOC:Copyright And Related Rights Law,Prof. Rohan Cherian Thomas,NALSAR University Of Law,https://nptel.ac.in/courses/129106749
Law,NOC:Basic Course On Indian Constitution In Telugu,"Prof. Srikrishna Deva Rao, Prof. Vasanthi Nimushakavi",NALSAR University Of Law,https://nptel.ac.in/courses/129106750
Economics,NOC:Microfoundations Of Macroeconomics,Prof. Wasim Ahmad,IIT Kanpur,https://nptel.ac.in/courses/130104114
Economics,NOC:Introduction To Commercial Banking And Fintech,Prof. Wasim Ahmad,IIT Kanpur,https://nptel.ac.in/courses/130104859
Economics,NOC:Foundational Course: Economics Of Education,Prof. Shyamsundar Bairagya,"Visva Bharati University, Santiniketan",https://nptel.ac.in/courses/130105860
Economics,NOC:Introduction To Econometrics,Prof. Sabuj Kumar Mandal,IIT Madras,https://nptel.ac.in/courses/130106001
Economics,NOC:Economics Of Public Policy,Prof. Debdulal Saha,IISER Mohali,https://nptel.ac.in/courses/130106861
Economics,NOC:Health Economics,Prof. Pratap C. Mohanty,IIT Roorkee,https://nptel.ac.in/courses/130107369
Economics,NOC:Foundations Of Accounting & Finance,Prof. Arun Kumar Gopalaswamy,IIT Madras,https://nptel.ac.in/courses/110106368
Economics,NOC:Introduction To Microeconomics In Hindi And Without Calculus,Prof. Vimal Kumar,IIT Kanpur,https://nptel.ac.in/courses/130104115
Economics,NOC:Economics Of Banking And Finance Markets,Prof. Sukumar Vellakkal,IIT Kanpur,https://nptel.ac.in/courses/130104116
Economics,NOC:Economic Environment And Business Strategy,Prof. Sukumar Vellakkal,IIT Kanpur,https://nptel.ac.in/courses/130104711
Economics,NOC:Environmental & Resource Economics,Prof. Sabuj Kumar Mandal,IIT Madras,https://nptel.ac.in/courses/130106113
Economics,NOC:Spatial Statistics And Spatial Econometrics,Prof. Gaurav Arora,IIIT Delhi,https://nptel.ac.in/courses/130106115
Economics,NOC:Economics Of Innovation,Prof. Ruchi Sharma,IIT Indore,https://nptel.ac.in/courses/130106117
Economics,NOC:Principles Of Economics,Prof. Sabuj Kumar Mandal,IIT Madras,https://nptel.ac.in/courses/130106118
Economics,NOC:Labour Economics-Theory And Practice,Prof. Falguni Pattanaik,IIT Roorkee,https://nptel.ac.in/courses/130107476
